year,appeal_number,use_variance,dimensional_variance,confidence,reason
2020,39575,False,False,low,No clear pattern matched
2020,39584,False,False,low,No clear pattern matched
2020,39585,False,True,medium,Dimensional: Roof deck
2020,39598,True,False,high,Use: Childcare use
2020,39599,True,False,high,Use: Multi-family use
2020,39600,False,False,low,No clear pattern matched
2020,39603,True,True,medium,Both: Multi-family use + Addition (height/size)
2020,39606,False,True,medium,Dimensional: Parking spaces
2020,39608,True,False,high,Use: Multi-family use
2020,39609,True,False,high,Use: Multi-family use
2020,39610,True,False,high,Use: Multi-family use
2020,39611,True,True,medium,Both: Permit for use + Parking spaces
2020,39612,False,False,low,No clear pattern matched
2020,39616,True,True,medium,Both: Multi-family use + Roof deck
2020,39617,True,False,high,Use: Office use
2020,39618,False,True,medium,Dimensional: Roof deck
2020,39619,False,False,low,No clear pattern matched
2020,39620,False,False,low,No clear pattern matched
2020,39621,False,False,low,No clear pattern matched
2020,39624,True,False,high,Use: Permit for use
2020,39627,True,False,high,Use: Business use
2020,39628,True,False,high,Use: Business use
2020,39629,True,False,high,Use: Multi-family use
2020,39634,True,True,medium,Both: Multi-family use + Roof deck
2020,39635,False,True,medium,Dimensional: Roof deck
2020,39638,True,False,high,Use: Permit for use
2020,39640,True,False,high,Use: Multi-family use
2020,39642,False,True,medium,Dimensional: Roof deck
2020,39643,False,False,low,No clear pattern matched
2020,39644,False,True,medium,Dimensional: Addition (height/size)
2020,39645,True,False,high,Use: Multi-family use
2020,39646,False,False,low,No clear pattern matched
2020,39647,False,True,medium,Dimensional: Roof deck
2020,39648,False,False,low,No clear pattern matched
2020,39650,True,False,high,Use: Multi-family use
2020,39651,False,False,low,No clear pattern matched
2020,39652,False,True,medium,Dimensional: Parking spaces
2020,39653,True,False,high,Use: Restaurant use
2020,39655,True,False,high,Use: Multi-family use
2020,39657,True,False,high,Use: Retail use
2020,39658,True,False,high,Use: Multi-family use
2020,39659,False,True,medium,Dimensional: Roof deck
2020,39660,True,True,medium,Both: Multi-family use + Roof deck
2020,39661,False,False,low,No clear pattern matched
2020,39662,False,False,low,No clear pattern matched
2020,39665,True,True,medium,Both: Multi-family use + Roof deck
2020,39666,False,False,low,No clear pattern matched
2020,39667,True,True,medium,Both: Multi-family use + Roof deck
2020,39669,True,True,medium,Both: Multi-family use + Roof deck
2020,39672,False,True,medium,Dimensional: Roof deck
2020,39679,True,False,high,Use: Multi-family use
2020,39680,False,True,medium,Dimensional: Parking spaces
2020,39683,True,False,high,Use: Permit for use
2020,39686,True,False,high,Use: Office use
2020,39688,True,False,high,Use: Permit for use
2020,39687,True,True,medium,Both: Multi-family use + Side yard setback
2020,39684,True,False,high,Use: Retail use
2020,39685,True,False,high,Use: Multi-family use
2020,39689,True,False,high,Use: Multi-family use
2020,39690,True,False,high,Use: Multi-family use
2020,39691,False,True,medium,Dimensional: Addition (height/size)
2020,39692,False,True,medium,Dimensional: Parking spaces
2020,39693,False,False,low,No clear pattern matched
2020,39694,False,False,low,No clear pattern matched
2020,39695,True,True,medium,Both: Multi-family use + Parking spaces
2020,39697,True,False,high,Use: Office use
2020,39700,True,False,high,Use: Multi-family use
2020,39707,False,True,medium,Dimensional: Parking spaces
2020,39708,True,True,medium,Both: Office use + Parking spaces
2020,39709,True,False,high,Use: Restaurant use
2020,39710,True,False,high,Use: Multi-family use
2020,39711,True,False,high,Use: Multi-family use
2020,39712,True,False,high,Use: Multi-family use
2020,39714,False,True,medium,Dimensional: Addition (height/size)
2020,39715,False,True,medium,Dimensional: Parking spaces
2020,39716,False,True,medium,Dimensional: Parking spaces
2020,39717,False,False,low,No clear pattern matched
2020,39718,False,True,medium,Dimensional: Parking spaces
2020,39719,True,False,high,Use: Commercial use
2020,39727,False,False,low,No clear pattern matched
2020,39728,True,False,high,Use: Multi-family use
2020,39747,False,False,low,No clear pattern matched
2020,39748,True,False,high,Use: Multi-family use
2020,39749,True,False,high,Use: Permit for use
2020,39750,False,False,low,No clear pattern matched
2020,39751,True,True,medium,Both: Commercial use + Roof deck
2020,39752,True,False,high,Use: Multi-family use
2020,39753,True,True,medium,Both: Permit for use + Parking spaces
2020,39817,False,False,low,No clear pattern matched
2020,39818,True,False,high,Use: Permit for use
2020,39819,False,False,low,No clear pattern matched
2020,39820,True,False,high,Use: Multi-family use
2020,39754,False,False,low,No clear pattern matched
2020,39822,True,False,high,Use: Restaurant use
2020,39823,True,False,high,Use: Multi-family use
2020,39825,False,True,medium,Dimensional: Roof deck
2020,39826,False,False,low,No clear pattern matched
2020,39827,True,True,medium,Both: Office use + Lot line (lot size)
2020,39828,False,True,medium,Dimensional: Roof deck
2020,39829,False,False,low,No clear pattern matched
2020,39824,False,True,medium,Dimensional: Lot line (lot size)
2020,39833,True,True,medium,Both: Restaurant use + Addition (height/size)
2020,39834,True,False,high,Use: Permit for use
2020,39835,False,False,low,No clear pattern matched
2020,39836,False,False,low,No clear pattern matched
2020,39837,False,True,medium,Dimensional: Parking spaces
2020,39839,False,False,low,No clear pattern matched
2020,39842,True,False,high,Use: Multi-family use
2020,39843,True,False,high,Use: Multi-family use
2020,39846,False,False,low,No clear pattern matched
2020,39847,True,True,medium,Both: Multi-family use + Parking spaces
2020,39848,True,False,high,Use: Multi-family use
2020,39849,False,True,medium,Dimensional: Lot line (lot size)
2020,39854,True,False,high,Use: Multi-family use
2020,39858,True,True,medium,Both: Multi-family use + Parking spaces
2020,39859,True,True,medium,Both: Multi-family use + Parking spaces
2020,39860,True,False,high,Use: Multi-family use
2020,39861,True,False,high,Use: Multi-family use
2020,39862,False,False,low,No clear pattern matched
2020,39863,True,False,high,Use: Multi-family use
2020,39864,True,False,high,Use: Multi-family use
2020,39865,False,True,medium,Dimensional: Roof deck
2020,39866,False,True,medium,Dimensional: Addition (height/size)
2020,39868,True,True,medium,Both: Office use + Parking spaces
2020,39869,True,True,medium,Both: Office use + Parking spaces
2020,39870,False,True,medium,Dimensional: Roof deck
2020,39871,True,True,medium,Both: Multi-family use + Roof deck
2020,39872,False,True,medium,Dimensional: Parking spaces
2020,39873,False,True,medium,Dimensional: Parking spaces
2020,39874,False,True,medium,Dimensional: Parking spaces
2020,39875,True,True,medium,Both: Commercial use + Roof deck
2020,39877,False,False,low,No clear pattern matched
2020,39878,True,False,high,Use: Retail use
2020,39879,False,False,low,No clear pattern matched
2020,39880,False,False,low,No clear pattern matched
2020,39881,False,False,low,No clear pattern matched
2020,39882,False,True,medium,Dimensional: Addition (height/size)
2020,39887,False,True,medium,Dimensional: Lot line (lot size)
2020,39888,False,True,medium,Dimensional: Parking spaces
2020,39889,True,False,high,Use: Multi-family use
2020,39890,False,True,medium,Dimensional: Roof deck
2020,39891,False,True,medium,Dimensional: Roof deck
2020,39894,True,False,high,Use: Multi-family use
2020,39895,False,False,low,No clear pattern matched
2020,39896,True,False,high,Use: Multi-family use
2020,39897,False,False,low,No clear pattern matched
2020,39898,False,False,low,No clear pattern matched
2020,39899,False,True,medium,Dimensional: Addition (height/size)
2020,39900,True,False,high,Use: Multi-family use
2020,39901,False,False,low,No clear pattern matched
2020,39902,True,False,high,Use: Restaurant use
2020,39903,False,False,low,No clear pattern matched
2020,39904,True,False,high,Use: Multi-family use
2020,39905,False,False,low,No clear pattern matched
2020,39906,True,False,high,Use: Childcare use
2020,39907,False,True,medium,Dimensional: Roof deck
2020,39908,False,True,medium,Dimensional: Roof deck
2020,39909,True,True,medium,Both: Multi-family use + Roof deck
2020,39910,False,False,low,No clear pattern matched
2020,39911,False,True,medium,Dimensional: Roof deck
2020,39914,False,False,low,No clear pattern matched
2020,39913,True,True,medium,Both: Office use + Parking spaces
2020,39915,False,False,low,No clear pattern matched
2020,39916,False,True,medium,Dimensional: Roof deck
2020,39917,False,True,medium,Dimensional: Roof deck
2020,39918,False,True,medium,Dimensional: Roof deck
2020,39919,False,True,medium,Dimensional: Roof deck
2020,39925,False,True,medium,Dimensional: Roof deck
2020,39926,False,False,low,No clear pattern matched
2020,39927,False,True,medium,Dimensional: Parking spaces
2020,39929,True,False,high,Use: Multi-family use
2020,39930,True,False,high,Use: Commercial use
2020,39931,False,True,medium,Dimensional: Parking spaces
2020,39933,False,False,low,No clear pattern matched
2020,39934,False,False,low,No clear pattern matched
2020,39940,True,False,high,Use: Multi-family use
2020,39941,False,True,medium,Dimensional: Parking spaces
2020,39942,False,False,low,No clear pattern matched
2020,39943,True,False,high,Use: Multi-family use
2020,39944,True,False,high,Use: Multi-family use
2020,39945,True,False,high,Use: Multi-family use
2020,39946,True,False,high,Use: Multi-family use
2020,39947,True,True,medium,Both: Multi-family use + Parking spaces
2020,39948,False,True,medium,Dimensional: Roof deck
2020,39949,False,False,low,No clear pattern matched
2020,39950,False,False,low,No clear pattern matched
2020,39952,False,False,low,No clear pattern matched
2020,39951,True,True,medium,Both: Multi-family use + Addition (height/size)
2020,39924,True,True,medium,Both: Business use + Parking spaces
2020,39928,False,False,low,No clear pattern matched
2020,39883,False,True,medium,Dimensional: Lot line (lot size)
2020,39884,True,True,medium,Both: Commercial use + Addition (height/size)
2020,39954,False,False,low,No clear pattern matched
2020,39955,False,True,medium,Dimensional: Parking spaces
2020,39958,True,True,medium,Both: Multi-family use + Roof deck
2020,39959,False,True,medium,Dimensional: Roof deck
2020,39961,False,True,medium,Dimensional: Roof deck
2020,39963,True,False,high,Use: Restaurant use
2020,39964,False,True,medium,Dimensional: Roof deck
2020,39956,True,False,high,Use: Multi-family use
2020,39962,False,True,medium,Dimensional: Addition (height/size)
2020,39965,True,True,medium,Both: Multi-family use + Addition (height/size)
2020,39966,False,False,low,No clear pattern matched
2020,39967,False,False,low,No clear pattern matched
2020,39968,True,False,high,Use: Multi-family use
2020,39969,False,True,medium,Dimensional: Roof deck
2020,39970,True,False,high,Use: School use
2020,39973,False,True,medium,Dimensional: Parking spaces
2020,39974,False,False,low,No clear pattern matched
2020,39975,True,True,medium,Both: Commercial use + Roof deck
2020,39977,False,False,low,No clear pattern matched
2020,39978,False,True,medium,Dimensional: Roof deck
2020,39980,False,True,medium,Dimensional: Parking spaces
2020,39983,False,True,medium,Dimensional: Roof deck
2020,39993,False,False,low,No clear pattern matched
2020,39994,True,False,high,Use: Multi-family use
2020,39996,True,False,high,Use: Multi-family use
2020,39997,False,True,medium,Dimensional: Parking spaces
2020,39998,True,False,high,Use: Multi-family use
2020,39999,True,False,high,Use: Multi-family use
2020,40000,False,True,medium,Dimensional: Roof deck
2020,40001,True,False,high,Use: Multi-family use
2020,40002,False,True,medium,Dimensional: Addition (height/size)
2020,40023,False,False,low,No clear pattern matched
2020,40024,True,False,high,Use: Multi-family use
2020,40025,False,False,low,No clear pattern matched
2020,40026,False,False,low,No clear pattern matched
2020,40027,True,False,high,Use: Restaurant use
2020,40028,True,False,high,Use: Short-term rental
2020,40029,False,True,medium,Dimensional: Roof deck
2020,40030,True,False,high,Use: Permit for use
2020,40031,False,True,medium,Dimensional: Addition (height/size)
2020,40044,True,True,medium,Both: Commercial use + Lot line (lot size)
2020,40045,False,False,low,No clear pattern matched
2020,40046,False,True,medium,Dimensional: Roof deck
2020,40047,True,False,high,Use: Medical use
2020,40048,True,True,medium,Both: Multi-family use + Roof deck
2020,40049,False,True,medium,Dimensional: Roof deck
2020,40050,True,False,high,Use: Multi-family use
2020,40051,False,False,low,No clear pattern matched
2020,40052,True,True,medium,Both: Multi-family use + Roof deck
2020,40053,False,True,medium,Dimensional: Roof deck
2020,40054,False,False,low,No clear pattern matched
2020,40055,True,False,high,Use: Multi-family use
2020,40056,False,True,medium,Dimensional: Addition (height/size)
2020,40059,False,False,low,No clear pattern matched
2020,40060,True,False,high,Use: Multi-family use
2020,40058,True,False,high,Use: Restaurant use
2020,40057,False,True,medium,Dimensional: Roof deck
2020,40062,True,False,high,Use: Multi-family use
2020,40063,False,True,medium,Dimensional: Roof deck
2020,40064,False,True,medium,Dimensional: Roof deck
2020,40065,True,True,medium,Both: Multi-family use + Parking spaces
2020,40066,True,False,high,Use: Multi-family use
2020,40067,True,False,high,Use: Permit for use
2020,40068,False,False,low,No clear pattern matched
2020,40074,False,True,medium,Dimensional: Roof deck
2020,40075,False,False,low,No clear pattern matched
2020,40076,False,True,medium,Dimensional: Addition (height/size)
2020,40077,True,False,high,Use: Office use
2020,40078,True,False,high,Use: Office use
2020,40079,False,True,medium,Dimensional: Roof deck
2020,40081,False,False,low,No clear pattern matched
2020,40083,True,False,high,Use: Multi-family use
2020,40090,True,False,high,Use: Restaurant use
2020,40091,True,False,high,Use: Multi-family use
2020,40092,False,True,medium,Dimensional: Roof deck
2020,40093,True,False,high,Use: Multi-family use
2020,37210,False,True,medium,Dimensional: Addition (height/size)
2020,38886,False,False,low,No clear pattern matched
2020,39586,False,False,low,No clear pattern matched
2020,ZP-2020-000008,True,False,high,Use: Change of use
2020,1056146,False,False,low,No clear pattern matched
2020,ZP-2020-000326,True,False,high,Use: Change of use
2020,ZP-2020-000330,True,False,high,Use: Change of use
2020,ZP-2020-000153,True,False,high,Use: Change of use
2020,ZP-2020-000430,False,False,low,No clear pattern matched
2020,ZP-2020-000570,False,False,low,No clear pattern matched
2020,ZP-2020-000492,False,False,low,No clear pattern matched
2020,ZP-2020-000214,False,True,medium,Dimensional: Roof deck
2020,ZP-2020-000864,False,False,low,No clear pattern matched
2020,ZP-2020-000535,False,False,low,No clear pattern matched
2020,1055891,False,True,medium,Dimensional: Roof deck
2020,ZP-2020-000940,False,False,low,No clear pattern matched
2020,1042404,False,True,medium,Dimensional: Parking spaces
2020,HA-2020-000050,False,False,low,No clear pattern matched
2020,HA-2020-000051,False,False,low,No clear pattern matched
2020,1046436,False,True,medium,Dimensional: Roof deck
2020,HA-2020-000052,False,False,low,No clear pattern matched
2020,HA-2020-000053,False,False,low,No clear pattern matched
2020,HA-2020-000054,False,False,low,No clear pattern matched
2020,HA-2020-000055,False,False,low,No clear pattern matched
2020,HA-2020-000056,False,False,low,No clear pattern matched
2020,HA-2020-000057,False,False,low,No clear pattern matched
2020,HA-2020-000058,False,False,low,No clear pattern matched
2020,HA-2020-000059,False,False,low,No clear pattern matched
2020,ZP-2020-000065,False,True,medium,Dimensional: Roof deck
2020,ZP-2020-000345,False,False,low,No clear pattern matched
2020,ZP-2020-000622,False,True,medium,Dimensional: Parking spaces
2020,1056787,False,False,low,No clear pattern matched
2020,1056788,False,False,low,No clear pattern matched
2020,ZP-2020-001075,False,True,medium,Dimensional: Roof deck
2020,HA-2020-000064,False,False,low,No clear pattern matched
2020,HA-2020-000065,False,False,low,No clear pattern matched
2020,HA-2020-000066,False,False,low,No clear pattern matched
2020,HA-2020-000067,False,False,low,No clear pattern matched
2020,HA-2020-000068,False,False,low,No clear pattern matched
2020,HA-2020-000069,False,False,low,No clear pattern matched
2020,HA-2020-000070,False,False,low,No clear pattern matched
2020,HA-2020-000071,False,False,low,No clear pattern matched
2020,HA-2020-000072,False,False,low,No clear pattern matched
2020,ZP-2020-000978,False,True,medium,Dimensional: Parking spaces
2020,HA-2020-000073,False,False,low,No clear pattern matched
2020,ZP-2020-001040,False,True,medium,Dimensional: Roof deck
2020,ZP-2020-001036,False,True,medium,Dimensional: Roof deck
2020,HA-2020-000078,False,False,low,No clear pattern matched
2020,HA-2020-000080,False,False,low,No clear pattern matched
2020,HA-2020-000083,False,False,low,No clear pattern matched
2020,HA-2020-000084,False,False,low,No clear pattern matched
2020,ZP-2020-000458,False,True,medium,Dimensional: Parking spaces
2020,ZP-2020-000912,False,False,low,No clear pattern matched
2020,HA-2020-000087,False,False,low,No clear pattern matched
2020,HA-2020-000088,False,False,low,No clear pattern matched
2020,HA-2020-000089,False,False,low,No clear pattern matched
2020,HA-2020-000090,False,False,low,No clear pattern matched
2020,ZP-2020-000772,False,False,low,No clear pattern matched
2020,1038185,False,False,low,No clear pattern matched
2020,1055043,False,True,medium,Dimensional: Roof deck
2020,1057042,False,True,medium,Dimensional: Lot line (lot size)
2020,1057068,False,True,medium,Dimensional: Roof deck
2020,1046197,False,False,low,No clear pattern matched
2020,ZP-2020-000051,False,True,medium,Dimensional: Parking spaces
2020,1047618,False,True,medium,Dimensional: Addition (height/size)
2020,1053864,False,False,low,No clear pattern matched
2020,HA-2020-000101,False,False,low,No clear pattern matched
2020,ZP-2020-001241,False,False,low,No clear pattern matched
2020,ZP-2020-000826,False,True,medium,Dimensional: Addition (height/size)
2020,ZP-2020-000096,True,False,high,Use: Change of use
2020,ZP-2020-001114,False,True,medium,Dimensional: Roof deck
2020,1056228,False,True,medium,Dimensional: Addition (height/size)
2020,ZP-2020-000828,False,True,medium,Dimensional: Roof deck
2020,ZP-2020-000766,False,False,low,No clear pattern matched
2020,1029072,False,True,medium,Dimensional: Parking spaces
2020,ZP-2020-000996,False,True,medium,Dimensional: Roof deck
2020,ZP-2020-001122,False,False,low,No clear pattern matched
2020,ZP-2020-000309,False,True,medium,Dimensional: Roof deck
2020,ZP-2020-000866,False,False,low,No clear pattern matched
2020,ZP-2020-000804,False,False,low,No clear pattern matched
2020,1054624,False,True,medium,Dimensional: Parking spaces
2020,ZP-2020-000938,False,True,medium,Dimensional: Roof deck
2020,ZP-2020-001069,True,True,medium,Both: Change of use + Addition (height/size)
2020,ZP-2020-000193,False,False,low,No clear pattern matched
2020,ZP-2020-001207,False,False,low,No clear pattern matched
2020,ZP-2020-001134,True,False,high,Use: Change of use
2020,ZP-2020-001406,False,True,medium,Dimensional: Lot line (lot size)
2020,ZP-2020-000571,False,True,medium,Dimensional: Roof deck
2020,ZP-2020-000391,False,True,medium,Dimensional: Roof deck
2020,ZP-2020-001307,False,False,low,No clear pattern matched
2020,ZP-2020-000368,False,True,medium,Dimensional: Roof deck
2020,ZP-2020-001853,False,False,low,No clear pattern matched
2020,ZP-2020-001360,False,False,low,No clear pattern matched
2020,ZP-2020-001432,False,False,low,No clear pattern matched
2020,1048842,False,True,medium,Dimensional: Lot line (lot size)
2020,ZP-2020-000078,False,True,medium,Dimensional: Parking spaces
2020,ZP-2020-001295,False,False,low,No clear pattern matched
2020,1053171,False,False,low,No clear pattern matched
2020,ZP-2020-001327,False,True,medium,Dimensional: Parking spaces
2020,ZP-2020-001224,False,True,medium,Dimensional: Parking spaces
2020,1043956,False,False,low,No clear pattern matched
2020,ZP-2020-000727,False,True,medium,Dimensional: Roof deck
2020,ZP-2020-000977,False,True,medium,Dimensional: Addition (height/size)
2020,ZP-2020-001798,True,False,high,Use: Change of use
2020,1048972,False,True,medium,Dimensional: Parking spaces
2020,ZP-2020-001311,False,False,unknown,No text available
2020,ZP-2020-002082,False,False,low,No clear pattern matched
2020,ZP-2020-000872,False,False,low,No clear pattern matched
2020,ZP-2020-001394,False,False,unknown,No text available
2020,ZP-2020-001416,False,True,medium,Dimensional: Roof deck
2020,ZP-2020-001597,False,True,medium,Dimensional: Roof deck
2020,ZP-2020-001598,False,False,unknown,No text available
2020,ZP-2020-001879,False,False,low,No clear pattern matched
2020,ZP-2020-001377,False,True,medium,Dimensional: Roof deck
2020,ZP-2020-001371,False,True,medium,Dimensional: Roof deck
2020,ZP-2020-001375,False,True,medium,Dimensional: Roof deck
2020,ZP-2020-000191,True,False,high,Use: Change of use
2020,1044793,False,True,medium,Dimensional: Roof deck
2020,1056338,False,False,low,No clear pattern matched
2020,ZP-2020-001285,False,False,low,No clear pattern matched
2020,HA-2020-000591,False,False,low,No clear pattern matched
2020,HA-2020-000592,False,False,low,No clear pattern matched
2020,ZP-2020-000693,True,False,high,Use: Change of use
2020,ZP-2020-000904,False,False,unknown,No text available
2020,ZP-2020-001510,True,False,high,Use: Commercial use
2020,ZP-2020-001983,False,False,low,No clear pattern matched
2020,ZP-2020-001678,False,True,medium,Dimensional: Roof deck
2020,ZP-2020-001181,False,False,low,No clear pattern matched
2020,ZP-2020-000559,False,True,medium,Dimensional: Setback
2020,ZP-2020-002108,False,False,low,No clear pattern matched
2020,HA-2020-000667,False,False,low,No clear pattern matched
2020,ZP-2020-000791,False,False,unknown,No text available
2020,ZP-2020-002105,False,False,low,No clear pattern matched
2020,ZP-2020-001104,False,True,medium,Dimensional: Roof deck
2020,ZP-2020-001102,False,True,medium,Dimensional: Roof deck
2020,ZP-2020-001876,False,True,medium,Dimensional: Roof deck
2020,ZP-2020-000467,False,False,low,No clear pattern matched
2020,ZP-2020-001911,False,False,low,No clear pattern matched
2020,1056783,False,True,medium,Dimensional: Roof deck
2020,ZP-2020-001248,False,True,medium,Dimensional: Lot line (lot size)
2020,HA-2020-000777,True,True,medium,Both: Multi-family use + Lot line (lot size)
2020,ZP-2020-001189,False,False,unknown,No text available
2020,ZP-2020-001194,False,False,unknown,No text available
2020,ZP-2020-002006,False,True,medium,Dimensional: Parking spaces
2020,ZP-2020-001431,False,True,medium,Dimensional: Lot line (lot size)
2020,1051747,False,False,low,No clear pattern matched
2020,ZP-2020-000850,False,False,low,No clear pattern matched
2020,ZP-2020-000849,False,False,low,No clear pattern matched
2020,1025998,False,False,low,No clear pattern matched
2020,1053234,False,True,medium,Dimensional: Roof deck
2020,ZP-2020-000738,False,False,unknown,No text available
2020,ZP-2020-000669,False,True,medium,Dimensional: Roof deck
2020,ZP-2020-001330,False,False,unknown,No text available
2020,HA-2020-000895,True,False,high,Use: Multi-family use
2020,ZP-2020-001399,False,True,medium,Dimensional: Parking spaces
2020,ZP-2020-002053,False,True,medium,Dimensional: Lot area
2020,ZP-2020-001205,False,False,unknown,No text available
2020,HA-2020-000939,False,False,low,No clear pattern matched
2020,ZP-2020-003200,False,False,low,No clear pattern matched
2020,ZP-2020-003039,False,False,low,No clear pattern matched
2020,ZP-2020-001860,False,False,low,No clear pattern matched
2020,ZP-2020-002234,False,True,medium,Dimensional: Roof deck
2020,ZP-2020-001306,False,True,medium,Dimensional: Roof deck
2020,ZP-2020-002449,False,False,low,No clear pattern matched
2020,ZP-2020-002058,False,True,medium,Dimensional: Roof deck
2020,1051983,False,False,unknown,No text available
2020,1057389,False,True,medium,Dimensional: Addition (height/size)
2020,ZP-2020-001855,False,False,low,No clear pattern matched
2020,ZP-2020-003214,False,False,low,No clear pattern matched
2020,ZP-2020-002719,False,False,low,No clear pattern matched
2020,ZP-2020-002881,False,False,low,No clear pattern matched
2020,ZP-2020-001768,False,True,medium,Dimensional: Roof deck
2020,HA-2020-001101,False,False,low,No clear pattern matched
2020,HA-2020-001102,False,False,low,No clear pattern matched
2020,HA-2020-001105,False,False,low,No clear pattern matched
2020,HA-2020-001106,False,False,low,No clear pattern matched
2020,HA-2020-001107,False,False,low,No clear pattern matched
2020,1049972,False,False,low,No clear pattern matched
2020,1049967,False,False,low,No clear pattern matched
2020,1055723,False,False,low,No clear pattern matched
2020,1056762,False,False,low,No clear pattern matched
2020,ZP-2020-003532,True,False,high,Use: Multi-family use
2020,ZP-2020-003717,False,False,low,No clear pattern matched
2020,ZP-2020-001262,False,True,medium,Dimensional: Addition (height/size)
2020,ZP-2020-002239,False,False,low,No clear pattern matched
2020,1006497,True,True,medium,Both: Multi-family use + Lot line (lot size)
2020,1056062,False,False,low,No clear pattern matched
2020,HA-2020-001159,False,False,low,No clear pattern matched
2020,1033101,False,True,medium,Dimensional: Roof deck
2020,ZP-2020-001604,False,True,medium,Dimensional: Roof deck
2020,ZP-2020-002408,False,False,low,No clear pattern matched
2020,ZP-2020-003800,False,False,low,No clear pattern matched
2020,ZP-2020-003088,False,False,low,No clear pattern matched
2020,ZP-2020-001388,False,True,medium,Dimensional: Height exceeds
2020,HA-2020-001194,False,False,low,No clear pattern matched
2020,ZP-2020-003024,False,False,low,No clear pattern matched
2020,ZP-2020-002042,True,False,high,Use: Permit for use
2020,HA-2020-001223,False,False,low,No clear pattern matched
2020,ZP-2020-003932,False,False,low,No clear pattern matched
2020,HA-2020-001229,False,False,low,No clear pattern matched
2020,1055882,False,True,medium,Dimensional: Roof deck
2020,1057518,False,False,low,No clear pattern matched
2020,HA-2020-001231,False,False,low,No clear pattern matched
2020,HA-2020-001232,False,False,low,No clear pattern matched
2020,ZP-2020-000554,True,False,high,Use: Change of use
2020,ZP-2020-000575,False,True,medium,Dimensional: Roof deck
2020,HA-2020-001233,False,False,low,No clear pattern matched
2020,1057178,False,False,low,No clear pattern matched
2020,HA-2020-001234,False,False,low,No clear pattern matched
2020,HA-2020-001235,False,False,low,No clear pattern matched
2020,1046227,False,True,medium,Dimensional: Addition (height/size)
2020,ZP-2020-001663,False,False,low,No clear pattern matched
2020,ZP-2020-002954,False,False,low,No clear pattern matched
2020,ZP-2020-001448,False,False,low,No clear pattern matched
2020,HA-2020-001244,False,False,low,No clear pattern matched
2020,ZP-2020-002615,False,False,low,No clear pattern matched
2020,ZP-2020-003297,False,False,low,No clear pattern matched
2020,ZP-2020-001596,False,False,low,No clear pattern matched
2020,ZP-2020-002802,False,False,low,No clear pattern matched
2020,ZP-2020-002431,False,True,medium,Dimensional: Roof deck
2020,ZP-2020-003474,False,False,low,No clear pattern matched
2020,1050080,False,False,low,No clear pattern matched
2020,HA-2020-001265,False,False,low,No clear pattern matched
2020,1039898,False,False,low,No clear pattern matched
2020,1048243,False,True,medium,Dimensional: Roof deck
2020,1040796,False,True,medium,Dimensional: Roof deck
2020,1053169,False,False,low,No clear pattern matched
2020,HA-2020-001288,False,False,low,No clear pattern matched
2020,ZP-2020-001252,False,True,medium,Dimensional: Addition (height/size)
2020,HA-2020-001293,False,False,low,No clear pattern matched
2020,HA-2020-001294,False,False,low,No clear pattern matched
2020,HA-2020-001296,False,False,low,No clear pattern matched
2020,HA-2020-001297,False,False,low,No clear pattern matched
2020,ZP-2020-002180,False,False,low,No clear pattern matched
2020,ZP-2020-002182,False,False,low,No clear pattern matched
2020,1055801,False,False,low,No clear pattern matched
2020,ZP-2020-002809,False,False,low,No clear pattern matched
2020,ZP-2020-002192,False,True,medium,Dimensional: Roof deck
2020,1055898,False,True,medium,Dimensional: Roof deck
2020,ZP-2020-001064,False,True,medium,Dimensional: Parking spaces
2020,ZP-2020-002428,False,True,medium,Dimensional: Lot line (lot size)
2020,ZP-2020-002576,False,True,medium,Dimensional: Roof deck
2020,HA-2020-001364,False,False,low,No clear pattern matched
2020,1056818,False,False,low,No clear pattern matched
2020,1056735,False,True,medium,Dimensional: Parking spaces
2020,1057498,False,False,low,No clear pattern matched
2020,HA-2020-001366,False,True,medium,Dimensional: Roof deck
2020,ZP-2020-001286,False,True,medium,Dimensional: Addition (height/size)
2020,ZP-2020-001625,False,True,medium,Dimensional: Roof deck
2020,ZP-2020-003516,False,False,low,No clear pattern matched
2020,ZP-2020-002568,False,False,low,No clear pattern matched
2020,1057495,False,False,low,No clear pattern matched
2020,1052987,False,True,medium,Dimensional: Parking spaces
2020,HA-2020-001390,False,True,medium,Dimensional: Roof deck
2020,HA-2020-001391,False,False,low,No clear pattern matched
2020,HA-2020-001392,False,False,low,No clear pattern matched
2020,1053303,False,False,low,No clear pattern matched
2020,1052119,False,False,low,No clear pattern matched
2020,ZP-2020-000556,False,True,medium,Dimensional: Roof deck
2020,ZP-2020-002021,False,False,low,No clear pattern matched
2020,ZP-2020-001903,False,True,medium,Dimensional: Addition (height/size)
2020,HA-2020-001394,False,False,low,No clear pattern matched
2020,ZP-2020-003409,False,False,low,No clear pattern matched
2020,ZP-2020-001869,False,True,medium,Dimensional: Roof deck
2020,HA-2020-001398,False,True,medium,Dimensional: Parking spaces
2020,ZP-2020-003363,False,True,medium,Dimensional: Addition (height/size)
2020,ZP-2020-002541,False,False,low,No clear pattern matched
2020,ZP-2020-002128,False,True,medium,Dimensional: Roof deck
2020,ZP-2020-002766,False,False,low,No clear pattern matched
2020,1055935,False,False,low,No clear pattern matched
2020,HA-2020-001403,False,False,low,No clear pattern matched
2020,ZP-2020-002092,False,True,medium,Dimensional: Roof deck
2020,ZP-2020-002632,False,False,low,No clear pattern matched
2020,ZP-2020-001231,False,True,medium,Dimensional: Roof deck
2020,ZP-2020-000103,False,False,low,No clear pattern matched
2020,ZP-2020-002577,False,False,low,No clear pattern matched
2020,ZP-2020-002949,False,True,medium,Dimensional: Roof deck
2020,ZP-2020-003199,False,False,low,No clear pattern matched
2020,1053015,False,False,low,No clear pattern matched
2020,ZP-2020-001401,False,True,medium,Dimensional: Roof deck
2020,ZP-2020-000277,False,True,medium,Dimensional: Parking spaces
2020,ZP-2020-000573,False,True,medium,Dimensional: Roof deck
2020,ZP-2020-001193,False,False,low,No clear pattern matched
2020,HA-2020-001449,False,False,low,No clear pattern matched
2020,ZP-2020-000469,False,False,low,No clear pattern matched
2020,ZP-2020-002162,False,True,medium,Dimensional: Lot line (lot size)
2020,ZP-2020-000582,False,True,medium,Dimensional: Parking spaces
2020,HA-2020-001479,False,False,low,No clear pattern matched
2020,1056730,False,False,low,No clear pattern matched
2020,ZP-2020-001619,True,True,medium,Both: Multi-family use + Roof deck
2020,ZP-2020-002043,False,True,medium,Dimensional: Roof deck
2020,1055059,False,False,low,No clear pattern matched
2020,ZP-2020-000433,False,True,medium,Dimensional: Roof deck
2020,ZP-2020-002801,False,False,low,No clear pattern matched
2020,ZP-2020-003701,False,False,low,No clear pattern matched
2020,ZP-2020-001644,False,False,low,No clear pattern matched
2020,HA-2020-001496,False,True,medium,Dimensional: Roof deck
2020,HA-2020-001499,False,False,low,No clear pattern matched
2020,ZP-2020-001450,False,True,medium,Dimensional: Parking spaces
2020,ZP-2020-001494,False,True,medium,Dimensional: Parking spaces
2020,ZP-2020-001767,False,True,medium,Dimensional: Roof deck
2020,ZP-2020-001109,False,True,medium,Dimensional: Parking spaces
2020,ZP-2020-001669,False,False,low,No clear pattern matched
2020,1056005,False,False,low,No clear pattern matched
2020,ZP-2020-002095,False,False,low,No clear pattern matched
2020,ZP-2020-000253,False,False,unknown,No text available
2020,1049249,False,False,low,No clear pattern matched
2020,ZP-2020-001640,False,True,medium,Dimensional: Roof deck
2020,ZP-2020-003238,False,False,low,No clear pattern matched
2020,ZP-2020-001703,False,False,low,No clear pattern matched
2020,HA-2020-001546,False,False,low,No clear pattern matched
2020,ZP-2020-003215,False,False,low,No clear pattern matched
2020,1050881,False,True,medium,Dimensional: Parking spaces
2020,HA-2020-001548,False,False,low,No clear pattern matched
2020,HA-2020-001549,False,False,low,No clear pattern matched
2020,HA-2020-001550,False,True,medium,Dimensional: Parking spaces
2020,HA-2020-001551,False,False,low,No clear pattern matched
2020,ZP-2020-000486,False,True,medium,Dimensional: Roof deck
2020,ZP-2020-002978,False,True,medium,Dimensional: Addition (height/size)
2020,ZP-2020-001370,False,False,low,No clear pattern matched
2020,ZP-2020-004982,False,False,low,No clear pattern matched
2020,ZP-2020-002598,False,True,medium,Dimensional: Parking spaces
2020,ZP-2020-003231,True,False,high,Use: Commercial use
2020,ZP-2020-000447,False,True,medium,Dimensional: Addition (height/size)
2020,ZP-2020-003815,False,False,low,No clear pattern matched
2020,HA-2020-001594,False,False,low,No clear pattern matched
2020,HA-2020-001595,True,False,high,Use: Multi-family use
2020,ZP-2020-002633,False,True,medium,Dimensional: Roof deck
2020,ZP-2020-003262,False,True,medium,Dimensional: Roof deck
2020,ZP-2020-001722,False,False,low,No clear pattern matched
2020,ZP-2020-003237,False,False,low,No clear pattern matched
2020,ZP-2020-003226,False,False,low,No clear pattern matched
2020,ZP-2020-003460,False,True,medium,Dimensional: Addition (height/size)
2020,1044685,False,False,low,No clear pattern matched
2020,ZP-2020-003180,False,False,low,No clear pattern matched
2020,ZP-2020-004900,False,False,low,No clear pattern matched
2020,ZP-2020-004930,False,False,low,No clear pattern matched
2020,ZP-2020-004678,False,False,low,No clear pattern matched
2020,HA-2020-001677,False,False,low,No clear pattern matched
2020,ZP-2020-003983,False,False,low,No clear pattern matched
2020,ZP-2020-004185,False,False,low,No clear pattern matched
2020,ZP-2020-005052,False,False,low,No clear pattern matched
2020,ZP-2020-003561,False,True,medium,Dimensional: Side yard setback
2020,HA-2020-001694,False,False,low,No clear pattern matched
2020,ZP-2020-001201,False,False,low,No clear pattern matched
2020,HA-2020-001701,False,False,low,No clear pattern matched
2020,ZP-2020-002191,False,False,low,No clear pattern matched
2020,1026092,True,False,high,Use: Change of use
2020,1053877,True,False,high,Use: Change of use
2020,ZP-2020-001788,False,False,low,No clear pattern matched
2020,ZP-2020-003054,False,False,low,No clear pattern matched
2020,ZP-2020-003978,False,False,low,No clear pattern matched
2020,ZP-2020-004290,False,True,medium,Dimensional: Parking spaces
2020,ZP-2020-003776,True,False,high,Use: Multi-family use
2020,ZP-2020-003293,True,False,high,Use: Multi-family use
2020,ZP-2020-000827,False,True,medium,Dimensional: Addition (height/size)
2020,ZP-2020-003798,False,True,medium,Dimensional: Roof deck
2020,ZP-2020-003799,False,True,medium,Dimensional: Roof deck
2020,ZP-2020-003735,False,False,low,No clear pattern matched
2020,ZP-2020-002111,False,False,low,No clear pattern matched
2020,ZP-2020-005513,False,False,low,No clear pattern matched
2020,ZP-2020-002130,True,True,medium,Both: Change of use + Parking spaces
2020,ZP-2020-005511,True,False,high,Use: Short-term rental
2020,ZP-2020-000252,False,False,low,No clear pattern matched
2020,ZP-2020-002749,False,False,low,No clear pattern matched
2020,ZP-2020-002803,False,False,low,No clear pattern matched
2020,ZP-2020-002808,False,False,low,No clear pattern matched
2020,ZP-2020-005123,False,False,low,No clear pattern matched
2020,ZP-2020-003351,False,False,low,No clear pattern matched
2020,ZP-2020-003339,False,False,low,No clear pattern matched
2020,ZP-2020-003171,False,False,low,No clear pattern matched
2020,1050223,False,True,medium,Dimensional: Roof deck
2020,ZP-2020-000461,False,True,medium,Dimensional: Addition (height/size)
2020,ZP-2020-004722,False,True,medium,Dimensional: Parking spaces
2020,ZP-2020-003933,True,False,high,Use: Permit for use
2020,ZP-2020-003935,False,False,low,No clear pattern matched
2020,ZP-2020-003939,False,False,low,No clear pattern matched
2020,ZP-2020-003473,True,True,medium,Both: Multi-family use + Roof deck
2020,ZP-2020-004181,False,True,medium,Dimensional: Roof deck
2020,ZP-2020-004661,False,True,medium,Dimensional: Roof deck
2020,ZP-2020-001312,False,True,medium,Dimensional: Roof deck
2020,1056460,False,True,medium,Dimensional: Roof deck
2020,ZP-2020-001846,False,False,low,No clear pattern matched
2020,ZP-2020-005755,False,True,medium,Dimensional: Roof deck
2020,ZP-2020-001838,False,False,low,No clear pattern matched
2020,ZP-2020-003708,False,False,low,No clear pattern matched
2020,ZP-2020-005653,False,False,low,No clear pattern matched
2020,ZP-2020-004337,False,False,low,No clear pattern matched
2020,ZP-2020-001573,True,True,medium,Both: Change of use + Parking spaces
2020,ZP-2020-005720,False,False,low,No clear pattern matched
2020,ZP-2020-005506,False,True,medium,Dimensional: Addition (height/size)
2020,ZP-2020-004929,False,False,low,No clear pattern matched
2020,ZP-2020-004931,False,False,low,No clear pattern matched
2020,ZP-2020-004935,False,False,low,No clear pattern matched
2020,ZP-2020-004916,False,False,low,No clear pattern matched
2020,ZP-2020-004933,False,False,low,No clear pattern matched
2020,ZP-2020-004934,False,False,low,No clear pattern matched
2020,ZP-2020-006165,False,False,low,No clear pattern matched
2020,ZP-2020-005960,False,False,low,No clear pattern matched
2020,ZP-2020-003372,False,True,medium,Dimensional: Roof deck
2020,ZP-2020-001550,False,True,medium,Dimensional: Parking spaces
2020,ZP-2020-002184,False,True,medium,Dimensional: Parking spaces
2020,ZP-2020-003067,False,False,low,No clear pattern matched
2020,ZP-2020-005727,False,True,medium,Dimensional: Parking spaces
2020,ZP-2020-004295,False,False,low,No clear pattern matched
2020,ZP-2020-003668,False,False,low,No clear pattern matched
2020,ZP-2020-004786,False,True,medium,Dimensional: Parking spaces
2020,ZP-2020-005220,False,False,low,No clear pattern matched
2020,ZP-2020-004508,False,True,medium,Dimensional: Roof deck
2020,ZP-2020-003315,False,True,medium,Dimensional: Roof deck
2020,ZP-2020-000628,False,True,medium,Dimensional: Addition (height/size)
2020,ZP-2020-003608,False,False,low,No clear pattern matched
2020,HA-2020-002003,False,True,medium,Dimensional: Parking spaces
2020,ZP-2020-004654,False,True,medium,Dimensional: Parking spaces
2020,HA-2020-002025,False,True,medium,Dimensional: Off-street parking
2020,ZP-2020-002489,False,False,low,No clear pattern matched
2020,ZP-2020-005504,False,False,low,No clear pattern matched
2020,ZP-2020-005512,True,False,high,Use: Short-term rental
2020,ZP-2020-005508,False,False,low,No clear pattern matched
2020,ZP-2020-003821,False,True,medium,Dimensional: Roof deck
2020,ZP-2020-005507,False,False,low,No clear pattern matched
2020,1041224,True,False,high,Use: Business use
2020,HA-2020-002031,True,True,medium,Both: Commercial use + Roof deck
2020,ZP-2020-004531,False,False,low,No clear pattern matched
2020,ZP-2020-004994,False,False,low,No clear pattern matched
2020,ZP-2020-003614,False,True,medium,Dimensional: Roof deck
2020,1051596,True,True,medium,Both: Multi-family use + Addition (height/size)
2020,HA-2020-002042,False,True,medium,Dimensional: Addition (height/size)
2020,ZP-2020-006007,True,False,high,Use: Restaurant use
2020,ZP-2020-006038,False,True,medium,Dimensional: Roof deck
2020,ZP-2020-000922,False,False,low,No clear pattern matched
2020,ZP-2020-002540,False,False,low,No clear pattern matched
2020,ZP-2020-004582,False,False,low,No clear pattern matched
2020,1040153,False,True,medium,Dimensional: Side yard setback
2020,ZP-2020-003781,False,True,medium,Dimensional: Roof deck
2020,ZP-2020-003761,False,True,medium,Dimensional: Roof deck
2020,ZP-2020-003547,False,False,low,No clear pattern matched
2020,ZP-2020-002113,False,True,medium,Dimensional: Addition (height/size)
2020,ZP-2020-005465,False,False,low,No clear pattern matched
2020,ZP-2020-005610,False,True,medium,Dimensional: Parking spaces
2020,ZP-2020-005501,True,False,high,Use: Short-term rental
2020,ZP-2020-005500,True,False,high,Use: Short-term rental
2020,ZP-2020-005499,True,False,high,Use: Short-term rental
2020,ZP-2020-005874,False,False,low,No clear pattern matched
2020,ZP-2020-004220,False,True,medium,Dimensional: Addition (height/size)
2020,ZP-2020-005730,False,False,low,No clear pattern matched
2020,ZP-2020-006544,False,False,low,No clear pattern matched
2020,ZP-2020-001584,False,True,medium,Dimensional: Roof deck
2020,ZP-2020-004186,False,False,low,No clear pattern matched
2020,ZP-2020-005076,True,True,medium,Both: Commercial use + Roof deck
2020,HA-2020-002156,False,True,medium,Dimensional: Roof deck
2020,ZP-2020-001706,False,True,medium,Dimensional: Addition (height/size)
2020,ZP-2020-004698,True,True,medium,Both: Multi-family use + Roof deck
2020,HA-2020-002158,False,True,medium,Dimensional: Roof deck
2020,HA-2020-002165,False,False,low,No clear pattern matched
2020,HA-2020-002166,False,False,low,No clear pattern matched
2020,HA-2020-002167,False,False,low,No clear pattern matched
2020,HA-2020-002168,False,False,low,No clear pattern matched
2020,ZP-2020-003879,False,False,low,No clear pattern matched
2020,ZP-2020-003510,False,False,low,No clear pattern matched
2020,HA-2020-002181,False,False,low,No clear pattern matched
2020,HA-2020-002186,False,False,low,No clear pattern matched
2020,ZP-2020-002679,False,True,medium,Dimensional: Parking spaces
2020,ZP-2020-004154,False,True,medium,Dimensional: Addition (height/size)
2020,ZP-2020-006445,False,True,medium,Dimensional: Roof deck
2020,ZP-2020-005209,False,False,low,No clear pattern matched
2020,ZP-2020-001018,False,False,low,No clear pattern matched
2020,ZP-2020-004196,False,True,medium,Dimensional: Roof deck
2020,ZP-2020-001937,False,True,medium,Dimensional: Roof deck
2020,ZP-2020-005529,False,True,medium,Dimensional: Roof deck
2020,ZP-2020-003603,False,False,low,No clear pattern matched
2020,ZP-2020-005638,False,False,low,No clear pattern matched
2020,ZP-2020-004724,False,False,low,No clear pattern matched
2020,ZP-2020-004619,False,True,medium,Dimensional: Addition (height/size)
2020,ZP-2020-005655,False,False,low,No clear pattern matched
2020,ZP-2020-005978,False,True,medium,Dimensional: Roof deck
2020,HA-2020-002301,False,True,medium,Dimensional: Roof deck
2020,ZP-2020-000605,False,False,low,No clear pattern matched
2020,ZP-2020-006065,False,False,low,No clear pattern matched
2020,ZP-2020-005740,False,True,medium,Dimensional: Roof deck
2020,ZP-2020-005195,False,False,low,No clear pattern matched
2020,ZP-2020-006732,False,False,low,No clear pattern matched
2020,ZP-2020-005535,False,False,low,No clear pattern matched
2020,ZP-2020-005935,True,False,high,Use: Permit for use
2020,ZP-2020-006060,True,False,high,Use: Multi-family use
2020,ZP-2020-006443,False,True,medium,Dimensional: Roof deck
2020,ZP-2020-005742,True,True,medium,Both: Multi-family use + Rear yard setback
2020,HA-2020-002337,True,True,medium,Both: Multi-family use + Parking spaces
2020,ZP-2020-005495,True,False,high,Use: Short-term rental
2020,ZP-2020-005497,True,False,high,Use: Permit for use
2020,ZP-2020-004701,False,True,medium,Dimensional: Roof deck
2020,ZP-2020-005927,False,False,low,No clear pattern matched
2020,ZP-2020-003071,False,True,medium,Dimensional: Roof deck
2020,ZP-2020-006765,False,False,low,No clear pattern matched
2020,ZP-2020-003644,False,False,low,No clear pattern matched
2020,ZP-2020-006385,False,True,medium,Dimensional: Parking spaces
2020,ZP-2020-005336,False,False,low,No clear pattern matched
2020,ZP-2020-001520,False,True,medium,Dimensional: Lot line (lot size)
2020,ZP-2020-007110,False,True,medium,Dimensional: Addition (height/size)
2020,ZP-2020-006362,False,False,low,No clear pattern matched
2020,ZP-2020-004975,False,False,low,No clear pattern matched
2020,ZP-2020-004100,False,True,medium,Dimensional: Roof deck
2020,ZP-2020-005590,False,True,medium,Dimensional: Addition (height/size)
2020,ZP-2020-004206,True,True,medium,Both: Multi-family use + Roof deck
2020,ZP-2020-004561,True,False,high,Use: Multi-family use
2020,ZP-2020-003045,False,False,low,No clear pattern matched
2020,ZP-2020-007151,True,False,high,Use: Multi-family use
2020,ZP-2020-004614,False,True,medium,Dimensional: Addition (height/size)
2020,ZP-2020-002065,True,False,high,Use: Multi-family use
2020,ZP-2020-003503,False,True,medium,Dimensional: Roof deck
2020,ZP-2020-004584,False,False,low,No clear pattern matched
2020,ZP-2020-001504,True,False,high,Use: Restaurant use
2020,HA-2020-002531,True,True,medium,Both: Multi-family use + Parking spaces
2020,1032771,True,False,high,Use: Restaurant use
2020,1044699,False,True,medium,Dimensional: Addition (height/size)
2020,ZP-2020-006504,True,False,high,Use: Multi-family use
2020,ZP-2020-004461,False,True,medium,Dimensional: Parking spaces
2020,ZP-2020-003596,True,True,medium,Both: Multi-family use + Roof deck
2020,ZP-2020-006485,False,False,low,No clear pattern matched
2020,1053528,False,False,low,No clear pattern matched
2020,ZP-2020-006996,True,False,high,Use: Multi-family use
2020,ZP-2020-003155,False,False,low,No clear pattern matched
2020,ZP-2020-007331,False,False,low,No clear pattern matched
2020,ZP-2020-004438,False,False,low,No clear pattern matched
2020,ZP-2020-005680,False,True,medium,Dimensional: Roof deck
2020,ZP-2020-005477,True,False,high,Use: Restaurant use
2020,ZP-2020-003604,False,True,medium,Dimensional: Parking spaces
2020,ZP-2020-005572,False,True,medium,Dimensional: Addition (height/size)
2020,ZP-2020-006849,False,False,low,No clear pattern matched
2020,ZP-2020-007072,False,False,low,No clear pattern matched
2020,ZP-2020-004999,False,True,medium,Dimensional: Roof deck
2020,ZP-2020-006579,False,False,low,No clear pattern matched
2020,ZP-2020-004627,False,True,medium,Dimensional: Roof deck
2020,ZP-2020-005784,False,False,low,No clear pattern matched
2020,ZP-2020-004580,False,False,low,No clear pattern matched
2020,ZP-2020-006135,False,False,low,No clear pattern matched
2020,ZP-2020-004146,False,False,low,No clear pattern matched
2020,ZP-2020-004952,True,True,medium,Both: Commercial use + Roof deck
2020,ZP-2020-006984,False,False,low,No clear pattern matched
2020,ZP-2020-006460,False,True,medium,Dimensional: Roof deck
2020,ZP-2020-006474,False,True,medium,Dimensional: Addition (height/size)
2020,ZP-2020-004209,True,False,high,Use: Multi-family use
2020,ZP-2020-004056,False,True,medium,Dimensional: Parking spaces
2020,ZP-2020-006760,True,False,high,Use: Permit for use
2020,ZP-2020-007485,False,False,low,No clear pattern matched
2020,ZP-2020-000854,True,False,high,Use: Multi-family use
2020,ZP-2020-006214,False,True,medium,Dimensional: Roof deck
2020,HA-2020-002792,False,False,low,No clear pattern matched
2020,HA-2020-002800,False,False,low,No clear pattern matched
2020,HA-2020-002802,False,False,low,No clear pattern matched
2020,ZP-2020-006121,False,True,medium,Dimensional: Roof deck
2020,1056781,True,True,medium,Both: Multi-family use + Roof deck
2020,ZP-2020-005787,False,False,low,No clear pattern matched
2020,ZP-2020-006877,True,False,high,Use: Permit for use
2020,ZP-2020-007154,False,True,medium,Dimensional: Story height
2020,ZP-2020-002762,False,True,medium,Dimensional: Parking spaces
2020,ZP-2020-006887,True,True,medium,Both: Multi-family use + Roof deck
2020,ZP-2020-004133,True,True,medium,Both: Restaurant use + Roof deck
2020,ZP-2020-004539,False,True,medium,Dimensional: Roof deck
2020,ZP-2020-003583,True,False,high,Use: Multi-family use
2020,ZP-2020-005000,True,False,high,Use: Permit for use
2020,ZP-2020-007191,False,True,medium,Dimensional: Roof deck
2020,ZP-2020-007190,False,True,medium,Dimensional: Roof deck
2020,ZP-2020-007193,False,True,medium,Dimensional: Roof deck
2020,ZP-2020-007194,False,True,medium,Dimensional: Roof deck
2020,HA-2020-002909,False,False,low,No clear pattern matched
2020,HA-2020-002913,True,True,medium,Both: Multi-family use + Parking spaces
2020,HA-2020-002914,False,True,medium,Dimensional: Addition (height/size)
2020,HA-2020-002915,False,False,low,No clear pattern matched
2020,HA-2020-002916,False,False,low,No clear pattern matched
2020,HA-2020-002919,False,True,medium,Dimensional: Roof deck
2020,ZP-2020-007609,False,False,low,No clear pattern matched
2020,ZP-2020-005783,False,False,low,No clear pattern matched
2020,ZP-2020-005781,False,False,low,No clear pattern matched
2020,ZP-2020-005639,False,True,medium,Dimensional: Roof deck
2020,ZP-2020-006033,False,True,medium,Dimensional: Roof deck
2020,ZP-2020-007118,False,False,low,No clear pattern matched
2020,ZP-2020-007227,False,True,medium,Dimensional: Roof deck
2020,ZP-2020-003793,False,True,medium,Dimensional: Parking spaces
2020,ZP-2020-006158,False,True,medium,Dimensional: Addition (height/size)
2020,HA-2020-002945,False,False,low,No clear pattern matched
2020,HA-2020-002947,False,False,low,No clear pattern matched
2020,HA-2020-002948,False,True,medium,Dimensional: Addition (height/size)
2020,HA-2020-002949,True,False,high,Use: Business use
2020,HA-2020-002950,True,False,high,Use: Restaurant use
2020,HA-2020-002951,False,True,medium,Dimensional: Roof deck
2020,HA-2020-002952,False,True,medium,Dimensional: Parking spaces
2020,HA-2020-002953,False,False,low,No clear pattern matched
2020,ZP-2020-006779,True,False,high,Use: Change of use
2020,HA-2020-002954,True,False,high,Use: Multi-family use
2020,ZP-2020-005240,False,True,medium,Dimensional: Addition (height/size)
2020,ZP-2020-004700,False,False,low,No clear pattern matched
2020,ZP-2020-004566,False,False,low,No clear pattern matched
2020,ZP-2020-007105,True,False,high,Use: Permit for use
2020,ZP-2020-006652,True,False,high,Use: Restaurant use
2020,ZP-2020-006719,True,False,high,Use: Multi-family use
2020,ZP-2020-004789,False,True,medium,Dimensional: Parking spaces
2020,ZP-2020-003739,True,True,medium,Both: Multi-family use + Parking spaces
2020,HA-2020-003022,False,False,low,No clear pattern matched
2020,ZP-2020-006197,False,True,medium,Dimensional: Addition (height/size)
2020,ZP-2020-004920,False,False,low,No clear pattern matched
2020,ZP-2020-007144,False,False,low,No clear pattern matched
2020,ZP-2020-007435,True,False,high,Use: Permit for use
2020,ZP-2020-008141,False,False,low,No clear pattern matched
2020,ZP-2020-008201,False,False,low,No clear pattern matched
2020,HA-2020-003075,False,False,low,No clear pattern matched
2020,HA-2020-003076,False,True,medium,Dimensional: Roof deck
2020,ZP-2020-003663,False,True,medium,Dimensional: Parking spaces
2020,HA-2020-003091,True,False,high,Use: Multi-family use
2020,ZP-2020-006435,False,False,low,No clear pattern matched
2020,ZP-2020-005717,True,True,medium,Both: Office use + Roof deck
2020,ZP-2020-000906,True,True,medium,Both: Restaurant use + Addition (height/size)
2020,ZP-2020-006032,True,False,high,Use: Permit for use
2020,ZP-2020-007404,True,False,high,Use: Permit for use
2020,ZP-2020-004412,False,True,medium,Dimensional: Roof deck
2020,ZP-2020-005033,False,True,medium,Dimensional: Roof deck
2020,ZP-2020-006291,False,True,medium,Dimensional: Parking spaces
2020,ZP-2020-007402,True,False,high,Use: Multi-family use
2020,ZP-2020-007403,True,False,high,Use: Permit for use
2020,ZP-2020-007395,False,False,low,No clear pattern matched
2020,ZP-2020-004814,False,True,medium,Dimensional: Front yard setback
2020,ZP-2020-004012,False,True,medium,Dimensional: Parking spaces
2020,ZP-2020-007091,True,False,high,Use: Multi-family use
2020,ZP-2020-001660,False,True,medium,Dimensional: Parking spaces
2020,ZP-2020-001826,True,False,high,Use: Multi-family use
2020,ZP-2020-006262,False,False,low,No clear pattern matched
2020,ZP-2020-008015,False,False,low,No clear pattern matched
2020,ZP-2020-007523,True,False,high,Use: Permit for use
2020,ZP-2020-007636,True,True,medium,Both: Multi-family use + Addition (height/size)
2020,1049732,False,False,low,No clear pattern matched
2020,1049737,False,False,low,No clear pattern matched
2020,ZP-2020-007765,False,False,low,No clear pattern matched
2020,ZP-2020-005347,False,True,medium,Dimensional: Parking spaces
2020,ZP-2020-004102,True,False,high,Use: Restaurant use
2020,ZP-2020-002715,False,True,medium,Dimensional: Parking spaces
2020,ZP-2020-006525,True,False,high,Use: Permit for use
2020,ZP-2020-006243,True,False,high,Use: Multi-family use
2020,ZP-2020-005661,False,True,medium,Dimensional: Roof deck
2020,1041929,True,True,medium,Both: Commercial use + Parking spaces
2020,ZP-2020-005650,True,False,high,Use: Restaurant use
2020,ZP-2020-007965,True,False,high,Use: Multi-family use
2020,ZP-2020-005186,False,False,low,No clear pattern matched
2020,ZP-2020-008160,False,False,low,No clear pattern matched
2020,ZP-2020-005716,False,True,medium,Dimensional: Roof deck
2020,ZP-2020-008427,True,False,high,Use: Multi-family use
2020,ZP-2020-006045,True,False,high,Use: Permit for use
2020,ZP-2020-007700,False,False,low,No clear pattern matched
2020,ZP-2020-007465,True,False,high,Use: Retail use
2020,ZP-2020-006267,False,True,medium,Dimensional: Roof deck
2020,ZP-2020-005667,False,False,low,No clear pattern matched
2020,ZP-2020-008265,False,False,low,No clear pattern matched
2020,ZP-2020-007074,True,True,medium,Both: Multi-family use + Roof deck
2020,ZP-2020-003415,True,False,high,Use: Multi-family use
2020,ZP-2020-004630,True,False,high,Use: Multi-family use
2020,ZP-2020-007166,True,False,high,Use: Childcare use
2020,ZP-2020-007394,True,False,high,Use: Childcare use
2020,ZP-2020-004264,True,False,high,Use: Multi-family use
2020,1052520,False,True,medium,Dimensional: Addition (height/size)
2020,ZP-2020-005580,True,True,medium,Both: Multi-family use + Addition (height/size)
2020,ZP-2020-007354,True,False,high,Use: Restaurant use
2020,ZP-2020-007705,True,True,medium,Both: Multi-family use + Roof deck
2020,ZP-2020-001433,True,False,high,Use: Permit for use
2020,ZP-2020-007412,False,False,low,No clear pattern matched
2020,ZP-2020-006199,False,True,medium,Dimensional: Parking spaces
2020,ZP-2020-002686,True,True,medium,Both: Multi-family use + Roof deck
2020,ZP-2020-008134,True,False,high,Use: Permit for use
2020,ZP-2020-006915,False,False,low,No clear pattern matched
2020,ZP-2020-006731,False,True,medium,Dimensional: Parking spaces
2020,ZP-2020-006169,False,True,medium,Dimensional: Roof deck
2020,ZP-2020-006170,False,True,medium,Dimensional: Roof deck
2020,ZP-2020-006171,False,True,medium,Dimensional: Roof deck
2020,ZP-2020-008800,False,False,low,No clear pattern matched
2020,ZP-2020-006237,False,False,low,No clear pattern matched
2020,ZP-2020-003364,False,True,medium,Dimensional: Roof deck
2020,ZP-2020-008263,True,False,high,Use: Permit for use
2020,ZP-2020-007169,True,False,high,Use: Permit for use
2020,ZP-2020-005944,True,False,high,Use: Commercial use
2020,ZP-2020-007805,True,False,high,Use: Permit for use
2020,ZP-2020-004939,False,True,medium,Dimensional: Parking spaces
2020,ZP-2020-001489,True,True,medium,Both: Multi-family use + Parking spaces
2020,ZP-2020-008526,True,False,high,Use: Multi-family use
2020,ZP-2020-006130,True,False,high,Use: Multi-family use
2020,ZP-2020-007229,True,False,high,Use: Multi-family use
2020,ZP-2020-008536,True,False,high,Use: Permit for use
2020,ZP-2020-008652,False,False,low,No clear pattern matched
2020,ZP-2020-007878,False,False,low,No clear pattern matched
2020,ZP-2020-004946,False,True,medium,Dimensional: Roof deck
2020,ZP-2020-006404,False,True,medium,Dimensional: Roof deck
2020,ZP-2020-004156,False,False,low,No clear pattern matched
2020,ZP-2020-002041,False,False,low,No clear pattern matched
2020,ZP-2020-005838,False,True,medium,Dimensional: Parking spaces
2020,ZP-2020-006510,False,True,medium,Dimensional: Roof deck
2020,ZP-2020-006260,True,False,high,Use: Permit for use
2020,ZP-2020-005304,False,True,medium,Dimensional: Addition (height/size)
2020,ZP-2020-007757,True,False,high,Use: Medical use
2020,ZP-2020-008635,False,False,low,No clear pattern matched
2020,ZP-2020-008634,True,False,high,Use: Permit for use
2020,ZP-2020-007484,False,True,medium,Dimensional: Addition (height/size)
2020,ZP-2020-007130,True,False,high,Use: Permit for use
2020,ZP-2020-006913,True,False,high,Use: Permit for use
2020,ZP-2020-007983,True,False,high,Use: Permit for use
2020,ZP-2020-007308,True,True,medium,Both: Multi-family use + Roof deck
2020,ZP-2020-006352,False,True,medium,Dimensional: Addition (height/size)
2020,ZP-2020-008195,True,False,high,Use: Permit for use
2020,ZP-2020-007929,False,False,low,No clear pattern matched
2020,ZP-2020-007861,False,True,medium,Dimensional: Roof deck
2020,ZP-2020-007557,False,True,medium,Dimensional: Addition (height/size)
2020,ZP-2020-008238,False,False,low,No clear pattern matched
2020,ZP-2020-008450,True,False,high,Use: Permit for use
2020,HA-2020-003765,False,False,low,No clear pattern matched
2020,HA-2020-003766,False,False,low,No clear pattern matched
2020,ZP-2020-006346,False,True,medium,Dimensional: Roof deck
2020,ZP-2020-008912,False,False,low,No clear pattern matched
2020,ZP-2020-008913,True,False,high,Use: Permit for use
2020,ZP-2020-008529,True,False,high,Use: Multi-family use
2020,ZP-2020-005618,False,True,medium,Dimensional: Parking spaces
2020,ZP-2020-004450,True,False,high,Use: Permit for use
2020,ZP-2020-007521,True,True,medium,Both: Multi-family use + Roof deck
2020,ZP-2020-007529,False,False,low,No clear pattern matched
2020,ZP-2020-007256,True,False,high,Use: Multi-family use
2020,ZP-2020-004058,False,True,medium,Dimensional: Parking spaces
2020,1054072,True,True,medium,Both: Restaurant use + Addition (height/size)
2020,1043559,False,True,medium,Dimensional: Parking spaces
2020,ZP-2020-008331,False,False,low,No clear pattern matched
2020,ZP-2020-004974,True,False,high,Use: Permit for use
2020,ZP-2020-007460,True,True,medium,Both: Multi-family use + Roof deck
2020,ZP-2020-004721,False,True,medium,Dimensional: Addition (height/size)
2020,ZP-2020-002903,False,True,medium,Dimensional: Roof deck
2020,ZP-2020-005006,False,True,medium,Dimensional: Addition (height/size)
2020,ZP-2020-009529,False,False,low,No clear pattern matched
2020,ZP-2020-001195,False,True,medium,Dimensional: Lot line (lot size)
2020,ZP-2020-008495,False,False,low,No clear pattern matched
2020,ZP-2020-001950,False,True,medium,Dimensional: Addition (height/size)
2020,ZP-2020-004052,False,True,medium,Dimensional: Addition (height/size)
2020,ZP-2020-009001,True,False,high,Use: Permit for use
2020,ZP-2020-008220,True,False,high,Use: Retail use
2020,ZP-2020-004628,False,False,low,No clear pattern matched
2020,ZP-2020-009043,True,False,high,Use: Multi-family use
2020,ZP-2020-008065,False,True,medium,Dimensional: Parking spaces
2020,HA-2020-004022,True,False,high,Use: Commercial use
2020,ZP-2020-009355,False,True,medium,Dimensional: Addition (height/size)
2020,ZP-2020-008048,True,True,medium,Both: Multi-family use + Roof deck
2020,1055779,False,True,medium,Dimensional: Addition (height/size)
2020,1046384,True,True,medium,Both: Multi-family use + Addition (height/size)
2020,ZP-2020-007478,True,True,medium,Both: Office use + Parking spaces
2020,HA-2020-004053,False,False,low,No clear pattern matched
2020,ZP-2020-006571,False,False,low,No clear pattern matched
2020,ZP-2020-005261,True,True,medium,Both: Multi-family use + Parking spaces
2020,ZP-2020-001347,False,True,medium,Dimensional: Parking spaces
2020,ZP-2020-006886,False,False,low,No clear pattern matched
2020,ZP-2020-005532,False,False,low,No clear pattern matched
2020,ZP-2020-008385,False,True,medium,Dimensional: Roof deck
2020,ZP-2020-008820,False,True,medium,Dimensional: Roof deck
2020,ZP-2020-001397,False,True,medium,Dimensional: Parking spaces
2020,ZP-2020-008027,True,False,high,Use: Multi-family use
2020,ZP-2020-009751,False,False,low,No clear pattern matched
2020,ZP-2020-006757,False,True,medium,Dimensional: Addition (height/size)
2020,ZP-2020-007954,False,True,medium,Dimensional: Roof deck
2020,ZP-2020-006297,False,True,medium,Dimensional: Addition (height/size)
2020,ZP-2020-009812,False,False,low,No clear pattern matched
2020,ZP-2020-008808,False,False,low,No clear pattern matched
2020,ZP-2020-005993,True,False,high,Use: Restaurant use
2020,ZP-2020-007723,False,False,low,No clear pattern matched
2020,ZP-2020-009010,True,True,medium,Both: Multi-family use + Parking spaces
2020,ZP-2020-001198,False,False,low,No clear pattern matched
2020,ZP-2020-009311,True,False,high,Use: Change of use
2020,HA-2020-004253,False,False,low,No clear pattern matched
2020,ZP-2020-010006,False,False,low,No clear pattern matched
2020,ZP-2020-009530,True,False,high,Use: Permit for use
2020,ZP-2020-006249,True,True,medium,Both: Multi-family use + Addition (height/size)
2020,ZP-2020-007027,False,False,low,No clear pattern matched
2020,ZP-2020-006839,True,False,high,Use: Permit for use
2020,ZP-2020-008398,False,True,medium,Dimensional: Roof deck
2020,ZP-2020-007284,True,True,medium,Both: Commercial use + Lot line (lot size)
2020,ZP-2020-002066,False,True,medium,Dimensional: Lot line (lot size)
2020,ZP-2020-002063,False,True,medium,Dimensional: Lot line (lot size)
2020,ZP-2020-009532,False,False,low,No clear pattern matched
2020,ZP-2020-008810,True,False,high,Use: Change of use
2020,ZP-2020-009374,False,True,medium,Dimensional: Addition (height/size)
2020,ZP-2020-008992,False,True,medium,Dimensional: Parking spaces
2020,ZP-2020-005542,False,False,low,No clear pattern matched
2020,ZP-2020-005685,True,False,high,Use: Permit for use
2020,ZP-2020-009053,True,False,high,Use: Multi-family use
2020,ZP-2020-007824,False,True,medium,Dimensional: Parking spaces
2020,ZP-2020-009853,False,False,low,No clear pattern matched
2020,ZP-2020-008703,False,True,medium,Dimensional: Roof deck
2020,ZP-2020-009263,False,True,medium,Dimensional: Roof deck
2020,ZP-2020-006768,True,False,high,Use: Business use
2020,ZP-2020-009856,True,False,high,Use: Permit for use
2020,ZP-2020-008914,True,False,high,Use: Permit for use
2020,ZP-2020-008927,False,True,medium,Dimensional: Addition (height/size)
2020,ZP-2020-004578,False,False,low,No clear pattern matched
2020,ZP-2020-007993,True,False,high,Use: Permit for use
2020,ZP-2020-007771,True,True,medium,Both: Change of use + Addition (height/size)
2020,ZP-2020-006592,False,True,medium,Dimensional: Parking spaces
2020,ZP-2020-007762,False,True,medium,Dimensional: Addition (height/size)
2020,ZP-2020-009869,True,False,high,Use: Permit for use
2020,ZP-2020-005643,False,True,medium,Dimensional: Roof deck
2020,ZP-2020-005644,False,False,low,No clear pattern matched
2020,ZP-2020-009819,False,False,low,No clear pattern matched
2020,ZP-2020-009420,False,True,medium,Dimensional: Parking spaces
2020,ZP-2020-008954,False,False,low,No clear pattern matched
2020,ZP-2020-002060,False,False,low,No clear pattern matched
2020,ZP-2020-008373,False,False,low,No clear pattern matched
2020,ZP-2020-009074,False,False,low,No clear pattern matched
2020,ZP-2020-007309,True,False,high,Use: Childcare use
2020,ZP-2020-008520,False,False,low,No clear pattern matched
2020,ZP-2020-005474,False,False,low,No clear pattern matched
2020,ZP-2020-010163,False,False,low,No clear pattern matched
2020,ZP-2020-008386,True,False,high,Use: Office use
2020,ZP-2020-007093,False,False,low,No clear pattern matched
2021,ZP-2020-009562,False,False,low,No clear pattern matched
2021,ZP-2020-010252,False,True,medium,Dimensional: Roof deck
2021,ZP-2020-008924,False,True,medium,Dimensional: Roof deck
2021,ZP-2020-009155,False,False,low,No clear pattern matched
2021,ZP-2020-009114,True,False,high,Use: Office use
2021,HA-2021-000057,False,True,medium,Dimensional: Roof deck
2021,HA-2021-000058,False,False,low,No clear pattern matched
2021,ZP-2020-005615,False,False,low,No clear pattern matched
2021,ZP-2020-008920,True,False,high,Use: Multi-family use
2021,ZP-2020-007967,False,False,low,No clear pattern matched
2021,ZP-2020-008184,True,True,medium,Both: Multi-family use + Roof deck
2021,ZP-2020-008966,True,False,high,Use: Restaurant use
2021,ZP-2020-010096,True,False,high,Use: Restaurant use
2021,ZP-2020-005916,False,True,medium,Dimensional: Parking spaces
2021,ZP-2020-010342,False,False,low,No clear pattern matched
2021,ZP-2020-010484,False,True,medium,Dimensional: Roof deck
2021,ZP-2020-008676,False,False,low,No clear pattern matched
2021,ZP-2020-008993,False,True,medium,Dimensional: Addition (height/size)
2021,ZP-2020-009523,False,True,medium,Dimensional: Roof deck
2021,ZP-2020-004274,False,False,low,No clear pattern matched
2021,ZP-2020-008404,False,False,low,No clear pattern matched
2021,ZP-2020-008663,True,False,high,Use: Permit for use
2021,ZP-2020-009275,False,True,medium,Dimensional: Roof deck
2021,ZP-2020-010369,True,False,high,Use: Retail use
2021,ZP-2020-006901,False,False,low,No clear pattern matched
2021,ZP-2020-006925,False,False,low,No clear pattern matched
2021,ZP-2020-006922,False,False,low,No clear pattern matched
2021,ZP-2020-006920,False,False,low,No clear pattern matched
2021,ZP-2020-006903,False,False,low,No clear pattern matched
2021,ZP-2020-006898,False,False,low,No clear pattern matched
2021,ZP-2020-006931,False,False,low,No clear pattern matched
2021,ZP-2020-009198,False,True,medium,Dimensional: Addition (height/size)
2021,ZP-2020-006911,False,False,low,No clear pattern matched
2021,ZP-2020-006927,False,False,low,No clear pattern matched
2021,ZP-2020-006912,False,False,low,No clear pattern matched
2021,ZP-2020-006905,False,False,low,No clear pattern matched
2021,ZP-2020-006896,False,False,low,No clear pattern matched
2021,ZP-2020-006888,False,False,low,No clear pattern matched
2021,HA-2021-000189,False,False,low,No clear pattern matched
2021,HA-2021-000213,False,True,medium,Dimensional: Addition (height/size)
2021,ZP-2020-007370,False,True,medium,Dimensional: Roof deck
2021,ZP-2020-003721,False,False,low,No clear pattern matched
2021,ZP-2020-009295,False,True,medium,Dimensional: Roof deck
2021,ZP-2020-008250,False,True,medium,Dimensional: Lot line (lot size)
2021,ZP-2020-005134,False,False,low,No clear pattern matched
2021,ZP-2020-007624,False,False,low,No clear pattern matched
2021,ZP-2020-002889,False,False,low,No clear pattern matched
2021,ZP-2020-010098,True,True,medium,Both: Multi-family use + Parking spaces
2021,ZP-2020-007103,False,True,medium,Dimensional: Roof deck
2021,ZP-2020-010204,False,False,low,No clear pattern matched
2021,ZP-2020-010373,False,True,medium,Dimensional: Parking spaces
2021,ZP-2020-008869,True,False,high,Use: Multi-family use
2021,ZP-2020-004436,False,False,low,No clear pattern matched
2021,ZP-2020-009346,True,False,high,Use: Multi-family use
2021,ZP-2020-006918,False,False,low,No clear pattern matched
2021,ZP-2020-010371,True,False,high,Use: Permit for use
2021,ZP-2020-009515,True,False,high,Use: Multi-family use
2021,ZP-2020-009648,False,True,medium,Dimensional: Addition (height/size)
2021,ZP-2020-005071,False,True,medium,Dimensional: Parking spaces
2021,ZP-2020-008219,True,False,high,Use: Office use
2021,ZP-2020-002163,True,True,medium,Both: Multi-family use + Roof deck
2021,ZP-2020-008576,True,False,high,Use: Multi-family use
2021,ZP-2020-010152,True,False,high,Use: Permit for use
2021,ZP-2020-009471,False,True,medium,Dimensional: Parking spaces
2021,ZP-2021-000217,True,False,high,Use: Permit for use
2021,ZP-2020-010184,True,True,medium,Both: Commercial use + Roof deck
2021,ZP-2020-009145,False,True,medium,Dimensional: Roof deck
2021,ZP-2020-008332,True,False,high,Use: Permit for use
2021,ZP-2020-009883,False,False,low,No clear pattern matched
2021,ZP-2020-009878,True,True,medium,Both: Commercial use + Roof deck
2021,ZP-2020-009313,False,True,medium,Dimensional: Parking spaces
2021,ZP-2021-000070,False,False,low,No clear pattern matched
2021,ZP-2020-010446,False,False,low,No clear pattern matched
2021,ZP-2020-006519,False,True,medium,Dimensional: Roof deck
2021,ZP-2020-009940,True,True,medium,Both: Multi-family use + Parking spaces
2021,ZP-2020-009871,False,False,low,No clear pattern matched
2021,ZP-2020-007567,False,True,medium,Dimensional: Addition (height/size)
2021,ZP-2020-009097,False,True,medium,Dimensional: Addition (height/size)
2021,1055746,False,False,low,No clear pattern matched
2021,ZP-2020-008892,True,True,medium,Both: Multi-family use + Roof deck
2021,ZP-2020-008895,True,True,medium,Both: Multi-family use + Roof deck
2021,ZP-2020-005775,False,True,medium,Dimensional: Roof deck
2021,ZP-2021-000227,True,False,high,Use: Permit for use
2021,ZP-2020-009732,False,True,medium,Dimensional: Roof deck
2021,ZP-2020-008856,False,False,low,No clear pattern matched
2021,ZP-2020-010567,False,True,medium,Dimensional: Roof deck
2021,ZP-2020-010233,True,False,high,Use: Permit for use
2021,ZP-2020-005404,False,False,low,No clear pattern matched
2021,ZP-2020-009465,True,True,medium,Both: Multi-family use + Roof deck
2021,ZP-2020-009215,True,False,high,Use: Multi-family use
2021,HA-2021-000477,False,False,low,No clear pattern matched
2021,ZP-2021-000114,False,True,medium,Dimensional: Roof deck
2021,ZP-2020-009659,True,True,medium,Both: Multi-family use + Roof deck
2021,ZP-2020-010459,True,False,high,Use: Permit for use
2021,ZP-2020-009514,False,True,medium,Dimensional: Addition (height/size)
2021,ZP-2020-009833,False,False,low,No clear pattern matched
2021,ZP-2020-010519,False,True,medium,Dimensional: Addition (height/size)
2021,ZP-2020-009742,False,True,medium,Dimensional: Lot line (lot size)
2021,ZP-2020-009463,False,True,medium,Dimensional: Roof deck
2021,ZP-2020-010514,True,False,high,Use: Permit for use
2021,ZP-2020-010551,False,True,medium,Dimensional: Parking spaces
2021,ZP-2020-010100,True,False,high,Use: Permit for use
2021,ZP-2020-008493,False,True,medium,Dimensional: Addition (height/size)
2021,ZP-2020-009430,True,True,medium,Both: Change of use + Roof deck
2021,ZP-2020-009047,True,False,high,Use: Restaurant use
2021,ZP-2020-005541,False,False,low,No clear pattern matched
2021,ZP-2020-008375,False,False,low,No clear pattern matched
2021,ZP-2020-005869,False,False,low,No clear pattern matched
2021,ZP-2020-007372,True,False,high,Use: Multi-family use
2021,ZP-2020-009784,False,False,low,No clear pattern matched
2021,ZP-2020-007056,True,False,high,Use: Retail use
2021,ZP-2021-000507,True,False,high,Use: Permit for use
2021,ZP-2020-009390,False,False,low,No clear pattern matched
2021,ZP-2020-006595,False,True,medium,Dimensional: Addition (height/size)
2021,ZP-2021-000030,True,True,medium,Both: Change of use + Lot line (lot size)
2021,ZP-2020-010463,False,False,low,No clear pattern matched
2021,ZP-2020-010497,False,False,low,No clear pattern matched
2021,ZP-2021-000494,False,True,medium,Dimensional: Addition (height/size)
2021,ZP-2021-000987,False,False,low,No clear pattern matched
2021,ZP-2020-009269,False,False,low,No clear pattern matched
2021,ZP-2021-000764,False,False,low,No clear pattern matched
2021,ZP-2020-010286,False,True,medium,Dimensional: Parking spaces
2021,ZP-2020-008899,False,True,medium,Dimensional: Addition (height/size)
2021,ZP-2020-009470,True,True,medium,Both: Restaurant use + Parking spaces
2021,ZP-2021-000453,False,False,low,No clear pattern matched
2021,ZP-2020-001197,False,False,low,No clear pattern matched
2021,ZP-2020-001487,True,True,medium,Both: Change of use + Lot line (lot size)
2021,ZP-2021-001128,False,False,low,No clear pattern matched
2021,ZP-2021-000450,False,False,low,No clear pattern matched
2021,ZP-2021-000603,False,False,low,No clear pattern matched
2021,ZP-2021-000079,True,True,medium,Both: Multi-family use + Roof deck
2021,ZP-2020-006961,False,True,medium,Dimensional: Roof deck
2021,ZP-2020-010475,False,False,low,No clear pattern matched
2021,ZP-2020-010129,True,True,medium,Both: Commercial use + Roof deck
2021,ZP-2020-008563,True,True,medium,Both: Multi-family use + Parking spaces
2021,HA-2021-000659,True,True,medium,Both: Restaurant use + Parking spaces
2021,ZP-2021-000052,False,False,low,No clear pattern matched
2021,ZP-2020-009656,False,False,low,No clear pattern matched
2021,ZP-2021-000077,False,True,medium,Dimensional: Roof deck
2021,ZP-2020-009141,False,True,medium,Dimensional: Lot line (lot size)
2021,ZP-2020-005942,False,True,medium,Dimensional: Parking spaces
2021,ZP-2021-000191,False,True,medium,Dimensional: Lot line (lot size)
2021,ZP-2021-000302,True,False,high,Use: Multi-family use
2021,ZP-2021-000309,True,False,high,Use: Multi-family use
2021,ZP-2021-000140,False,True,medium,Dimensional: Roof deck
2021,ZP-2021-000238,False,True,medium,Dimensional: Parking spaces
2021,ZP-2021-000242,True,True,medium,Both: Multi-family use + Parking spaces
2021,ZP-2021-000153,False,False,low,No clear pattern matched
2021,ZP-2021-000912,False,True,medium,Dimensional: Parking spaces
2021,ZP-2020-000658,True,False,high,Use: Permit for use
2021,ZP-2021-000623,True,False,high,Use: Restaurant use
2021,ZP-2021-000305,True,False,high,Use: Permit for use
2021,ZP-2020-006834,False,True,medium,Dimensional: Addition (height/size)
2021,ZP-2020-009885,False,True,medium,Dimensional: Roof deck
2021,ZP-2021-000317,True,False,high,Use: Permit for use
2021,ZP-2021-000190,True,False,high,Use: Commercial use
2021,ZP-2021-000243,False,True,medium,Dimensional: Parking spaces
2021,ZP-2021-000244,False,True,medium,Dimensional: Parking spaces
2021,ZP-2021-000214,True,False,high,Use: Multi-family use
2021,ZP-2021-001014,True,False,high,Use: Multi-family use
2021,ZP-2020-010481,True,False,high,Use: Restaurant use
2021,ZP-2021-000667,False,True,medium,Dimensional: Parking spaces
2021,ZP-2020-006690,False,False,low,No clear pattern matched
2021,ZP-2021-001037,False,True,medium,Dimensional: Roof deck
2021,ZP-2021-001041,False,False,low,No clear pattern matched
2021,ZP-2021-000092,False,False,low,No clear pattern matched
2021,ZP-2021-000230,True,False,high,Use: Office use
2021,ZP-2021-000691,False,False,low,No clear pattern matched
2021,ZP-2020-010654,False,True,medium,Dimensional: Roof deck
2021,ZP-2021-001285,False,True,medium,Dimensional: Setback
2021,ZP-2021-001261,True,True,medium,Both: Multi-family use + Addition (height/size)
2021,ZP-2020-010384,False,True,medium,Dimensional: Addition (height/size)
2021,ZP-2020-008577,False,True,medium,Dimensional: Addition (height/size)
2021,ZP-2021-000661,True,True,medium,Both: Multi-family use + Addition (height/size)
2021,ZP-2021-000347,False,False,low,No clear pattern matched
2021,ZP-2021-001069,False,False,low,No clear pattern matched
2021,ZP-2021-000033,True,True,medium,Both: Change of use + Addition (height/size)
2021,ZP-2020-010363,False,True,medium,Dimensional: Roof deck
2021,ZP-2021-001254,False,False,low,No clear pattern matched
2021,ZP-2021-000382,True,False,high,Use: Medical use
2021,ZP-2021-000425,False,False,low,No clear pattern matched
2021,ZP-2020-010560,False,True,medium,Dimensional: Roof deck
2021,ZP-2021-000108,False,False,low,No clear pattern matched
2021,ZP-2020-009706,True,False,high,Use: Restaurant use
2021,ZP-2021-000349,True,False,high,Use: Permit for use
2021,ZP-2021-001498,False,False,low,No clear pattern matched
2021,HA-2021-000851,False,False,low,No clear pattern matched
2021,HA-2021-000854,False,False,low,No clear pattern matched
2021,ZP-2021-000675,True,False,high,Use: Permit for use
2021,ZP-2020-008798,False,True,medium,Dimensional: Parking spaces
2021,ZP-2021-000808,False,False,low,No clear pattern matched
2021,ZP-2021-000934,True,False,high,Use: Restaurant use
2021,ZP-2020-005463,False,True,medium,Dimensional: Parking spaces
2021,HA-2021-000889,False,False,low,No clear pattern matched
2021,ZP-2020-006614,False,True,medium,Dimensional: Parking spaces
2021,HA-2021-000892,False,False,low,No clear pattern matched
2021,ZP-2021-000536,True,False,high,Use: Restaurant use
2021,ZP-2021-001052,False,True,medium,Dimensional: Roof deck
2021,HA-2021-000899,False,False,low,No clear pattern matched
2021,ZP-2020-009711,False,True,medium,Dimensional: Lot line (lot size)
2021,ZP-2020-010143,False,False,low,No clear pattern matched
2021,ZP-2021-001111,False,False,low,No clear pattern matched
2021,ZP-2021-001775,False,False,low,No clear pattern matched
2021,ZP-2021-001842,False,True,medium,Dimensional: Roof deck
2021,ZP-2020-009333,False,True,medium,Dimensional: Addition (height/size)
2021,ZP-2020-009320,False,True,medium,Dimensional: Parking spaces
2021,ZP-2021-000946,True,False,high,Use: Multi-family use
2021,ZP-2020-009492,True,True,medium,Both: Multi-family use + Roof deck
2021,ZP-2021-001610,True,False,high,Use: Business use
2021,ZP-2020-009036,True,True,medium,Both: Restaurant use + Roof deck
2021,ZP-2021-001216,False,True,medium,Dimensional: Addition (height/size)
2021,ZP-2020-008135,False,True,medium,Dimensional: Lot line (lot size)
2021,ZP-2021-001213,False,True,medium,Dimensional: Addition (height/size)
2021,ZP-2021-001426,True,False,high,Use: Multi-family use
2021,ZP-2021-001803,False,False,low,No clear pattern matched
2021,ZP-2021-000183,False,True,medium,Dimensional: Roof deck
2021,ZP-2020-009187,False,False,low,No clear pattern matched
2021,ZP-2020-010125,False,True,medium,Dimensional: Addition (height/size)
2021,HA-2021-000979,False,False,low,No clear pattern matched
2021,ZP-2021-000810,True,False,high,Use: Multi-family use
2021,ZP-2020-006673,True,False,high,Use: Retail use
2021,ZP-2020-008318,False,False,low,No clear pattern matched
2021,ZP-2020-005368,False,False,low,No clear pattern matched
2021,ZP-2020-008624,False,True,medium,Dimensional: Parking spaces
2021,ZP-2020-004547,False,True,medium,Dimensional: Addition (height/size)
2021,ZP-2021-001267,False,False,low,No clear pattern matched
2021,ZP-2020-008618,False,False,low,No clear pattern matched
2021,ZP-2020-009546,False,False,low,No clear pattern matched
2021,ZP-2020-004486,True,False,high,Use: Change of use
2021,ZP-2021-000899,True,False,high,Use: Multi-family use
2021,ZP-2020-010265,False,False,low,No clear pattern matched
2021,ZP-2021-000068,False,False,low,No clear pattern matched
2021,ZP-2021-001772,False,False,low,No clear pattern matched
2021,ZP-2020-009152,False,False,low,No clear pattern matched
2021,ZP-2021-001972,False,False,low,No clear pattern matched
2021,ZP-2020-010259,True,False,high,Use: Retail use
2021,ZP-2021-000738,True,True,medium,Both: Multi-family use + Roof deck
2021,ZP-2021-001040,False,False,low,No clear pattern matched
2021,ZP-2021-000105,False,True,medium,Dimensional: Roof deck
2021,ZP-2021-000368,True,False,high,Use: Multi-family use
2021,ZP-2020-009641,False,False,low,No clear pattern matched
2021,ZP-2021-001217,True,True,medium,Both: Multi-family use + Addition (height/size)
2021,ZP-2021-001405,False,False,low,No clear pattern matched
2021,ZP-2020-010385,False,True,medium,Dimensional: Roof deck
2021,ZP-2020-009713,False,True,medium,Dimensional: Lot line (lot size)
2021,ZP-2021-000172,False,True,medium,Dimensional: Lot line (lot size)
2021,ZP-2020-009712,False,True,medium,Dimensional: Lot line (lot size)
2021,ZP-2020-009709,False,False,low,No clear pattern matched
2021,ZP-2021-000165,False,False,low,No clear pattern matched
2021,ZP-2020-009388,False,True,medium,Dimensional: Lot line (lot size)
2021,ZP-2021-000164,False,True,medium,Dimensional: Lot line (lot size)
2021,ZP-2021-000170,False,True,medium,Dimensional: Lot line (lot size)
2021,ZP-2021-000169,False,True,medium,Dimensional: Lot line (lot size)
2021,ZP-2021-000168,False,True,medium,Dimensional: Lot line (lot size)
2021,ZP-2021-000166,False,True,medium,Dimensional: Lot line (lot size)
2021,ZP-2021-002134,False,False,low,No clear pattern matched
2021,ZP-2021-000338,False,True,medium,Dimensional: Lot line (lot size)
2021,ZP-2020-008384,False,True,medium,Dimensional: Addition (height/size)
2021,ZP-2021-001948,False,True,medium,Dimensional: Parking spaces
2021,ZP-2020-007215,False,False,low,No clear pattern matched
2021,ZP-2020-010174,False,False,low,No clear pattern matched
2021,ZP-2020-010579,False,True,medium,Dimensional: Parking spaces
2021,ZP-2021-000906,True,False,high,Use: Change of use
2021,ZP-2021-000910,False,True,medium,Dimensional: Parking spaces
2021,ZP-2020-009592,False,True,medium,Dimensional: Addition (height/size)
2021,ZP-2020-001357,False,True,medium,Dimensional: Addition (height/size)
2021,ZP-2021-000510,True,False,high,Use: Permit for use
2021,ZP-2020-010574,True,False,high,Use: Permit for use
2021,ZP-2020-000459,True,True,medium,Both: Multi-family use + Roof deck
2021,ZP-2021-002262,False,True,medium,Dimensional: Roof deck
2021,ZP-2021-001999,True,True,medium,Both: Multi-family use + Roof deck
2021,ZP-2021-002227,False,False,low,No clear pattern matched
2021,1037794,False,False,low,No clear pattern matched
2021,ZP-2021-001966,False,False,low,No clear pattern matched
2021,ZP-2021-001964,True,True,medium,Both: Multi-family use + Roof deck
2021,ZP-2020-010488,False,True,medium,Dimensional: Parking spaces
2021,ZP-2021-001409,False,False,low,No clear pattern matched
2021,ZP-2021-000537,True,False,high,Use: Permit for use
2021,ZP-2021-001598,False,False,low,No clear pattern matched
2021,ZP-2021-002257,False,False,low,No clear pattern matched
2021,ZP-2021-002095,True,False,high,Use: Multi-family use
2021,ZP-2021-000083,False,True,medium,Dimensional: Addition (height/size)
2021,ZP-2020-008075,False,False,low,No clear pattern matched
2021,ZP-2021-001199,True,True,medium,Both: Multi-family use + Roof deck
2021,ZP-2021-001962,False,False,low,No clear pattern matched
2021,ZP-2021-001960,False,False,low,No clear pattern matched
2021,ZP-2021-001377,False,False,low,No clear pattern matched
2021,ZP-2021-001680,False,False,low,No clear pattern matched
2021,ZP-2021-000937,True,False,high,Use: Retail use
2021,HA-2021-001212,False,True,medium,Dimensional: Roof deck
2021,ZP-2021-001124,True,False,high,Use: Multi-family use
2021,ZP-2020-001112,False,True,medium,Dimensional: Roof deck
2021,ZP-2021-000094,False,True,medium,Dimensional: Roof deck
2021,ZP-2021-001362,True,False,high,Use: Restaurant use
2021,ZP-2021-001166,True,False,high,Use: Commercial use
2021,ZP-2021-001957,False,False,low,No clear pattern matched
2021,ZP-2021-000505,False,True,medium,Dimensional: Roof deck
2021,ZP-2021-000180,False,False,low,No clear pattern matched
2021,ZP-2020-008684,False,True,medium,Dimensional: Parking spaces
2021,ZP-2021-001989,False,False,low,No clear pattern matched
2021,ZP-2021-001844,False,True,medium,Dimensional: Addition (height/size)
2021,ZP-2021-000554,False,False,low,No clear pattern matched
2021,ZP-2021-002770,False,False,low,No clear pattern matched
2021,ZP-2020-006305,False,True,medium,Dimensional: Addition (height/size)
2021,ZP-2021-001856,False,True,medium,Dimensional: Roof deck
2021,ZP-2021-001857,False,True,medium,Dimensional: Roof deck
2021,ZP-2021-001855,False,True,medium,Dimensional: Roof deck
2021,ZP-2021-001411,False,False,low,No clear pattern matched
2021,ZP-2021-000441,True,False,high,Use: Business use
2021,ZP-2021-001524,False,False,low,No clear pattern matched
2021,ZP-2021-000984,False,False,low,No clear pattern matched
2021,ZP-2021-001650,True,False,high,Use: Medical use
2021,ZP-2021-000985,True,False,high,Use: Permit for use
2021,ZP-2021-000703,False,False,low,No clear pattern matched
2021,ZP-2020-008807,False,True,medium,Dimensional: Roof deck
2021,ZP-2021-001197,True,False,high,Use: Permit for use
2021,ZP-2021-001290,True,False,high,Use: Restaurant use
2021,ZP-2021-001943,True,False,high,Use: Multi-family use
2021,ZP-2021-001938,True,False,high,Use: Multi-family use
2021,ZP-2021-001940,True,False,high,Use: Multi-family use
2021,ZP-2021-002616,False,False,low,No clear pattern matched
2021,ZP-2021-002223,False,True,medium,Dimensional: Roof deck
2021,ZP-2020-001258,False,True,medium,Dimensional: Addition (height/size)
2021,ZP-2021-001007,False,False,low,No clear pattern matched
2021,ZP-2021-001726,False,False,low,No clear pattern matched
2021,ZP-2020-010527,False,False,low,No clear pattern matched
2021,ZP-2021-000563,False,False,low,No clear pattern matched
2021,ZP-2021-002777,False,False,low,No clear pattern matched
2021,ZP-2021-001952,False,False,low,No clear pattern matched
2021,ZP-2020-010701,False,True,medium,Dimensional: Roof deck
2021,ZP-2021-002812,False,False,low,No clear pattern matched
2021,ZP-2021-001993,False,False,low,No clear pattern matched
2021,ZP-2020-010036,False,True,medium,Dimensional: Roof deck
2021,ZP-2021-001095,True,False,high,Use: Permit for use
2021,ZP-2021-000084,True,False,high,Use: Multi-family use
2021,ZP-2021-002532,True,False,high,Use: Multi-family use
2021,HA-2021-001364,False,False,low,No clear pattern matched
2021,ZP-2021-001474,False,True,medium,Dimensional: Roof deck
2021,ZP-2021-001476,False,True,medium,Dimensional: Roof deck
2021,ZP-2021-001478,False,True,medium,Dimensional: Roof deck
2021,ZP-2021-001532,False,True,medium,Dimensional: Roof deck
2021,1022448,False,True,medium,Dimensional: Roof deck
2021,ZP-2021-001535,True,True,medium,Both: Multi-family use + Roof deck
2021,ZP-2021-001529,True,True,medium,Both: Multi-family use + Roof deck
2021,ZP-2020-009675,False,True,medium,Dimensional: Lot line (lot size)
2021,ZP-2021-000314,True,False,high,Use: Childcare use
2021,ZP-2021-001473,False,True,medium,Dimensional: Roof deck
2021,ZP-2021-002225,False,True,medium,Dimensional: Addition (height/size)
2021,ZP-2021-002829,True,False,high,Use: Multi-family use
2021,ZP-2021-001789,True,False,high,Use: Multi-family use
2021,ZP-2021-003102,False,True,medium,Dimensional: Parking spaces
2021,ZP-2021-001086,False,True,medium,Dimensional: Roof deck
2021,ZP-2020-009186,False,True,medium,Dimensional: Addition (height/size)
2021,HA-2021-001433,True,True,medium,Both: Multi-family use + Parking spaces
2021,HA-2021-001439,True,False,high,Use: Multi-family use
2021,ZP-2021-001133,True,False,high,Use: Childcare use
2021,ZP-2021-002320,True,False,high,Use: Office use
2021,ZP-2021-001788,True,False,high,Use: Permit for use
2021,ZP-2020-002257,False,False,low,No clear pattern matched
2021,ZP-2021-002895,False,True,medium,Dimensional: Roof deck
2021,ZP-2020-008357,True,True,medium,Both: Multi-family use + Parking spaces
2021,ZP-2021-001489,True,True,medium,Both: Multi-family use + Roof deck
2021,ZP-2021-002355,True,True,medium,Both: Multi-family use + Roof deck
2021,ZP-2021-002393,True,False,high,Use: Retail use
2021,ZP-2021-001790,True,False,high,Use: Permit for use
2021,ZP-2021-001273,False,False,low,No clear pattern matched
2021,ZP-2021-002174,False,False,low,No clear pattern matched
2021,ZP-2021-000042,True,False,high,Use: Retail use
2021,ZP-2021-000765,False,False,low,No clear pattern matched
2021,ZP-2021-002780,False,False,low,No clear pattern matched
2021,ZP-2020-004202,True,True,medium,Both: Office use + Roof deck
2021,ZP-2021-003161,False,False,low,No clear pattern matched
2021,ZP-2021-001415,True,False,high,Use: Multi-family use
2021,ZP-2021-001454,True,False,high,Use: Multi-family use
2021,ZP-2021-001888,False,False,low,No clear pattern matched
2021,ZP-2020-004918,True,False,high,Use: Multi-family use
2021,ZP-2021-002103,False,False,low,No clear pattern matched
2021,ZP-2021-002102,False,True,medium,Dimensional: Roof deck
2021,ZP-2021-001890,True,False,high,Use: Commercial use
2021,ZP-2021-001951,False,True,medium,Dimensional: Addition (height/size)
2021,ZP-2021-002807,True,True,medium,Both: Multi-family use + Parking spaces
2021,ZP-2021-001071,False,True,medium,Dimensional: Roof deck
2021,HA-2021-001522,False,False,low,No clear pattern matched
2021,HA-2021-001525,False,False,low,No clear pattern matched
2021,ZP-2021-002215,False,False,low,No clear pattern matched
2021,HA-2021-001533,False,False,low,No clear pattern matched
2021,ZP-2021-001660,False,False,low,No clear pattern matched
2021,ZP-2021-002050,False,True,medium,Dimensional: Roof deck
2021,ZP-2021-001375,False,False,low,No clear pattern matched
2021,ZP-2021-002443,True,False,high,Use: Multi-family use
2021,ZP-2021-003006,False,False,low,No clear pattern matched
2021,ZP-2021-002409,False,False,low,No clear pattern matched
2021,ZP-2021-002442,False,False,low,No clear pattern matched
2021,ZP-2021-001909,True,False,high,Use: Retail use
2021,ZP-2021-001792,True,True,medium,Both: Commercial use + Addition (height/size)
2021,ZP-2021-002637,False,False,low,No clear pattern matched
2021,ZP-2021-002272,False,False,low,No clear pattern matched
2021,ZP-2021-001539,True,True,medium,Both: Multi-family use + Roof deck
2021,ZP-2021-001538,False,True,medium,Dimensional: Roof deck
2021,ZP-2021-001534,False,True,medium,Dimensional: Roof deck
2021,ZP-2021-002957,False,True,medium,Dimensional: Addition (height/size)
2021,ZP-2021-002832,True,False,high,Use: Change of use
2021,ZP-2021-002764,False,False,low,No clear pattern matched
2021,ZP-2021-002769,True,False,high,Use: Permit for use
2021,ZP-2021-003470,False,False,low,No clear pattern matched
2021,ZP-2020-010498,False,True,medium,Dimensional: Addition (height/size)
2021,ZP-2021-000963,True,False,high,Use: Multi-family use
2021,ZP-2021-002100,False,True,medium,Dimensional: Roof deck
2021,ZP-2021-002186,False,True,medium,Dimensional: Roof deck
2021,ZP-2021-001284,False,True,medium,Dimensional: Roof deck
2021,ZP-2021-001342,True,False,high,Use: Commercial use
2021,ZP-2020-009066,False,True,medium,Dimensional: Addition (height/size)
2021,ZP-2021-002489,True,False,high,Use: Restaurant use
2021,ZP-2021-003359,True,False,high,Use: Multi-family use
2021,ZP-2021-002802,False,False,low,No clear pattern matched
2021,ZP-2021-002801,False,False,low,No clear pattern matched
2021,ZP-2021-000340,False,True,medium,Dimensional: Addition (height/size)
2021,ZP-2021-002432,False,False,low,No clear pattern matched
2021,ZP-2020-009809,False,True,medium,Dimensional: Roof deck
2021,ZP-2020-006596,False,True,medium,Dimensional: Parking spaces
2021,ZP-2020-009945,False,False,low,No clear pattern matched
2021,ZP-2021-002276,True,True,medium,Both: Multi-family use + Parking spaces
2021,ZP-2021-001973,False,True,medium,Dimensional: Parking spaces
2021,ZP-2020-009326,False,True,medium,Dimensional: Parking spaces
2021,ZP-2021-003014,True,False,high,Use: Permit for use
2021,ZP-2021-002666,False,False,low,No clear pattern matched
2021,ZP-2020-010238,False,True,medium,Dimensional: Parking spaces
2021,ZP-2021-003757,True,True,medium,Both: Multi-family use + Parking spaces
2021,ZP-2021-002166,False,True,medium,Dimensional: Addition (height/size)
2021,ZP-2021-002035,True,False,high,Use: Restaurant use
2021,ZP-2021-003142,True,True,medium,Both: Change of use + Addition (height/size)
2021,ZP-2021-004022,False,True,medium,Dimensional: Roof deck
2021,ZP-2021-000794,True,False,high,Use: Permit for use
2021,ZP-2021-002876,True,True,medium,Both: Commercial use + Lot line (lot size)
2021,ZP-2021-003490,True,True,medium,Both: Multi-family use + Roof deck
2021,ZP-2020-010658,False,True,medium,Dimensional: Parking spaces
2021,ZP-2021-002904,True,True,medium,Both: Commercial use + Roof deck
2021,ZP-2021-002751,True,True,medium,Both: Multi-family use + Parking spaces
2021,ZP-2021-002307,True,True,medium,Both: Multi-family use + Addition (height/size)
2021,ZP-2020-009144,False,True,medium,Dimensional: Side yard setback
2021,ZP-2021-001692,False,False,low,No clear pattern matched
2021,ZP-2021-003510,False,True,medium,Dimensional: Parking spaces
2021,ZP-2021-001566,True,True,medium,Both: Restaurant use + Addition (height/size)
2021,ZP-2021-001575,False,True,medium,Dimensional: Addition (height/size)
2021,ZP-2020-004480,False,True,medium,Dimensional: Roof deck
2021,ZP-2021-003778,True,False,high,Use: Multi-family use
2021,ZP-2021-002325,True,False,high,Use: Restaurant use
2021,ZP-2021-002117,True,True,medium,Both: Change of use + Addition (height/size)
2021,ZP-2021-002275,True,False,high,Use: Multi-family use
2021,ZP-2021-003253,False,False,low,No clear pattern matched
2021,ZP-2021-000684,True,True,medium,Both: Multi-family use + Roof deck
2021,ZP-2021-003222,True,True,medium,Both: Multi-family use + Parking spaces
2021,1050768,False,True,medium,Dimensional: Roof deck
2021,1050769,False,True,medium,Dimensional: Roof deck
2021,ZP-2021-003504,True,False,high,Use: Commercial use
2021,ZP-2021-002894,True,False,high,Use: Multi-family use
2021,ZP-2021-002887,True,False,high,Use: Multi-family use
2021,ZP-2021-002482,True,True,medium,Both: Multi-family use + Parking spaces
2021,ZP-2021-001117,True,True,medium,Both: Multi-family use + Addition (height/size)
2021,ZP-2021-001324,False,True,medium,Dimensional: Addition (height/size)
2021,ZP-2021-001423,False,False,low,No clear pattern matched
2021,ZP-2021-002669,False,False,low,No clear pattern matched
2021,ZP-2020-008553,False,True,medium,Dimensional: Parking spaces
2021,ZP-2021-002427,True,True,medium,Both: Multi-family use + Roof deck
2021,ZP-2021-003466,False,True,medium,Dimensional: Roof deck
2021,ZP-2021-001632,False,True,medium,Dimensional: Roof deck
2021,ZP-2021-002574,False,True,medium,Dimensional: Roof deck
2021,ZP-2021-002576,False,True,medium,Dimensional: Roof deck
2021,ZP-2021-002575,False,True,medium,Dimensional: Roof deck
2021,ZP-2021-002549,True,True,medium,Both: Multi-family use + Parking spaces
2021,ZP-2021-002926,False,False,low,No clear pattern matched
2021,ZP-2021-002289,False,False,low,No clear pattern matched
2021,ZP-2021-001304,False,True,medium,Dimensional: Roof deck
2021,ZP-2020-004911,True,False,high,Use: Medical use
2021,ZP-2021-001963,True,False,high,Use: Multi-family use
2021,ZP-2021-003335,False,False,low,No clear pattern matched
2021,ZP-2020-010361,False,True,medium,Dimensional: Addition (height/size)
2021,ZP-2021-002329,False,True,medium,Dimensional: Parking spaces
2021,ZP-2021-001168,True,False,high,Use: Short-term rental
2021,ZP-2021-000363,True,False,high,Use: Change of use
2021,ZP-2020-006889,False,True,medium,Dimensional: Addition (height/size)
2021,ZP-2021-003506,False,False,low,No clear pattern matched
2021,ZP-2021-001641,True,False,high,Use: Multi-family use
2021,ZP-2021-001640,True,False,high,Use: Multi-family use
2021,ZP-2021-003681,True,False,high,Use: School use
2021,ZP-2021-002775,False,False,low,No clear pattern matched
2021,MI-2020-000037,False,False,low,No clear pattern matched
2021,ZP-2021-003059,False,True,medium,Dimensional: Addition (height/size)
2021,ZP-2021-003060,False,True,medium,Dimensional: Addition (height/size)
2021,ZP-2021-004145,False,False,low,No clear pattern matched
2021,ZP-2021-004151,True,False,high,Use: Multi-family use
2021,ZP-2021-002943,True,True,medium,Both: Office use + Parking spaces
2021,ZP-2021-002638,False,True,medium,Dimensional: Rear yard setback
2021,ZP-2021-002727,True,False,high,Use: Permit for use
2021,ZP-2021-003314,True,True,medium,Both: Change of use + Addition (height/size)
2021,ZP-2021-000996,True,True,medium,Both: Change of use + Addition (height/size)
2021,ZP-2021-004353,True,False,high,Use: Multi-family use
2021,ZP-2021-003144,False,True,medium,Dimensional: Roof deck
2021,ZP-2021-003411,False,True,medium,Dimensional: Roof deck
2021,ZP-2021-003412,False,False,low,No clear pattern matched
2021,ZP-2021-002577,False,False,low,No clear pattern matched
2021,ZP-2020-010698,True,False,high,Use: Multi-family use
2021,ZP-2021-003312,False,False,low,No clear pattern matched
2021,ZP-2020-008362,False,False,low,No clear pattern matched
2021,ZP-2021-000700,False,True,medium,Dimensional: Roof deck
2021,ZP-2021-004262,False,False,low,No clear pattern matched
2021,ZP-2021-003806,True,False,high,Use: Multi-family use
2021,ZP-2021-003675,False,False,low,No clear pattern matched
2021,ZP-2021-002703,True,False,high,Use: Multi-family use
2021,ZP-2021-004015,True,True,medium,Both: Restaurant use + Rear yard setback
2021,ZP-2021-003539,False,False,low,No clear pattern matched
2021,ZP-2021-003240,False,False,low,No clear pattern matched
2021,ZP-2021-001425,True,True,medium,Both: Multi-family use + Roof deck
2021,ZP-2021-001422,True,True,medium,Both: Change of use + Addition (height/size)
2021,ZP-2021-004455,False,False,low,No clear pattern matched
2021,ZP-2021-003410,False,True,medium,Dimensional: Roof deck
2021,HA-2021-001862,False,False,low,No clear pattern matched
2021,ZP-2021-001894,False,True,medium,Dimensional: Addition (height/size)
2021,ZP-2021-001893,True,False,high,Use: Commercial use
2021,ZP-2021-003223,False,False,low,No clear pattern matched
2021,ZP-2021-003537,True,False,high,Use: Multi-family use
2021,ZP-2021-001068,False,True,medium,Dimensional: Addition (height/size)
2021,ZP-2021-002972,True,False,high,Use: Permit for use
2021,ZP-2021-003231,True,False,high,Use: Multi-family use
2021,ZP-2021-003196,False,True,medium,Dimensional: Addition (height/size)
2021,ZP-2021-003016,False,False,low,No clear pattern matched
2021,HA-2021-001889,False,False,low,No clear pattern matched
2021,ZP-2021-004001,False,False,low,No clear pattern matched
2021,ZP-2021-003177,False,False,low,No clear pattern matched
2021,ZP-2021-003091,False,False,low,No clear pattern matched
2021,ZP-2021-001306,False,False,low,No clear pattern matched
2021,ZP-2021-000320,False,True,medium,Dimensional: Parking spaces
2021,ZP-2021-002921,False,False,low,No clear pattern matched
2021,ZP-2020-008882,True,True,medium,Both: Multi-family use + Roof deck
2021,ZP-2021-000455,False,True,medium,Dimensional: Parking spaces
2021,ZP-2020-009148,False,True,medium,Dimensional: Roof deck
2021,ZP-2021-003456,False,True,medium,Dimensional: Roof deck
2021,ZP-2021-003988,True,False,high,Use: Multi-family use
2021,ZP-2021-004650,False,False,low,No clear pattern matched
2021,ZP-2021-002839,True,True,medium,Both: Multi-family use + Addition (height/size)
2021,ZP-2021-000504,False,True,medium,Dimensional: Parking spaces
2021,ZP-2021-003766,True,False,high,Use: Multi-family use
2021,ZP-2021-002793,False,False,low,No clear pattern matched
2021,ZP-2020-008941,True,False,high,Use: Commercial use
2021,ZP-2021-003906,False,False,low,No clear pattern matched
2021,ZP-2021-003519,False,False,low,No clear pattern matched
2021,HA-2021-001946,False,False,low,No clear pattern matched
2021,ZP-2021-003913,False,False,low,No clear pattern matched
2021,1030513,True,True,medium,Both: Restaurant use + Lot line (lot size)
2021,ZP-2021-002490,False,True,medium,Dimensional: Roof deck
2021,ZP-2021-004136,True,False,high,Use: Multi-family use
2021,ZP-2021-001305,True,True,medium,Both: Multi-family use + Roof deck
2021,ZP-2021-003572,False,False,low,No clear pattern matched
2021,ZP-2020-003441,False,True,medium,Dimensional: Parking spaces
2021,ZP-2021-002766,False,False,low,No clear pattern matched
2021,ZP-2021-002722,True,True,medium,Both: Multi-family use + Roof deck
2021,ZP-2021-002719,False,True,medium,Dimensional: Roof deck
2021,ZP-2021-004013,True,False,high,Use: Multi-family use
2021,ZP-2021-003479,False,True,medium,Dimensional: Roof deck
2021,ZP-2021-002693,False,False,low,No clear pattern matched
2021,ZP-2020-007865,True,True,medium,Both: Multi-family use + Lot line (lot size)
2021,ZP-2021-003362,False,False,low,No clear pattern matched
2021,ZP-2021-001705,False,False,low,No clear pattern matched
2021,ZP-2021-003544,False,False,low,No clear pattern matched
2021,ZP-2021-001469,False,True,medium,Dimensional: Addition (height/size)
2021,ZP-2021-002330,True,False,high,Use: Restaurant use
2021,ZP-2021-002295,True,False,high,Use: Permit for use
2021,ZP-2021-004176,True,False,high,Use: Multi-family use
2021,ZP-2021-003853,True,False,high,Use: Multi-family use
2021,ZP-2021-004514,False,False,low,No clear pattern matched
2021,ZP-2021-004016,True,False,high,Use: Retail use
2021,ZP-2021-004520,False,False,low,No clear pattern matched
2021,ZP-2021-003497,False,False,low,No clear pattern matched
2021,ZP-2021-002806,False,True,medium,Dimensional: Roof deck
2021,ZP-2021-005022,False,False,low,No clear pattern matched
2021,ZP-2021-002127,False,True,medium,Dimensional: Addition (height/size)
2021,ZP-2021-001695,False,True,medium,Dimensional: Roof deck
2021,ZP-2020-010065,False,False,low,No clear pattern matched
2021,ZP-2021-000947,True,False,high,Use: Retail use
2021,ZP-2021-004371,False,False,low,No clear pattern matched
2021,ZP-2021-002981,False,False,low,No clear pattern matched
2021,ZP-2021-001716,False,False,low,No clear pattern matched
2021,ZP-2020-007769,False,True,medium,Dimensional: Addition (height/size)
2021,ZP-2021-002184,False,True,medium,Dimensional: Parking spaces
2021,ZP-2021-001693,True,True,medium,Both: Multi-family use + Addition (height/size)
2021,ZP-2021-004575,True,False,high,Use: Multi-family use
2021,ZP-2021-003606,False,True,medium,Dimensional: Addition (height/size)
2021,ZP-2021-002452,False,True,medium,Dimensional: Roof deck
2021,ZP-2021-001135,True,True,medium,Both: Multi-family use + Roof deck
2021,ZP-2021-003551,True,False,high,Use: Commercial use
2021,ZP-2021-003549,True,False,high,Use: Commercial use
2021,ZP-2021-003949,True,False,high,Use: Commercial use
2021,ZP-2021-003962,False,False,low,No clear pattern matched
2021,ZP-2021-003961,True,False,high,Use: Commercial use
2021,ZP-2021-003230,True,True,medium,Both: Multi-family use + Roof deck
2021,ZP-2021-003533,False,False,low,No clear pattern matched
2021,ZP-2021-002495,False,True,medium,Dimensional: Roof deck
2021,ZP-2021-004439,True,False,high,Use: Multi-family use
2021,ZP-2021-003858,True,False,high,Use: Multi-family use
2021,ZP-2021-005068,False,False,low,No clear pattern matched
2021,ZP-2021-005244,False,False,low,No clear pattern matched
2021,ZP-2021-001719,False,True,medium,Dimensional: Roof deck
2021,ZP-2021-003332,False,True,medium,Dimensional: Lot line (lot size)
2021,HA-2021-002179,False,False,low,No clear pattern matched
2021,HA-2021-002180,False,False,low,No clear pattern matched
2021,ZP-2021-003311,True,False,high,Use: Multi-family use
2021,ZP-2021-001427,True,True,medium,Both: Multi-family use + Roof deck
2021,ZP-2021-004330,False,True,medium,Dimensional: Addition (height/size)
2021,ZP-2021-002405,False,True,medium,Dimensional: Lot line (lot size)
2021,ZP-2021-002399,True,False,high,Use: Permit for use
2021,ZP-2021-005141,True,False,high,Use: Multi-family use
2021,ZP-2021-004299,False,True,medium,Dimensional: Roof deck
2021,ZP-2021-003532,True,True,medium,Both: Multi-family use + Parking spaces
2021,ZP-2021-005383,False,False,low,No clear pattern matched
2021,ZP-2021-003815,True,True,medium,Both: Multi-family use + Roof deck
2021,ZP-2021-003808,True,True,medium,Both: Multi-family use + Roof deck
2021,ZP-2021-005281,True,False,high,Use: Office use
2021,ZP-2021-003422,False,True,medium,Dimensional: Lot line (lot size)
2021,HA-2021-002249,False,False,low,No clear pattern matched
2021,ZP-2021-000310,True,True,medium,Both: Restaurant use + Addition (height/size)
2021,ZP-2021-001550,False,False,low,No clear pattern matched
2021,ZP-2021-004791,True,True,medium,Both: Multi-family use + Addition (height/size)
2021,ZP-2020-005097,False,True,medium,Dimensional: Addition (height/size)
2021,ZP-2020-005208,False,False,low,No clear pattern matched
2021,ZP-2021-001971,False,False,low,No clear pattern matched
2021,ZP-2021-005708,True,False,high,Use: Permit for use
2021,ZP-2021-004470,False,True,medium,Dimensional: Roof deck
2021,ZP-2021-003324,False,False,low,No clear pattern matched
2021,ZP-2021-005000,False,False,low,No clear pattern matched
2021,ZP-2021-005100,True,True,medium,Both: Multi-family use + Roof deck
2021,ZP-2021-005333,False,False,low,No clear pattern matched
2021,ZP-2021-005343,False,False,low,No clear pattern matched
2021,ZP-2021-005364,False,False,low,No clear pattern matched
2021,ZP-2021-005014,True,False,high,Use: Multi-family use
2021,ZP-2021-003337,False,False,low,No clear pattern matched
2021,HA-2021-002335,False,False,low,No clear pattern matched
2021,HA-2021-002338,False,False,low,No clear pattern matched
2021,ZP-2021-003070,False,False,low,No clear pattern matched
2021,ZP-2021-004896,False,False,low,No clear pattern matched
2021,ZP-2021-005365,True,True,medium,Both: Multi-family use + Roof deck
2021,ZP-2021-005205,True,False,high,Use: Commercial use
2021,ZP-2021-004803,True,True,medium,Both: Multi-family use + Roof deck
2021,ZP-2021-005662,False,True,medium,Dimensional: Roof deck
2021,ZP-2021-005315,False,True,medium,Dimensional: Roof deck
2021,ZP-2021-004261,True,False,high,Use: Permit for use
2021,ZP-2021-005109,False,True,medium,Dimensional: Roof deck
2021,ZP-2021-003392,True,True,medium,Both: Multi-family use + Addition (height/size)
2021,HA-2021-002386,False,False,low,No clear pattern matched
2021,ZP-2021-005635,True,False,high,Use: Permit for use
2021,ZP-2021-006165,True,False,high,Use: Permit for use
2021,ZP-2021-003097,True,True,medium,Both: Multi-family use + Roof deck
2021,ZP-2021-004313,False,False,low,No clear pattern matched
2021,ZP-2021-003150,True,False,high,Use: Multi-family use
2021,ZP-2021-001878,False,True,medium,Dimensional: Roof deck
2021,ZP-2021-002866,True,False,high,Use: Restaurant use
2021,ZP-2021-005750,True,False,high,Use: Multi-family use
2021,ZP-2021-005160,True,False,high,Use: Restaurant use
2021,ZP-2021-004746,False,True,medium,Dimensional: Lot line (lot size)
2021,ZP-2020-005216,False,False,low,No clear pattern matched
2021,ZP-2021-003908,False,True,medium,Dimensional: Addition (height/size)
2021,ZP-2021-001277,True,False,high,Use: Restaurant use
2021,ZP-2021-006164,True,False,high,Use: Multi-family use
2021,ZP-2021-005833,True,False,high,Use: Multi-family use
2021,ZP-2021-003029,False,True,medium,Dimensional: Addition (height/size)
2021,ZP-2021-002952,False,False,low,No clear pattern matched
2021,ZP-2021-003979,False,True,medium,Dimensional: Addition (height/size)
2021,HA-2021-002414,False,True,medium,Dimensional: Parking spaces
2021,ZP-2021-002845,False,False,low,No clear pattern matched
2021,ZP-2021-004374,False,False,low,No clear pattern matched
2021,1049714,True,True,medium,Both: Restaurant use + Parking spaces
2021,ZP-2021-002070,False,False,low,No clear pattern matched
2021,ZP-2021-005753,True,False,high,Use: Permit for use
2021,ZP-2021-004881,False,False,low,No clear pattern matched
2021,ZP-2021-004876,False,False,low,No clear pattern matched
2021,ZP-2021-003520,False,True,medium,Dimensional: Roof deck
2021,ZP-2021-003764,False,False,low,No clear pattern matched
2021,ZP-2021-004641,True,False,high,Use: Permit for use
2021,ZP-2021-004668,False,True,medium,Dimensional: Parking spaces
2021,ZP-2021-004610,True,False,high,Use: Restaurant use
2021,ZP-2021-004502,True,True,medium,Both: Multi-family use + Roof deck
2021,ZP-2021-003347,False,True,medium,Dimensional: Parking spaces
2021,ZP-2021-004485,True,False,high,Use: Restaurant use
2021,ZP-2021-005176,False,False,low,No clear pattern matched
2021,ZP-2021-003418,False,False,low,No clear pattern matched
2021,ZP-2020-006398,False,True,medium,Dimensional: Parking spaces
2021,ZP-2021-004232,False,True,medium,Dimensional: Roof deck
2021,ZP-2021-004226,False,True,medium,Dimensional: Roof deck
2021,ZP-2021-004216,False,False,low,No clear pattern matched
2021,ZP-2021-006068,True,False,high,Use: Permit for use
2021,ZP-2021-005291,False,True,medium,Dimensional: Roof deck
2021,ZP-2021-002367,True,True,medium,Both: Multi-family use + Roof deck
2021,ZP-2021-005649,False,False,low,No clear pattern matched
2021,ZP-2021-006128,True,False,high,Use: Permit for use
2021,ZP-2021-006366,True,False,high,Use: Permit for use
2021,ZP-2021-005700,True,False,high,Use: Medical use
2021,ZP-2021-003560,True,True,medium,Both: Multi-family use + Addition (height/size)
2021,ZP-2021-001758,True,True,medium,Both: Multi-family use + Roof deck
2021,ZP-2021-002762,False,True,medium,Dimensional: Parking spaces
2021,ZP-2021-003840,False,False,low,No clear pattern matched
2021,ZP-2021-004626,False,False,low,No clear pattern matched
2021,ZP-2021-006515,False,False,low,No clear pattern matched
2021,ZP-2021-003959,False,True,medium,Dimensional: Roof deck
2021,ZP-2021-004173,False,False,low,No clear pattern matched
2021,ZP-2021-005868,True,False,high,Use: Restaurant use
2021,ZP-2021-005107,False,False,low,No clear pattern matched
2021,ZP-2021-005108,False,False,low,No clear pattern matched
2021,ZP-2021-003882,False,False,low,No clear pattern matched
2021,ZP-2021-004694,False,False,low,No clear pattern matched
2021,ZP-2020-001415,True,False,high,Use: Multi-family use
2021,ZP-2021-005513,False,False,low,No clear pattern matched
2021,ZP-2021-004096,False,False,low,No clear pattern matched
2021,HA-2021-002535,False,False,low,No clear pattern matched
2021,ZP-2021-005299,True,True,medium,Both: Multi-family use + Roof deck
2021,ZP-2021-004903,True,False,high,Use: Commercial use
2021,ZP-2021-004346,True,True,medium,Both: Multi-family use + Roof deck
2021,ZP-2021-003467,True,False,high,Use: Multi-family use
2021,ZP-2021-002493,True,False,high,Use: Multi-family use
2021,ZP-2021-004991,False,True,medium,Dimensional: Roof deck
2021,ZP-2021-005562,True,False,high,Use: Permit for use
2021,ZP-2020-008594,False,False,low,No clear pattern matched
2021,HA-2021-002550,False,False,low,No clear pattern matched
2021,ZP-2021-003407,False,True,medium,Dimensional: Roof deck
2021,ZP-2021-004363,True,True,medium,Both: Change of use + Roof deck
2021,ZP-2021-005664,True,True,medium,Both: Multi-family use + Addition (height/size)
2021,ZP-2021-002438,True,False,high,Use: Multi-family use
2021,ZP-2021-005791,True,False,high,Use: Permit for use
2021,ZP-2021-006950,False,False,low,No clear pattern matched
2021,ZP-2021-001449,False,True,medium,Dimensional: Parking spaces
2021,ZP-2021-004175,False,True,medium,Dimensional: Roof deck
2021,ZP-2021-006268,False,False,low,No clear pattern matched
2021,ZP-2021-004277,False,False,low,No clear pattern matched
2021,ZP-2021-004548,True,True,medium,Both: Multi-family use + Roof deck
2021,ZP-2021-004547,False,True,medium,Dimensional: Roof deck
2021,ZP-2021-004680,False,False,low,No clear pattern matched
2021,ZP-2021-003905,False,True,medium,Dimensional: Roof deck
2021,ZP-2021-006718,True,False,high,Use: Permit for use
2021,ZP-2021-005123,True,False,high,Use: Business use
2021,ZP-2021-006804,False,False,low,No clear pattern matched
2021,ZP-2021-004441,False,True,medium,Dimensional: Setback
2021,ZP-2021-005810,False,False,low,No clear pattern matched
2021,ZP-2021-005813,False,False,low,No clear pattern matched
2021,ZP-2021-005814,False,False,low,No clear pattern matched
2021,ZP-2021-005816,False,True,medium,Dimensional: Rear yard setback
2021,ZP-2021-005817,False,True,medium,Dimensional: Rear yard setback
2021,ZP-2021-005797,False,False,low,No clear pattern matched
2021,ZP-2021-005792,False,True,medium,Dimensional: Addition (height/size)
2021,ZP-2021-005140,False,False,low,No clear pattern matched
2021,ZP-2021-005547,False,False,low,No clear pattern matched
2021,ZP-2021-005931,True,False,high,Use: Multi-family use
2021,ZP-2021-004100,False,True,medium,Dimensional: Roof deck
2021,ZP-2021-005632,False,False,low,No clear pattern matched
2021,ZP-2021-004381,True,True,medium,Both: Multi-family use + Roof deck
2021,ZP-2021-006137,True,False,high,Use: Permit for use
2021,ZP-2021-007209,True,False,high,Use: Restaurant use
2021,ZP-2021-004716,False,True,medium,Dimensional: Addition (height/size)
2021,ZP-2021-005754,False,True,medium,Dimensional: Roof deck
2021,ZP-2021-002602,False,True,medium,Dimensional: Parking spaces
2021,ZP-2021-006198,True,True,medium,Both: Multi-family use + Roof deck
2021,ZP-2020-007352,True,True,medium,Both: Multi-family use + Roof deck
2021,ZP-2021-003776,True,True,medium,Both: Multi-family use + Roof deck
2021,ZP-2021-004434,False,True,medium,Dimensional: Roof deck
2021,ZP-2021-004064,False,False,low,No clear pattern matched
2021,ZP-2021-005280,True,True,medium,Both: Multi-family use + Roof deck
2021,HA-2021-002690,True,False,high,Use: Change of use
2021,ZP-2021-002231,True,True,medium,Both: Multi-family use + Addition (height/size)
2021,ZP-2020-010173,False,False,low,No clear pattern matched
2021,ZP-2021-006275,True,False,high,Use: Permit for use
2021,ZP-2021-005396,True,False,high,Use: Permit for use
2021,ZP-2021-003272,True,True,medium,Both: Change of use + Addition (height/size)
2021,ZP-2021-004904,True,True,medium,Both: Commercial use + Addition (height/size)
2021,ZP-2020-004995,True,True,medium,Both: Multi-family use + Roof deck
2021,ZP-2021-004170,False,False,low,No clear pattern matched
2021,ZP-2021-005577,False,True,medium,Dimensional: Roof deck
2021,ZP-2021-004279,False,True,medium,Dimensional: Roof deck
2021,ZP-2021-001174,False,True,medium,Dimensional: Roof deck
2021,ZP-2021-005339,False,False,low,No clear pattern matched
2021,ZP-2020-008611,False,False,low,No clear pattern matched
2021,ZP-2021-005784,False,True,medium,Dimensional: Parking spaces
2021,ZP-2021-007515,True,True,medium,Both: Multi-family use + Roof deck
2021,ZP-2021-005930,False,True,medium,Dimensional: Roof deck
2021,ZP-2021-007000,True,False,high,Use: Permit for use
2021,ZP-2021-005788,True,False,high,Use: Permit for use
2021,ZP-2020-008932,False,True,medium,Dimensional: Parking spaces
2021,ZP-2021-006470,True,False,high,Use: Permit for use
2021,ZP-2021-004141,False,True,medium,Dimensional: Parking spaces
2021,ZP-2021-007517,False,False,low,No clear pattern matched
2021,ZP-2021-006289,True,True,medium,Both: Multi-family use + Roof deck
2021,ZP-2021-005300,False,True,medium,Dimensional: Roof deck
2021,ZP-2021-007450,True,False,high,Use: Multi-family use
2021,ZP-2021-006966,True,False,high,Use: Permit for use
2021,ZP-2021-004635,True,False,high,Use: Permit for use
2021,ZP-2021-006389,True,False,high,Use: Permit for use
2021,ZP-2021-006729,True,False,high,Use: Permit for use
2021,ZP-2021-007158,True,False,high,Use: Multi-family use
2021,ZP-2021-001303,False,True,medium,Dimensional: Roof deck
2021,ZP-2021-007156,True,True,medium,Both: Multi-family use + Roof deck
2021,ZP-2021-000134,True,True,medium,Both: Multi-family use + Roof deck
2021,ZP-2021-005447,False,True,medium,Dimensional: Roof deck
2021,ZP-2021-006094,True,False,high,Use: Permit for use
2021,ZP-2021-007014,True,False,high,Use: Permit for use
2021,ZP-2021-005277,True,True,medium,Both: Multi-family use + Roof deck
2021,ZP-2021-005351,False,True,medium,Dimensional: Parking spaces
2021,ZP-2021-006270,True,False,high,Use: Permit for use
2021,ZP-2021-002717,False,True,medium,Dimensional: Roof deck
2021,ZP-2021-002611,False,True,medium,Dimensional: Roof deck
2021,ZP-2021-005008,False,False,low,No clear pattern matched
2021,ZP-2021-007344,False,True,medium,Dimensional: Roof deck
2021,ZP-2021-004661,False,False,low,No clear pattern matched
2021,ZP-2021-005048,False,True,medium,Dimensional: Roof deck
2021,ZP-2021-007343,False,True,medium,Dimensional: Roof deck
2021,ZP-2021-005509,False,True,medium,Dimensional: Rear yard setback
2021,ZP-2021-007567,True,True,medium,Both: Multi-family use + Parking spaces
2021,ZP-2021-006884,False,True,medium,Dimensional: Roof deck
2021,ZP-2021-002761,True,False,high,Use: Office use
2021,ZP-2021-006985,True,False,high,Use: Commercial use
2021,ZP-2021-006551,False,False,low,No clear pattern matched
2021,ZP-2021-006557,True,False,high,Use: Multi-family use
2021,ZP-2021-004765,True,False,high,Use: Restaurant use
2021,ZP-2021-004763,False,False,low,No clear pattern matched
2021,ZP-2021-004586,False,False,low,No clear pattern matched
2021,ZP-2021-004686,False,False,low,No clear pattern matched
2021,ZP-2021-006829,True,False,high,Use: Permit for use
2021,ZP-2021-006628,True,False,high,Use: Permit for use
2021,ZP-2021-005272,True,False,high,Use: Permit for use
2021,ZP-2020-010241,False,False,low,No clear pattern matched
2021,ZP-2021-005943,False,True,medium,Dimensional: Roof deck
2021,ZP-2021-006545,True,True,medium,Both: Multi-family use + Roof deck
2021,ZP-2021-006859,False,False,low,No clear pattern matched
2021,ZP-2021-007200,False,True,medium,Dimensional: Parking spaces
2021,ZP-2021-006826,False,False,low,No clear pattern matched
2021,ZP-2021-000722,False,True,medium,Dimensional: Side yard setback
2021,ZP-2021-007420,True,False,high,Use: Permit for use
2021,ZP-2021-008251,False,False,low,No clear pattern matched
2021,ZP-2021-007148,True,False,high,Use: Permit for use
2021,ZP-2021-003110,False,False,low,No clear pattern matched
2021,ZP-2021-006328,True,False,high,Use: Retail use
2021,ZP-2021-007116,True,False,high,Use: Permit for use
2021,ZP-2021-007742,True,False,high,Use: Permit for use
2021,ZP-2021-003555,False,True,medium,Dimensional: Parking spaces
2021,ZP-2021-003617,False,True,medium,Dimensional: Roof deck
2021,ZP-2021-007448,False,False,low,No clear pattern matched
2021,ZP-2021-005392,False,True,medium,Dimensional: Lot line (lot size)
2021,ZP-2021-004732,False,True,medium,Dimensional: Parking spaces
2021,ZP-2021-007256,True,False,high,Use: Restaurant use
2021,ZP-2021-007525,False,True,medium,Dimensional: Addition (height/size)
2021,ZP-2021-003310,True,True,medium,Both: Multi-family use + Addition (height/size)
2021,ZP-2021-005672,False,True,medium,Dimensional: Addition (height/size)
2021,ZP-2021-005709,False,False,low,No clear pattern matched
2021,ZP-2021-006625,True,False,high,Use: Permit for use
2021,ZP-2021-006793,False,False,low,No clear pattern matched
2021,ZP-2021-006626,True,False,high,Use: Permit for use
2021,ZP-2021-006734,True,False,high,Use: Permit for use
2021,ZP-2021-007948,True,True,medium,Both: Multi-family use + Addition (height/size)
2021,ZP-2021-006894,True,True,medium,Both: Restaurant use + Parking spaces
2021,ZP-2021-006934,True,False,high,Use: Permit for use
2021,ZP-2021-006059,False,True,medium,Dimensional: Roof deck
2021,ZP-2021-004941,True,True,medium,Both: Multi-family use + Roof deck
2021,ZP-2021-007975,False,True,medium,Dimensional: Roof deck
2021,ZP-2021-005101,False,True,medium,Dimensional: Addition (height/size)
2021,ZP-2021-007604,True,False,high,Use: Permit for use
2021,ZP-2021-006945,True,False,high,Use: Permit for use
2021,ZP-2021-007155,False,False,low,No clear pattern matched
2021,ZP-2020-010327,False,False,low,No clear pattern matched
2021,HA-2021-003085,False,False,low,No clear pattern matched
2021,ZP-2021-004356,True,False,high,Use: Medical use
2021,ZP-2021-008244,True,False,high,Use: Permit for use
2021,ZP-2021-006553,False,False,low,No clear pattern matched
2021,ZP-2021-006463,False,True,medium,Dimensional: Roof deck
2021,ZP-2021-007639,False,True,medium,Dimensional: Lot line (lot size)
2021,ZP-2021-008056,False,False,low,No clear pattern matched
2021,ZP-2020-010699,False,True,medium,Dimensional: Roof deck
2021,ZP-2021-006690,False,True,medium,Dimensional: Addition (height/size)
2021,ZP-2021-005847,False,True,medium,Dimensional: Roof deck
2021,ZP-2021-004651,True,False,high,Use: Multi-family use
2021,ZP-2021-007473,False,False,low,No clear pattern matched
2021,ZP-2020-009312,False,True,medium,Dimensional: Roof deck
2021,ZP-2021-001866,False,True,medium,Dimensional: Story height
2021,HA-2021-003110,False,False,low,No clear pattern matched
2021,ZP-2021-005548,False,True,medium,Dimensional: Roof deck
2021,ZP-2020-010586,False,False,low,No clear pattern matched
2021,ZP-2021-007804,True,False,high,Use: Restaurant use
2021,ZP-2021-005394,False,True,medium,Dimensional: Roof deck
2021,ZP-2021-006907,False,False,low,No clear pattern matched
2021,ZP-2021-005261,False,True,medium,Dimensional: Roof deck
2021,ZP-2021-006722,False,True,medium,Dimensional: Addition (height/size)
2021,ZP-2021-007719,True,False,high,Use: Multi-family use
2021,ZP-2021-007805,True,False,high,Use: Permit for use
2021,ZP-2020-002842,False,False,low,No clear pattern matched
2021,ZP-2021-008210,True,False,high,Use: Multi-family use
2021,ZP-2021-003032,True,False,high,Use: Restaurant use
2021,ZP-2021-008828,False,False,low,No clear pattern matched
2021,ZP-2021-006152,False,False,low,No clear pattern matched
2021,ZP-2021-006037,False,True,medium,Dimensional: Addition (height/size)
2021,ZP-2021-005332,True,True,medium,Both: Change of use + Roof deck
2021,ZP-2021-003357,True,False,high,Use: Multi-family use
2021,ZP-2021-003121,True,False,high,Use: Multi-family use
2021,ZP-2021-004926,False,True,medium,Dimensional: Addition (height/size)
2021,ZP-2021-007835,False,True,medium,Dimensional: Roof deck
2021,ZP-2021-006683,True,False,high,Use: Permit for use
2021,ZP-2021-008590,True,False,high,Use: Permit for use
2021,ZP-2021-007601,True,False,high,Use: Permit for use
2021,ZP-2021-007335,True,False,high,Use: Permit for use
2021,ZP-2021-008238,True,True,medium,Both: Multi-family use + Roof deck
2021,ZP-2021-006648,False,True,medium,Dimensional: Roof deck
2021,ZP-2021-007334,True,False,high,Use: Permit for use
2021,ZP-2021-007905,False,True,medium,Dimensional: Lot line (lot size)
2021,ZP-2021-007510,False,True,medium,Dimensional: Roof deck
2021,ZP-2021-007832,True,False,high,Use: Permit for use
2021,ZP-2021-007342,True,False,high,Use: Permit for use
2021,ZP-2021-007270,False,True,medium,Dimensional: Addition (height/size)
2021,ZP-2021-006999,True,True,medium,Both: Multi-family use + Roof deck
2021,ZP-2021-006979,False,False,low,No clear pattern matched
2021,ZP-2020-006998,True,False,high,Use: Multi-family use
2021,ZP-2021-001222,False,True,medium,Dimensional: Roof deck
2021,ZP-2021-007575,False,False,low,No clear pattern matched
2021,ZP-2021-006384,True,False,high,Use: Permit for use
2021,ZP-2021-007324,False,False,low,No clear pattern matched
2021,ZP-2021-007327,True,True,medium,Both: Multi-family use + Roof deck
2021,ZP-2021-007330,False,True,medium,Dimensional: Roof deck
2021,ZP-2021-006611,False,True,medium,Dimensional: Lot line (lot size)
2021,ZP-2021-007506,True,False,high,Use: Permit for use
2021,ZP-2021-008188,True,False,high,Use: Multi-family use
2021,ZP-2021-008669,False,True,medium,Dimensional: Roof deck
2021,ZP-2021-007970,False,True,medium,Dimensional: Roof deck
2021,ZP-2021-006375,False,True,medium,Dimensional: Roof deck
2021,ZP-2021-007768,True,True,medium,Both: Multi-family use + Roof deck
2021,HA-2021-003303,False,True,medium,Dimensional: Parking spaces
2021,ZP-2021-005927,True,True,medium,Both: Commercial use + Parking spaces
2021,ZP-2021-007386,False,True,medium,Dimensional: Roof deck
2021,ZP-2021-008758,False,False,low,No clear pattern matched
2021,ZP-2021-006213,False,True,medium,Dimensional: Addition (height/size)
2021,ZP-2021-007976,True,True,medium,Both: Multi-family use + Addition (height/size)
2021,HA-2021-003338,False,False,low,No clear pattern matched
2021,HA-2021-003339,False,False,low,No clear pattern matched
2021,ZP-2021-007395,True,False,high,Use: Multi-family use
2021,ZP-2021-006258,False,True,medium,Dimensional: Parking spaces
2021,ZP-2021-003116,False,True,medium,Dimensional: Parking spaces
2021,HA-2021-003342,False,False,low,No clear pattern matched
2021,ZP-2021-007641,True,False,high,Use: Permit for use
2021,ZP-2021-007435,True,False,high,Use: Permit for use
2021,ZP-2021-002181,False,True,medium,Dimensional: Roof deck
2021,ZP-2021-003797,False,True,medium,Dimensional: Roof deck
2021,ZP-2021-003798,False,False,low,No clear pattern matched
2021,ZP-2021-003799,False,True,medium,Dimensional: Roof deck
2021,ZP-2021-001613,False,True,medium,Dimensional: Roof deck
2021,ZP-2021-009275,True,False,high,Use: Permit for use
2021,ZP-2021-005303,False,True,medium,Dimensional: Lot line (lot size)
2021,ZP-2021-007117,False,True,medium,Dimensional: Addition (height/size)
2021,ZP-2021-008153,True,False,high,Use: Multi-family use
2021,ZP-2021-008452,True,False,high,Use: Multi-family use
2021,ZP-2021-008062,True,False,high,Use: Permit for use
2021,ZP-2021-007288,False,True,medium,Dimensional: Roof deck
2021,ZP-2021-007781,False,True,medium,Dimensional: Parking spaces
2021,ZP-2021-008140,True,False,high,Use: Multi-family use
2021,ZP-2021-008367,True,False,high,Use: Multi-family use
2021,ZP-2021-005867,False,True,medium,Dimensional: Parking spaces
2021,ZP-2021-008158,False,True,medium,Dimensional: Roof deck
2021,ZP-2021-006915,True,True,medium,Both: Commercial use + Addition (height/size)
2021,ZP-2021-007802,False,True,medium,Dimensional: Roof deck
2021,ZP-2021-004977,False,True,medium,Dimensional: Addition (height/size)
2021,ZP-2021-008426,False,False,low,No clear pattern matched
2021,ZP-2021-008389,True,False,high,Use: Permit for use
2021,ZP-2021-007425,True,False,high,Use: Multi-family use
2021,ZP-2021-007702,False,False,low,No clear pattern matched
2021,ZP-2021-006002,False,False,low,No clear pattern matched
2021,ZP-2021-006131,True,False,high,Use: Permit for use
2021,ZP-2021-007102,False,True,medium,Dimensional: Roof deck
2021,ZP-2021-008480,True,False,high,Use: Multi-family use
2021,ZP-2021-005909,True,True,medium,Both: Multi-family use + Roof deck
2021,ZP-2021-007088,False,False,low,No clear pattern matched
2021,ZP-2021-007090,False,False,low,No clear pattern matched
2021,ZP-2021-007099,False,False,low,No clear pattern matched
2021,ZP-2021-007405,False,False,low,No clear pattern matched
2021,ZP-2021-007406,False,False,low,No clear pattern matched
2021,ZP-2021-007409,False,False,low,No clear pattern matched
2021,ZP-2021-007408,False,False,low,No clear pattern matched
2021,ZP-2021-006817,True,True,medium,Both: Restaurant use + Roof deck
2021,ZP-2021-007399,False,False,low,No clear pattern matched
2021,ZP-2021-007403,False,False,low,No clear pattern matched
2021,ZP-2021-007089,False,False,low,No clear pattern matched
2021,ZP-2021-007084,True,False,high,Use: Commercial use
2021,ZP-2021-007085,True,False,high,Use: Commercial use
2021,ZP-2021-007087,True,False,high,Use: Commercial use
2021,ZP-2021-009710,False,True,medium,Dimensional: Parking spaces
2021,ZP-2021-007411,False,False,low,No clear pattern matched
2021,ZP-2021-007889,True,True,medium,Both: Multi-family use + Roof deck
2021,ZP-2021-009433,False,False,low,No clear pattern matched
2021,ZP-2021-005785,True,True,medium,Both: Multi-family use + Roof deck
2021,ZP-2021-005795,True,True,medium,Both: Multi-family use + Roof deck
2021,ZP-2020-006432,True,False,high,Use: Permit for use
2021,ZP-2021-008999,True,True,medium,Both: Commercial use + Roof deck
2021,ZP-2021-005663,True,True,medium,Both: Multi-family use + Parking spaces
2021,ZP-2021-006415,False,True,medium,Dimensional: Parking spaces
2021,ZP-2021-008142,False,True,medium,Dimensional: Roof deck
2021,ZP-2021-008865,True,False,high,Use: Permit for use
2021,ZP-2021-009060,False,True,medium,Dimensional: Addition (height/size)
2021,ZP-2021-007494,True,True,medium,Both: Multi-family use + Roof deck
2021,ZP-2021-008444,True,False,high,Use: Permit for use
2021,ZP-2021-007986,True,False,high,Use: Restaurant use
2021,ZP-2021-007863,False,False,low,No clear pattern matched
2021,ZP-2021-008928,False,False,low,No clear pattern matched
2021,ZP-2021-007318,False,True,medium,Dimensional: Addition (height/size)
2021,ZP-2021-001670,False,True,medium,Dimensional: Parking spaces
2021,ZP-2021-008288,True,False,high,Use: Permit for use
2021,ZP-2021-008051,True,True,medium,Both: Multi-family use + Roof deck
2021,ZP-2021-006933,False,False,low,No clear pattern matched
2021,ZP-2021-006816,False,False,low,No clear pattern matched
2021,ZP-2021-006813,False,False,low,No clear pattern matched
2021,ZP-2021-006812,False,False,low,No clear pattern matched
2021,ZP-2021-008032,True,False,high,Use: Permit for use
2021,ZP-2021-008424,False,False,low,No clear pattern matched
2021,ZP-2021-008512,True,False,high,Use: Permit for use
2021,ZP-2021-006752,False,True,medium,Dimensional: Addition (height/size)
2021,ZP-2021-008832,False,True,medium,Dimensional: Addition (height/size)
2021,ZP-2020-008319,False,True,medium,Dimensional: Roof deck
2021,ZP-2021-008155,False,False,low,No clear pattern matched
2021,ZP-2021-009612,True,True,medium,Both: Multi-family use + Roof deck
2021,ZP-2020-005365,True,False,high,Use: Multi-family use
2021,ZP-2021-004278,False,True,medium,Dimensional: Roof deck
2021,ZP-2021-008891,True,False,high,Use: Permit for use
2021,HA-2021-003772,False,False,low,No clear pattern matched
2021,ZP-2021-008892,True,False,high,Use: Change of use
2021,ZP-2021-009316,False,False,low,No clear pattern matched
2021,ZP-2021-010618,True,True,medium,Both: Multi-family use + Lot line (lot size)
2021,ZP-2020-010455,True,True,medium,Both: Multi-family use + Roof deck
2021,ZP-2021-000476,False,False,low,No clear pattern matched
2021,ZP-2021-005084,True,False,high,Use: Permit for use
2021,ZP-2021-005385,False,False,low,No clear pattern matched
2021,ZP-2021-007493,False,True,medium,Dimensional: Roof deck
2021,ZP-2021-009695,True,False,high,Use: Multi-family use
2021,ZP-2021-009575,True,False,high,Use: Commercial use
2021,HA-2021-003825,False,False,low,No clear pattern matched
2021,ZP-2020-000494,False,False,low,No clear pattern matched
2021,ZP-2021-010404,False,False,low,No clear pattern matched
2021,ZP-2021-007106,True,True,medium,Both: Multi-family use + Roof deck
2021,ZP-2021-007404,False,True,medium,Dimensional: Roof deck
2021,ZP-2021-009313,True,False,high,Use: Permit for use
2021,ZP-2021-006807,False,False,low,No clear pattern matched
2021,ZP-2021-007452,False,True,medium,Dimensional: Addition (height/size)
2021,ZP-2021-009336,True,False,high,Use: Permit for use
2021,HA-2021-003891,False,True,medium,Dimensional: Rear yard setback
2021,HA-2021-003892,False,False,low,No clear pattern matched
2021,ZP-2021-006977,True,False,high,Use: Permit for use
2021,ZP-2021-009966,False,False,low,No clear pattern matched
2021,ZP-2021-008630,False,False,low,No clear pattern matched
2021,ZP-2021-009562,True,False,high,Use: Permit for use
2021,ZP-2021-009771,True,False,high,Use: Permit for use
2021,ZP-2021-004549,False,True,medium,Dimensional: Roof deck
2021,ZP-2021-011004,True,False,high,Use: Multi-family use
2021,ZP-2021-009234,False,False,low,No clear pattern matched
2021,ZP-2021-009404,False,False,low,No clear pattern matched
2021,ZP-2021-008638,True,False,high,Use: Permit for use
2021,ZP-2021-009374,False,True,medium,Dimensional: Roof deck
2021,ZP-2021-009703,False,True,medium,Dimensional: Addition (height/size)
2021,ZP-2021-009084,True,False,high,Use: Permit for use
2021,ZP-2021-009760,False,False,low,No clear pattern matched
2021,ZP-2021-009418,True,False,high,Use: Permit for use
2021,ZP-2021-009586,False,True,medium,Dimensional: Lot line (lot size)
2021,ZP-2021-005138,False,True,medium,Dimensional: Roof deck
2021,ZP-2021-010679,True,False,high,Use: Permit for use
2021,ZP-2021-009203,False,False,low,No clear pattern matched
2021,ZP-2021-009635,False,False,low,No clear pattern matched
2021,ZP-2021-006922,False,True,medium,Dimensional: Parking spaces
2021,ZP-2021-009334,False,False,low,No clear pattern matched
2021,ZP-2021-009993,True,False,high,Use: Multi-family use
2021,ZP-2021-007910,True,False,high,Use: Permit for use
2021,ZP-2021-007968,False,True,medium,Dimensional: Roof deck
2021,ZP-2021-008728,False,False,low,No clear pattern matched
2021,ZP-2021-006760,False,True,medium,Dimensional: Roof deck
2021,ZP-2021-008204,False,True,medium,Dimensional: Roof deck
2021,ZP-2021-008824,False,True,medium,Dimensional: Roof deck
2021,ZP-2021-008888,True,False,high,Use: Permit for use
2021,ZP-2021-008844,True,True,medium,Both: Multi-family use + Parking spaces
2021,ZP-2021-010330,True,False,high,Use: Permit for use
2021,ZP-2021-010398,True,False,high,Use: Multi-family use
2021,ZP-2021-008783,True,True,medium,Both: Multi-family use + Roof deck
2021,ZP-2021-009900,False,True,medium,Dimensional: Addition (height/size)
2021,ZP-2021-009898,True,False,high,Use: Restaurant use
2021,ZP-2021-009752,True,False,high,Use: Permit for use
2021,ZP-2021-003452,False,False,low,No clear pattern matched
2021,ZP-2021-007654,False,True,medium,Dimensional: Roof deck
2021,ZP-2021-002873,False,True,medium,Dimensional: Parking spaces
2021,HA-2021-004065,False,True,medium,Dimensional: Parking spaces
2021,ZP-2021-009386,False,True,medium,Dimensional: Roof deck
2021,ZP-2021-008714,False,True,medium,Dimensional: Roof deck
2021,ZP-2021-009003,False,True,medium,Dimensional: Addition (height/size)
2021,ZP-2021-010072,True,True,medium,Both: Multi-family use + Roof deck
2021,ZP-2021-005390,False,True,medium,Dimensional: Roof deck
2021,ZP-2021-011029,True,False,high,Use: Permit for use
2021,ZP-2021-005545,True,True,medium,Both: Multi-family use + Roof deck
2021,ZP-2021-004394,False,True,medium,Dimensional: Roof deck
2021,ZP-2021-011363,True,False,high,Use: Permit for use
2021,ZP-2021-009280,True,False,high,Use: Permit for use
2021,ZP-2021-009509,False,True,medium,Dimensional: Roof deck
2021,ZP-2021-009505,False,True,medium,Dimensional: Roof deck
2021,ZP-2021-010697,False,False,low,No clear pattern matched
2021,ZP-2021-002881,True,False,high,Use: Multi-family use
2021,ZP-2021-002724,False,False,low,No clear pattern matched
2021,ZP-2021-003105,False,True,medium,Dimensional: Parking spaces
2021,ZP-2021-003354,True,False,high,Use: Multi-family use
2021,ZP-2021-003454,False,False,low,No clear pattern matched
2021,ZP-2021-010826,False,False,low,No clear pattern matched
2021,ZP-2020-003037,False,False,low,No clear pattern matched
2021,ZP-2021-011451,True,True,medium,Both: Multi-family use + Addition (height/size)
2021,ZP-2021-009478,False,False,low,No clear pattern matched
2021,ZP-2021-007725,True,False,high,Use: Multi-family use
2021,HA-2021-004179,False,False,low,No clear pattern matched
2021,HA-2021-004180,False,False,low,No clear pattern matched
2021,ZP-2021-007108,False,False,low,No clear pattern matched
2021,ZP-2021-008791,False,True,medium,Dimensional: Addition (height/size)
2021,ZP-2021-010406,True,True,medium,Both: Multi-family use + Roof deck
2021,ZP-2021-008078,True,True,medium,Both: Multi-family use + Roof deck
2021,ZP-2021-011543,True,False,high,Use: Multi-family use
2021,HA-2021-004206,True,False,high,Use: Multi-family use
2021,ZP-2021-009984,False,False,low,No clear pattern matched
2021,HA-2021-004207,False,False,low,No clear pattern matched
2021,ZP-2021-009222,False,True,medium,Dimensional: Lot line (lot size)
2021,ZP-2021-005492,False,True,medium,Dimensional: Parking spaces
2021,ZP-2021-008276,False,True,medium,Dimensional: Addition (height/size)
2021,ZP-2021-010061,True,False,high,Use: Office use
2021,ZP-2021-011056,True,False,high,Use: Permit for use
2021,ZP-2021-007220,True,True,medium,Both: Multi-family use + Parking spaces
2021,ZP-2021-010013,True,False,high,Use: Permit for use
2021,ZP-2021-010650,False,True,medium,Dimensional: Roof deck
2021,ZP-2021-010649,False,True,medium,Dimensional: Roof deck
2021,ZP-2021-010015,True,False,high,Use: Multi-family use
2021,ZP-2021-010011,True,False,high,Use: Commercial use
2021,ZP-2021-009606,True,False,high,Use: Multi-family use
2021,ZP-2021-010016,False,False,low,No clear pattern matched
2021,ZP-2021-010020,True,False,high,Use: Multi-family use
2021,ZP-2021-003451,True,False,high,Use: Multi-family use
2021,ZP-2021-012072,True,False,high,Use: Multi-family use
2021,ZP-2021-010006,True,True,medium,Both: Multi-family use + Roof deck
2021,ZP-2021-009556,False,False,low,No clear pattern matched
2021,ZP-2021-004024,True,True,medium,Both: Multi-family use + Roof deck
2021,ZP-2021-010665,False,False,low,No clear pattern matched
2021,ZP-2021-010922,True,False,high,Use: Permit for use
2021,ZP-2021-011607,False,True,medium,Dimensional: Addition (height/size)
2021,ZP-2021-006797,False,True,medium,Dimensional: Lot line (lot size)
2021,ZP-2021-007336,True,False,high,Use: Permit for use
2021,ZP-2021-009333,True,False,high,Use: Permit for use
2021,ZP-2021-003350,True,False,high,Use: Multi-family use
2021,ZP-2021-011318,True,False,high,Use: Permit for use
2021,ZP-2021-012013,False,True,medium,Dimensional: Addition (height/size)
2021,ZP-2021-010668,False,False,low,No clear pattern matched
2021,ZP-2021-012621,False,False,low,No clear pattern matched
2021,ZP-2021-006008,False,True,medium,Dimensional: Parking spaces
2021,ZP-2021-004717,True,True,medium,Both: Multi-family use + Parking spaces
2021,ZP-2021-008555,False,True,medium,Dimensional: Roof deck
2021,ZP-2021-010646,True,False,high,Use: Permit for use
2021,ZP-2021-012243,True,False,high,Use: Permit for use
2021,ZP-2021-011068,False,True,medium,Dimensional: Roof deck
2021,ZP-2021-007018,False,True,medium,Dimensional: Roof deck
2021,ZP-2021-012494,True,False,high,Use: Permit for use
2021,ZP-2021-010615,False,True,medium,Dimensional: Roof deck
2021,ZP-2021-012523,False,False,low,No clear pattern matched
2021,ZP-2021-011427,False,False,low,No clear pattern matched
2021,HA-2021-004448,False,False,low,No clear pattern matched
2021,ZP-2021-011473,False,True,medium,Dimensional: Parking spaces
2021,ZP-2021-009670,False,True,medium,Dimensional: Addition (height/size)
2021,ZP-2021-010333,True,False,high,Use: Multi-family use
2021,ZP-2021-010204,True,False,high,Use: Multi-family use
2021,ZP-2021-010412,False,True,medium,Dimensional: Roof deck
2021,ZP-2021-010802,True,False,high,Use: Permit for use
2021,ZP-2021-010207,True,False,high,Use: Permit for use
2021,ZP-2021-010274,True,False,high,Use: Change of use
2021,ZP-2021-012409,True,False,high,Use: Permit for use
2021,ZP-2021-012171,False,False,low,No clear pattern matched
2021,ZP-2021-010572,True,True,medium,Both: Multi-family use + Addition (height/size)
2021,ZP-2020-001318,True,True,medium,Both: Multi-family use + Addition (height/size)
2021,ZP-2021-008719,False,True,medium,Dimensional: Addition (height/size)
2021,ZP-2020-005738,False,True,medium,Dimensional: Roof deck
2021,ZP-2021-007223,False,True,medium,Dimensional: Parking spaces
2021,ZP-2021-008845,True,True,medium,Both: Multi-family use + Addition (height/size)
2021,ZP-2021-009085,False,True,medium,Dimensional: Lot line (lot size)
2021,ZP-2021-010185,False,False,low,No clear pattern matched
2021,ZP-2021-008119,True,False,high,Use: Permit for use
2021,ZP-2021-011613,True,False,high,Use: Multi-family use
2021,ZP-2021-012497,True,False,high,Use: Permit for use
2021,ZP-2021-011155,False,False,low,No clear pattern matched
2021,ZP-2021-011095,False,False,low,No clear pattern matched
2021,ZP-2020-008583,False,True,medium,Dimensional: Roof deck
2021,ZP-2021-008556,True,True,medium,Both: Multi-family use + Roof deck
2021,ZP-2021-011566,True,False,high,Use: Medical use
2021,ZP-2021-011537,True,False,high,Use: Multi-family use
2021,ZP-2021-010702,False,True,medium,Dimensional: Roof deck
2021,ZP-2021-007416,False,True,medium,Dimensional: Roof deck
2021,ZP-2021-012375,False,True,medium,Dimensional: Addition (height/size)
2021,ZP-2021-012376,False,True,medium,Dimensional: Addition (height/size)
2021,ZP-2021-010369,True,False,high,Use: Permit for use
2021,ZP-2021-010971,True,False,high,Use: Multi-family use
2021,ZP-2021-012906,True,False,high,Use: Office use
2021,ZP-2021-008372,True,False,high,Use: Childcare use
2021,ZP-2021-013315,True,False,high,Use: Permit for use
2021,ZP-2021-011089,True,False,high,Use: Permit for use
2021,ZP-2021-006710,False,False,low,No clear pattern matched
2021,ZP-2021-011239,False,True,medium,Dimensional: Parking spaces
2021,ZP-2021-009775,False,True,medium,Dimensional: Addition (height/size)
2021,ZP-2021-010082,False,True,medium,Dimensional: Roof deck
2021,ZP-2021-012601,True,False,high,Use: Multi-family use
2021,ZP-2021-012617,True,False,high,Use: Multi-family use
2021,ZP-2021-011178,False,True,medium,Dimensional: Addition (height/size)
2021,ZP-2021-005801,False,True,medium,Dimensional: Front yard setback
2021,ZP-2021-003948,False,True,medium,Dimensional: Parking spaces
2021,ZP-2021-010451,False,False,low,No clear pattern matched
2021,ZP-2021-000838,False,False,low,No clear pattern matched
2021,ZP-2021-013348,False,False,low,No clear pattern matched
2021,ZP-2021-002980,True,True,medium,Both: Restaurant use + Addition (height/size)
2021,ZP-2021-007074,False,True,medium,Dimensional: Addition (height/size)
2021,ZP-2021-011662,True,True,medium,Both: Multi-family use + Roof deck
2021,ZP-2021-002800,False,False,low,No clear pattern matched
2021,ZP-2021-013658,True,False,high,Use: Permit for use
2021,ZP-2021-008136,True,False,high,Use: Permit for use
2021,ZP-2021-010230,True,False,high,Use: Change of use
2021,ZP-2021-010437,False,True,medium,Dimensional: Parking spaces
2021,ZP-2021-011038,False,True,medium,Dimensional: Lot line (lot size)
2021,ZP-2021-013033,True,True,medium,Both: Multi-family use + Front yard setback
2021,ZP-2021-012081,False,True,medium,Dimensional: Roof deck
2021,ZP-2021-011508,False,True,medium,Dimensional: Addition (height/size)
2021,ZP-2021-004530,False,False,low,No clear pattern matched
2021,ZP-2021-005731,False,True,medium,Dimensional: Lot line (lot size)
2021,ZP-2021-013079,True,True,medium,Both: Restaurant use + Addition (height/size)
2021,ZP-2021-012882,True,False,high,Use: Multi-family use
2021,ZP-2021-012484,True,False,high,Use: Multi-family use
2021,ZP-2021-012193,False,True,medium,Dimensional: Roof deck
2021,ZP-2021-014198,False,True,medium,Dimensional: Addition (height/size)
2021,ZP-2021-012928,False,True,medium,Dimensional: Roof deck
2021,ZP-2021-012071,True,False,high,Use: Permit for use
2021,ZP-2021-010601,False,False,low,No clear pattern matched
2021,ZP-2021-009865,False,True,medium,Dimensional: Roof deck
2021,ZP-2021-012686,False,False,low,No clear pattern matched
2021,ZP-2021-012700,False,False,low,No clear pattern matched
2021,ZP-2021-012069,True,False,high,Use: Permit for use
2021,MI-2021-000372,False,True,medium,Dimensional: Roof deck
2021,ZP-2021-009185,False,True,medium,Dimensional: Roof deck
2021,ZP-2021-012698,True,False,high,Use: Permit for use
2021,ZP-2021-011393,False,True,medium,Dimensional: Roof deck
2021,ZP-2021-013480,False,True,medium,Dimensional: Addition (height/size)
2021,ZP-2021-011252,False,True,medium,Dimensional: Addition (height/size)
2021,ZP-2021-012954,False,True,medium,Dimensional: Roof deck
2021,ZP-2021-012140,False,True,medium,Dimensional: Roof deck
2021,ZP-2021-010418,False,True,medium,Dimensional: Parking spaces
2021,ZP-2021-013136,False,False,low,No clear pattern matched
2021,ZP-2021-013352,True,False,high,Use: Multi-family use
2021,ZP-2021-009353,False,True,medium,Dimensional: Addition (height/size)
2021,ZP-2021-012568,True,False,high,Use: Permit for use
2021,ZP-2021-013822,True,False,high,Use: School use
2021,ZP-2021-009580,False,False,low,No clear pattern matched
2021,ZP-2021-013560,False,True,medium,Dimensional: Roof deck
2021,ZP-2021-014787,False,False,low,No clear pattern matched
2021,HA-2021-004963,True,False,high,Use: Retail use
2021,ZP-2021-012003,False,False,low,No clear pattern matched
2021,ZP-2021-012491,True,False,high,Use: Multi-family use
2021,ZP-2021-013482,True,False,high,Use: Permit for use
2021,ZP-2021-007899,False,True,medium,Dimensional: Roof deck
2021,MI-2021-001902,False,True,medium,Dimensional: Roof deck
2021,MI-2021-001901,False,True,medium,Dimensional: Roof deck
2021,ZP-2021-012878,False,False,low,No clear pattern matched
2021,ZP-2021-004246,False,True,medium,Dimensional: Addition (height/size)
2021,ZP-2021-012862,False,False,low,No clear pattern matched
2021,ZP-2021-007882,False,True,medium,Dimensional: Parking spaces
2021,ZP-2021-006472,True,True,medium,Both: Restaurant use + Addition (height/size)
2021,ZP-2021-013443,True,True,medium,Both: Multi-family use + Addition (height/size)
2021,ZP-2021-013700,True,False,high,Use: Permit for use
2021,ZP-2021-013444,True,True,medium,Both: Office use + Parking spaces
2021,ZP-2021-013986,True,False,high,Use: Permit for use
2021,ZP-2021-005769,False,True,medium,Dimensional: Roof deck
2021,HA-2021-005089,False,True,medium,Dimensional: Roof deck
2021,HA-2021-005090,False,False,low,No clear pattern matched
2021,HA-2021-005091,True,True,medium,Both: Commercial use + Parking spaces
2021,HA-2021-005092,True,False,high,Use: Office use
2021,ZP-2021-013423,True,False,high,Use: Permit for use
2021,ZP-2021-010433,True,False,high,Use: Permit for use
2021,ZP-2021-009502,True,False,high,Use: Multi-family use
2021,ZP-2021-012725,True,False,high,Use: Permit for use
2021,ZP-2021-013878,False,False,low,No clear pattern matched
2021,ZP-2021-013881,False,False,low,No clear pattern matched
2021,ZP-2021-014163,False,False,low,No clear pattern matched
2021,ZP-2021-010078,True,False,high,Use: Permit for use
2021,ZP-2021-014408,True,False,high,Use: Permit for use
2021,ZP-2021-014874,True,False,high,Use: Permit for use
2021,ZP-2021-013154,False,False,low,No clear pattern matched
2021,ZP-2021-013439,True,False,high,Use: Multi-family use
2021,ZP-2021-013858,False,False,low,No clear pattern matched
2021,ZP-2021-014713,True,False,high,Use: Restaurant use
2021,ZP-2021-014691,True,False,high,Use: Permit for use
2021,ZP-2021-010223,True,False,high,Use: Office use
2021,ZP-2021-012771,True,False,high,Use: Multi-family use
2021,ZP-2021-014432,False,False,low,No clear pattern matched
2021,ZP-2021-013964,True,False,high,Use: Permit for use
2021,ZP-2021-013824,True,False,high,Use: Multi-family use
2021,ZP-2021-015138,True,False,high,Use: Office use
2021,ZP-2021-014185,False,False,low,No clear pattern matched
2021,ZP-2021-008487,False,True,medium,Dimensional: Roof deck
2021,ZP-2021-011614,True,False,high,Use: Multi-family use
2021,ZP-2021-013911,False,False,low,No clear pattern matched
2021,ZP-2021-013910,True,False,high,Use: Restaurant use
2021,ZP-2021-011513,True,False,high,Use: Office use
2021,ZP-2021-012610,True,True,medium,Both: Multi-family use + Roof deck
2021,ZP-2021-013977,True,False,high,Use: Multi-family use
2021,HA-2021-005269,False,True,medium,Dimensional: Lot line (lot size)
2021,ZP-2021-009840,True,True,medium,Both: Multi-family use + Parking spaces
2021,ZP-2021-008869,False,True,medium,Dimensional: Roof deck
2021,ZP-2021-011003,True,False,high,Use: Multi-family use
2021,ZP-2021-012916,False,False,low,No clear pattern matched
2021,ZP-2021-014267,True,False,high,Use: Retail use
2021,ZP-2021-013006,True,False,high,Use: Restaurant use
2021,ZP-2021-013629,False,True,medium,Dimensional: Roof deck
2021,ZP-2021-014928,True,False,high,Use: Permit for use
2021,ZP-2021-008084,False,True,medium,Dimensional: Roof deck
2021,ZP-2021-008083,False,False,low,No clear pattern matched
2021,ZP-2021-015213,True,False,high,Use: Permit for use
2021,ZP-2021-015022,True,False,high,Use: Permit for use
2021,ZP-2021-015137,True,False,high,Use: Permit for use
2021,ZP-2021-003276,True,True,medium,Both: Multi-family use + Parking spaces
2021,ZP-2021-015101,False,False,low,No clear pattern matched
2021,ZP-2021-008483,False,True,medium,Dimensional: Parking spaces
2021,HA-2021-005347,False,True,medium,Dimensional: Addition (height/size)
2021,HA-2021-005349,False,False,low,No clear pattern matched
2021,ZP-2021-010949,False,True,medium,Dimensional: Parking spaces
2021,ZP-2021-015221,True,False,high,Use: Permit for use
2021,ZP-2021-015273,False,False,low,No clear pattern matched
2021,ZP-2021-015100,True,False,high,Use: Permit for use
2021,ZP-2021-015102,True,False,high,Use: Multi-family use
2021,ZP-2021-014592,True,False,high,Use: Retail use
2021,HA-2021-005417,False,False,low,No clear pattern matched
2021,ZP-2021-012595,False,True,medium,Dimensional: Parking spaces
2021,ZP-2021-013635,True,True,medium,Both: Change of use + Parking spaces
2021,ZP-2021-015363,True,False,high,Use: Permit for use
2021,ZP-2021-015362,True,False,high,Use: Permit for use
2021,ZP-2021-015364,False,False,low,No clear pattern matched
2021,ZP-2021-015361,False,False,low,No clear pattern matched
2021,ZP-2021-014010,True,False,high,Use: Multi-family use
2021,ZP-2021-011565,False,False,low,No clear pattern matched
2021,ZP-2021-014097,True,False,high,Use: Permit for use
2021,ZP-2021-013156,False,True,medium,Dimensional: Roof deck
2021,ZP-2021-009711,False,False,low,No clear pattern matched
2021,ZP-2021-012760,True,False,high,Use: Permit for use
2021,ZP-2021-014334,False,False,low,No clear pattern matched
2021,ZP-2021-006110,True,False,high,Use: Commercial use
2021,ZP-2021-013724,True,True,medium,Both: Multi-family use + Roof deck
2021,ZP-2021-014007,False,True,medium,Dimensional: Parking spaces
2021,ZP-2021-015243,True,True,medium,Both: Change of use + Addition (height/size)
2021,ZP-2021-014626,True,False,high,Use: Multi-family use
2021,ZP-2021-004978,False,False,low,No clear pattern matched
2021,HA-2021-005469,True,False,high,Use: Multi-family use
2021,ZP-2021-008207,True,False,high,Use: Medical use
2021,ZP-2021-012724,False,True,medium,Dimensional: Parking spaces
2021,ZP-2021-003958,False,False,low,No clear pattern matched
2021,ZP-2021-012057,True,True,medium,Both: Multi-family use + Roof deck
2021,HA-2021-005503,False,False,low,No clear pattern matched
2021,ZP-2021-008552,False,False,low,No clear pattern matched
2021,ZP-2021-014755,True,False,high,Use: Permit for use
2021,ZP-2021-012857,False,False,low,No clear pattern matched
2021,ZP-2021-013188,False,True,medium,Dimensional: Parking spaces
2021,ZP-2021-013278,False,False,low,No clear pattern matched
2021,ZP-2021-009406,True,True,medium,Both: Restaurant use + Roof deck
2021,ZP-2021-015476,True,False,high,Use: Permit for use
2021,ZP-2021-015501,True,False,high,Use: Permit for use
2021,ZP-2021-013820,True,False,high,Use: Multi-family use
2021,ZP-2021-010860,False,True,medium,Dimensional: Lot line (lot size)
2021,ZP-2021-014914,True,False,high,Use: Multi-family use
2021,ZP-2021-014636,True,False,high,Use: Permit for use
2021,ZP-2021-013146,False,True,medium,Dimensional: Addition (height/size)
2021,ZP-2021-007983,False,True,medium,Dimensional: Lot line (lot size)
2021,ZP-2021-015539,False,False,low,No clear pattern matched
2021,ZP-2021-015187,True,True,medium,Both: Office use + Addition (height/size)
2021,ZP-2021-015466,False,False,low,No clear pattern matched
2021,ZP-2021-015858,True,True,medium,Both: Multi-family use + Roof deck
2021,ZP-2021-014747,True,False,high,Use: Multi-family use
2021,ZP-2021-014162,False,True,medium,Dimensional: Parking spaces
2021,ZP-2021-007215,False,True,medium,Dimensional: Parking spaces
2021,ZP-2021-005279,True,True,medium,Both: Multi-family use + Addition (height/size)
2021,ZP-2021-015950,False,False,low,No clear pattern matched
2021,ZP-2021-013888,False,True,medium,Dimensional: Roof deck
2021,ZP-2021-014384,True,False,high,Use: Retail use
2021,ZP-2021-014955,True,False,high,Use: Permit for use
2021,ZP-2021-015947,True,False,high,Use: Permit for use
2021,ZP-2021-015166,False,False,low,No clear pattern matched
2021,ZP-2021-008782,True,False,high,Use: Multi-family use
2021,ZP-2021-016332,True,True,medium,Both: Multi-family use + Parking spaces
2021,ZP-2021-012262,False,False,low,No clear pattern matched
2021,ZP-2021-010823,True,False,high,Use: Permit for use
2021,ZP-2021-014483,True,False,high,Use: Multi-family use
2021,ZP-2021-012264,False,False,low,No clear pattern matched
2021,ZP-2021-015957,False,True,medium,Dimensional: Roof deck
2021,ZP-2021-007518,False,False,low,No clear pattern matched
2021,ZP-2021-002598,False,True,medium,Dimensional: Lot line (lot size)
2021,ZP-2021-013932,False,False,low,No clear pattern matched
2021,ZP-2021-014165,False,False,low,No clear pattern matched
2021,ZP-2021-014167,False,True,medium,Dimensional: Lot line (lot size)
2021,ZP-2021-007801,False,True,medium,Dimensional: Roof deck
2021,ZP-2021-014788,False,True,medium,Dimensional: Roof deck
2021,ZP-2021-012683,False,False,low,No clear pattern matched
2021,ZP-2021-003748,False,True,medium,Dimensional: Roof deck
2021,ZP-2021-013719,True,False,high,Use: Multi-family use
2021,ZP-2021-014675,True,False,high,Use: Commercial use
2021,ZP-2020-007446,True,False,high,Use: Permit for use
2021,ZP-2021-014625,False,False,low,No clear pattern matched
2021,ZP-2021-015662,True,False,high,Use: Permit for use
2021,ZP-2021-014647,True,True,medium,Both: Multi-family use + Addition (height/size)
2021,ZP-2021-016426,True,False,high,Use: Multi-family use
2021,ZP-2021-015558,False,False,low,No clear pattern matched
2022,ZP-2021-008914,False,True,medium,Dimensional: Roof deck
2022,ZP-2021-012419,True,True,medium,Both: Multi-family use + Roof deck
2022,ZP-2021-016204,True,False,high,Use: Permit for use
2022,ZP-2021-016104,True,False,high,Use: Permit for use
2022,ZP-2021-016118,True,True,medium,Both: Multi-family use + Roof deck
2022,ZP-2021-014003,False,True,medium,Dimensional: Parking spaces
2022,ZP-2021-010903,False,False,low,No clear pattern matched
2022,ZP-2021-014312,True,False,high,Use: Multi-family use
2022,ZP-2021-003716,False,True,medium,Dimensional: Front yard setback
2022,ZP-2021-012531,True,True,medium,Both: Multi-family use + Parking spaces
2022,ZP-2021-015163,False,False,low,No clear pattern matched
2022,ZP-2021-015535,True,True,medium,Both: Multi-family use + Addition (height/size)
2022,ZP-2021-013692,False,False,low,No clear pattern matched
2022,ZP-2021-015467,False,True,medium,Dimensional: Addition (height/size)
2022,ZP-2021-015468,False,True,medium,Dimensional: Addition (height/size)
2022,ZP-2021-014543,True,False,high,Use: Restaurant use
2022,ZP-2021-015360,True,False,high,Use: Permit for use
2022,ZP-2021-005204,False,True,medium,Dimensional: Lot line (lot size)
2022,ZP-2021-012548,False,True,medium,Dimensional: Roof deck
2022,ZP-2021-016506,False,False,low,No clear pattern matched
2022,ZP-2021-008598,False,True,medium,Dimensional: Roof deck
2022,ZP-2021-016190,False,True,medium,Dimensional: Parking spaces
2022,ZP-2021-008090,False,True,medium,Dimensional: Roof deck
2022,ZP-2021-016532,False,False,low,No clear pattern matched
2022,ZP-2021-012869,False,False,low,No clear pattern matched
2022,ZP-2021-016067,True,True,medium,Both: Permit for use + Parking spaces
2022,ZP-2021-016005,False,False,low,No clear pattern matched
2022,ZP-2021-015714,False,True,medium,Dimensional: Roof deck
2022,ZP-2021-016051,False,False,low,No clear pattern matched
2022,ZP-2022-000111,True,False,high,Use: Multi-family use
2022,ZP-2021-010316,False,False,low,No clear pattern matched
2022,ZP-2021-014476,True,False,high,Use: Change of use
2022,HA-2022-000231,False,False,low,No clear pattern matched
2022,ZP-2021-016663,True,False,high,Use: Permit for use
2022,ZP-2021-016090,True,False,high,Use: Permit for use
2022,ZP-2021-015478,True,True,medium,Both: Change of use + Addition (height/size)
2022,ZP-2021-015717,True,False,high,Use: Multi-family use
2022,ZP-2020-006594,False,False,low,No clear pattern matched
2022,ZP-2021-014778,True,True,medium,Both: Multi-family use + Roof deck
2022,ZP-2021-015936,False,True,medium,Dimensional: Addition (height/size)
2022,ZP-2021-015520,True,False,high,Use: Multi-family use
2022,ZP-2021-003471,False,True,medium,Dimensional: Addition (height/size)
2022,ZP-2021-015624,True,False,high,Use: Permit for use
2022,ZP-2021-014909,False,True,medium,Dimensional: Parking spaces
2022,ZP-2021-016494,True,False,high,Use: Permit for use
2022,ZP-2022-000150,False,True,medium,Dimensional: Roof deck
2022,ZP-2021-015797,True,False,high,Use: Restaurant use
2022,ZP-2021-009944,False,True,medium,Dimensional: Parking spaces
2022,ZP-2021-016503,True,False,high,Use: Office use
2022,ZP-2021-014875,False,False,low,No clear pattern matched
2022,ZP-2021-016079,False,False,low,No clear pattern matched
2022,ZP-2021-015475,True,False,high,Use: Permit for use
2022,ZP-2021-010527,False,True,medium,Dimensional: Addition (height/size)
2022,ZP-2021-016678,True,True,medium,Both: Multi-family use + Roof deck
2022,ZP-2021-016725,True,True,medium,Both: Multi-family use + Roof deck
2022,ZP-2021-015614,False,False,low,No clear pattern matched
2022,ZP-2021-008174,True,False,high,Use: Multi-family use
2022,ZP-2022-000174,False,False,low,No clear pattern matched
2022,ZP-2021-012591,False,True,medium,Dimensional: Parking spaces
2022,ZP-2020-006321,True,False,high,Use: Multi-family use
2022,ZP-2021-016214,True,False,high,Use: Permit for use
2022,ZP-2022-000162,True,False,high,Use: Commercial use
2022,ZP-2021-014701,True,False,high,Use: Permit for use
2022,ZP-2021-016100,True,False,high,Use: Permit for use
2022,ZP-2021-016357,True,False,high,Use: Multi-family use
2022,ZP-2021-011409,False,False,low,No clear pattern matched
2022,ZP-2021-011408,False,False,low,No clear pattern matched
2022,ZP-2021-012734,False,True,medium,Dimensional: Addition (height/size)
2022,ZP-2021-016181,True,False,high,Use: Permit for use
2022,ZP-2022-000220,True,False,high,Use: Permit for use
2022,ZP-2021-015544,True,False,high,Use: Permit for use
2022,ZP-2021-016392,False,False,low,No clear pattern matched
2022,ZP-2022-000161,False,True,medium,Dimensional: Roof deck
2022,ZP-2021-016439,False,True,medium,Dimensional: Parking spaces
2022,ZP-2021-014086,False,True,medium,Dimensional: Roof deck
2022,ZP-2021-016304,True,False,high,Use: Multi-family use
2022,ZP-2021-016330,True,True,medium,Both: Multi-family use + Parking spaces
2022,ZP-2021-016329,False,False,low,No clear pattern matched
2022,ZP-2021-016720,True,True,medium,Both: Restaurant use + Roof deck
2022,ZP-2022-000337,True,False,high,Use: Permit for use
2022,ZP-2021-010717,False,True,medium,Dimensional: Parking spaces
2022,ZP-2021-011143,False,True,medium,Dimensional: Parking spaces
2022,HA-2022-000374,False,False,low,No clear pattern matched
2022,ZP-2021-016318,False,True,medium,Dimensional: Addition (height/size)
2022,ZP-2021-014803,False,False,low,No clear pattern matched
2022,ZP-2021-015219,False,True,medium,Dimensional: Addition (height/size)
2022,ZP-2021-016724,False,True,medium,Dimensional: Roof deck
2022,ZP-2021-014655,False,False,low,No clear pattern matched
2022,ZP-2022-000439,False,False,low,No clear pattern matched
2022,ZP-2021-016820,False,False,low,No clear pattern matched
2022,ZP-2021-013152,False,False,low,No clear pattern matched
2022,ZP-2021-016673,True,False,high,Use: Multi-family use
2022,ZP-2021-015026,True,False,high,Use: Multi-family use
2022,ZP-2021-016469,False,True,medium,Dimensional: Roof deck
2022,ZP-2021-016298,False,True,medium,Dimensional: Roof deck
2022,ZP-2021-015627,False,True,medium,Dimensional: Addition (height/size)
2022,HA-2022-000430,False,False,low,No clear pattern matched
2022,ZP-2022-000443,False,False,low,No clear pattern matched
2022,ZP-2021-016375,True,False,high,Use: Permit for use
2022,ZP-2021-015106,False,True,medium,Dimensional: Addition (height/size)
2022,ZP-2021-015242,False,False,low,No clear pattern matched
2022,ZP-2021-016432,False,False,low,No clear pattern matched
2022,ZP-2021-013177,True,True,medium,Both: Commercial use + Addition (height/size)
2022,ZP-2021-016182,False,False,low,No clear pattern matched
2022,ZP-2021-016313,True,False,high,Use: Multi-family use
2022,ZP-2021-015418,True,True,medium,Both: Multi-family use + Addition (height/size)
2022,ZP-2021-015860,False,False,low,No clear pattern matched
2022,ZP-2022-000047,False,True,medium,Dimensional: Open space
2022,ZP-2022-000048,False,True,medium,Dimensional: Open space
2022,ZP-2022-000085,False,False,low,No clear pattern matched
2022,ZP-2021-016431,False,True,medium,Dimensional: Roof deck
2022,ZP-2021-016752,False,True,medium,Dimensional: Roof deck
2022,HA-2022-000466,False,False,low,No clear pattern matched
2022,HA-2022-000467,False,False,low,No clear pattern matched
2022,HA-2022-000468,False,False,low,No clear pattern matched
2022,HA-2022-000470,False,False,low,No clear pattern matched
2022,ZP-2022-001077,False,False,low,No clear pattern matched
2022,ZP-2022-000038,False,False,low,No clear pattern matched
2022,ZP-2022-000114,False,False,low,No clear pattern matched
2022,ZP-2021-016756,False,False,low,No clear pattern matched
2022,ZP-2022-000096,True,False,high,Use: Multi-family use
2022,ZP-2021-011521,False,False,low,No clear pattern matched
2022,ZP-2021-015611,True,False,high,Use: Permit for use
2022,ZP-2021-015000,True,False,high,Use: Change of use
2022,ZP-2021-014998,False,False,low,No clear pattern matched
2022,ZP-2022-000922,False,False,low,No clear pattern matched
2022,ZP-2021-016668,True,False,high,Use: Change of use
2022,ZP-2021-015001,False,False,low,No clear pattern matched
2022,ZP-2022-000957,False,True,medium,Dimensional: Parking spaces
2022,ZP-2021-016830,False,False,low,No clear pattern matched
2022,ZP-2021-003629,True,True,medium,Both: Multi-family use + Roof deck
2022,ZP-2022-001060,False,False,low,No clear pattern matched
2022,ZP-2022-000197,False,False,low,No clear pattern matched
2022,ZP-2021-015675,False,False,low,No clear pattern matched
2022,ZP-2022-000867,False,False,low,No clear pattern matched
2022,ZP-2021-016501,False,True,medium,Dimensional: Roof deck
2022,HA-2022-000525,False,True,medium,Dimensional: Roof deck
2022,ZP-2022-000521,True,False,high,Use: Multi-family use
2022,HA-2022-000532,False,True,medium,Dimensional: Addition (height/size)
2022,HA-2022-000539,False,False,low,No clear pattern matched
2022,ZP-2022-000210,True,False,high,Use: Permit for use
2022,ZP-2021-015313,True,True,medium,Both: Multi-family use + Parking spaces
2022,ZP-2022-000103,False,True,medium,Dimensional: Roof deck
2022,ZP-2022-001013,True,False,high,Use: Multi-family use
2022,ZP-2021-015952,True,False,high,Use: Multi-family use
2022,ZP-2022-000958,False,False,low,No clear pattern matched
2022,ZP-2022-000030,False,False,low,No clear pattern matched
2022,ZP-2022-000216,False,True,medium,Dimensional: Parking spaces
2022,ZP-2022-000031,True,False,high,Use: Restaurant use
2022,ZP-2022-000035,True,False,high,Use: Permit for use
2022,HA-2022-000574,False,False,low,No clear pattern matched
2022,ZP-2022-000025,True,False,high,Use: Permit for use
2022,HA-2022-000580,False,False,low,No clear pattern matched
2022,ZP-2022-000739,True,False,high,Use: Medical use
2022,ZP-2022-000244,False,False,low,No clear pattern matched
2022,HA-2022-000589,False,False,low,No clear pattern matched
2022,ZP-2021-005202,False,False,low,No clear pattern matched
2022,ZP-2022-000870,True,True,medium,Both: Retail use + Addition (height/size)
2022,ZP-2021-000664,True,False,high,Use: Permit for use
2022,ZP-2021-016299,False,False,low,No clear pattern matched
2022,HA-2022-000599,False,False,low,No clear pattern matched
2022,HA-2022-000598,False,False,low,No clear pattern matched
2022,ZP-2021-016667,False,True,medium,Dimensional: Roof deck
2022,ZP-2021-011637,False,True,medium,Dimensional: Roof deck
2022,ZP-2021-015257,False,False,low,No clear pattern matched
2022,ZP-2021-016014,True,True,medium,Both: Multi-family use + Parking spaces
2022,HA-2022-000609,False,False,low,No clear pattern matched
2022,HA-2022-000610,False,False,low,No clear pattern matched
2022,ZP-2022-000852,True,False,high,Use: Permit for use
2022,HA-2022-000613,False,False,low,No clear pattern matched
2022,HA-2022-000614,False,False,low,No clear pattern matched
2022,HA-2022-000616,False,False,low,No clear pattern matched
2022,HA-2022-000615,False,False,low,No clear pattern matched
2022,ZP-2021-016557,False,True,medium,Dimensional: Lot line (lot size)
2022,ZP-2022-000560,True,False,high,Use: Multi-family use
2022,ZP-2021-016198,False,False,low,No clear pattern matched
2022,ZP-2021-015581,False,True,medium,Dimensional: Lot line (lot size)
2022,ZP-2022-001237,False,False,low,No clear pattern matched
2022,ZP-2022-000334,False,False,low,No clear pattern matched
2022,ZP-2022-000327,False,False,low,No clear pattern matched
2022,ZP-2022-000329,False,False,low,No clear pattern matched
2022,ZP-2022-000331,False,False,low,No clear pattern matched
2022,ZP-2022-000332,False,False,low,No clear pattern matched
2022,HA-2022-000665,True,False,high,Use: Permit for use
2022,ZP-2022-001066,True,True,medium,Both: Commercial use + Addition (height/size)
2022,ZP-2021-013696,False,False,low,No clear pattern matched
2022,ZP-2022-000916,True,False,high,Use: Commercial use
2022,ZP-2022-000785,True,False,high,Use: Commercial use
2022,ZP-2022-000446,False,False,low,No clear pattern matched
2022,ZP-2022-000469,False,True,medium,Dimensional: Roof deck
2022,ZP-2022-000013,True,False,high,Use: Multi-family use
2022,ZP-2021-013976,True,False,high,Use: Multi-family use
2022,ZP-2021-015697,False,False,low,No clear pattern matched
2022,ZP-2021-016704,True,False,high,Use: Office use
2022,ZP-2021-015974,True,False,high,Use: Permit for use
2022,ZP-2022-000365,True,False,high,Use: Multi-family use
2022,ZP-2022-000368,False,False,low,No clear pattern matched
2022,ZP-2022-000603,False,False,low,No clear pattern matched
2022,ZP-2022-000635,False,True,medium,Dimensional: Parking spaces
2022,HA-2022-000700,True,True,medium,Both: Multi-family use + Addition (height/size)
2022,ZP-2022-001059,False,False,low,No clear pattern matched
2022,HA-2022-000704,False,True,medium,Dimensional: Parking spaces
2022,ZP-2022-000191,False,True,medium,Dimensional: Addition (height/size)
2022,ZP-2022-001235,False,False,low,No clear pattern matched
2022,ZP-2022-000808,True,False,high,Use: Multi-family use
2022,ZP-2021-016302,False,True,medium,Dimensional: Roof deck
2022,ZP-2021-016568,True,True,medium,Both: Multi-family use + Roof deck
2022,ZP-2021-016048,True,True,medium,Both: Change of use + Addition (height/size)
2022,ZP-2022-001426,True,False,high,Use: Multi-family use
2022,ZP-2022-000178,False,True,medium,Dimensional: Roof deck
2022,ZP-2021-002216,False,True,medium,Dimensional: Lot line (lot size)
2022,ZP-2021-013400,True,True,medium,Both: Multi-family use + Roof deck
2022,ZP-2021-016789,True,False,high,Use: Multi-family use
2022,ZP-2022-001184,False,True,medium,Dimensional: Roof deck
2022,ZP-2022-000044,True,False,high,Use: Multi-family use
2022,ZP-2022-001090,True,False,high,Use: Permit for use
2022,ZP-2022-000664,False,False,low,No clear pattern matched
2022,ZP-2022-001048,False,False,low,No clear pattern matched
2022,ZP-2021-015210,False,False,low,No clear pattern matched
2022,ZP-2022-001143,True,False,high,Use: Multi-family use
2022,ZP-2022-001505,True,False,high,Use: Permit for use
2022,ZP-2022-000690,True,True,medium,Both: Multi-family use + Roof deck
2022,ZP-2022-000320,True,False,high,Use: Restaurant use
2022,ZP-2022-000163,False,False,low,No clear pattern matched
2022,HA-2022-000788,False,False,low,No clear pattern matched
2022,ZP-2022-000397,True,False,high,Use: Permit for use
2022,ZP-2021-015871,True,True,medium,Both: Multi-family use + Roof deck
2022,ZP-2021-012637,True,False,high,Use: Business use
2022,ZP-2022-001220,True,False,high,Use: Permit for use
2022,ZP-2021-002655,False,False,low,No clear pattern matched
2022,ZP-2022-000658,False,False,low,No clear pattern matched
2022,ZP-2022-001310,True,False,high,Use: Restaurant use
2022,ZP-2022-000542,False,False,low,No clear pattern matched
2022,HA-2022-000849,False,True,medium,Dimensional: Height exceeds
2022,HA-2022-000851,False,True,medium,Dimensional: Lot line (lot size)
2022,HA-2022-000856,False,True,medium,Dimensional: Parking spaces
2022,HA-2022-000857,False,True,medium,Dimensional: Parking spaces
2022,HA-2022-000858,False,True,medium,Dimensional: Parking spaces
2022,ZP-2022-000699,True,False,high,Use: Permit for use
2022,ZP-2022-000351,False,False,low,No clear pattern matched
2022,ZP-2022-000678,False,False,low,No clear pattern matched
2022,ZP-2022-000248,True,True,medium,Both: Change of use + Addition (height/size)
2022,ZP-2021-007194,False,True,medium,Dimensional: Addition (height/size)
2022,ZP-2022-002011,False,False,low,No clear pattern matched
2022,ZP-2022-000534,True,False,high,Use: Permit for use
2022,ZP-2021-015984,True,True,medium,Both: Multi-family use + Roof deck
2022,ZP-2022-000951,True,True,medium,Both: Retail use + Addition (height/size)
2022,ZP-2022-000749,True,False,high,Use: Permit for use
2022,ZP-2022-001298,False,True,medium,Dimensional: Roof deck
2022,ZP-2021-016326,False,True,medium,Dimensional: Parking spaces
2022,ZP-2022-001433,True,False,high,Use: Permit for use
2022,HA-2022-000938,False,False,low,No clear pattern matched
2022,ZP-2022-000780,True,False,high,Use: Permit for use
2022,HA-2022-000939,True,True,medium,Both: Multi-family use + Roof deck
2022,ZP-2022-000661,True,False,high,Use: Permit for use
2022,ZP-2022-000306,True,False,high,Use: Multi-family use
2022,ZP-2021-015089,False,False,low,No clear pattern matched
2022,ZP-2022-001070,False,False,low,No clear pattern matched
2022,ZP-2022-001074,False,False,low,No clear pattern matched
2022,HA-2022-000943,False,False,low,No clear pattern matched
2022,ZP-2022-001055,False,True,medium,Dimensional: Addition (height/size)
2022,ZP-2022-000258,False,True,medium,Dimensional: Roof deck
2022,ZP-2022-000257,False,True,medium,Dimensional: Roof deck
2022,ZP-2021-006978,False,True,medium,Dimensional: Roof deck
2022,ZP-2022-001557,False,True,medium,Dimensional: Addition (height/size)
2022,ZP-2022-000369,True,True,medium,Both: Restaurant use + Parking spaces
2022,ZP-2021-014886,True,False,high,Use: Permit for use
2022,ZP-2022-001690,False,False,low,No clear pattern matched
2022,ZP-2022-001049,True,True,medium,Both: Restaurant use + Parking spaces
2022,ZP-2022-000270,True,False,high,Use: Permit for use
2022,ZP-2022-001045,True,False,high,Use: Multi-family use
2022,ZP-2022-001207,True,False,high,Use: Restaurant use
2022,ZP-2022-000340,True,False,high,Use: Multi-family use
2022,ZP-2020-002635,False,True,medium,Dimensional: Roof deck
2022,ZP-2021-015574,False,False,low,No clear pattern matched
2022,ZP-2021-015128,False,True,medium,Dimensional: Parking spaces
2022,ZP-2022-001014,False,True,medium,Dimensional: Parking spaces
2022,HA-2022-001030,False,True,medium,Dimensional: Roof deck
2022,HA-2022-001031,True,False,high,Use: Multi-family use
2022,ZP-2022-000879,False,True,medium,Dimensional: Addition (height/size)
2022,ZP-2022-001710,False,False,low,No clear pattern matched
2022,ZP-2022-001716,True,False,high,Use: Restaurant use
2022,ZP-2022-001352,False,False,low,No clear pattern matched
2022,ZP-2022-001354,False,False,low,No clear pattern matched
2022,ZP-2022-000845,True,True,medium,Both: Restaurant use + Roof deck
2022,ZP-2022-000576,False,False,low,No clear pattern matched
2022,ZP-2022-000694,False,True,medium,Dimensional: Parking spaces
2022,ZP-2022-001717,True,True,medium,Both: Multi-family use + Parking spaces
2022,ZP-2022-002192,False,True,medium,Dimensional: Roof deck
2022,ZP-2022-001225,False,False,low,No clear pattern matched
2022,ZP-2021-005655,False,True,medium,Dimensional: Roof deck
2022,ZP-2022-001949,False,False,low,No clear pattern matched
2022,HA-2022-001086,False,False,low,No clear pattern matched
2022,ZP-2022-001003,True,False,high,Use: Multi-family use
2022,ZP-2022-000685,False,False,low,No clear pattern matched
2022,ZP-2022-001598,False,True,medium,Dimensional: Roof deck
2022,ZP-2022-000999,True,False,high,Use: Permit for use
2022,ZP-2022-002253,True,True,medium,Both: Multi-family use + Lot area
2022,ZP-2022-000254,True,False,high,Use: Permit for use
2022,ZP-2022-001737,False,True,medium,Dimensional: Roof deck
2022,ZP-2022-001747,False,False,low,No clear pattern matched
2022,ZP-2022-001370,True,True,medium,Both: Change of use + Parking spaces
2022,ZP-2022-002285,False,False,low,No clear pattern matched
2022,ZP-2021-015584,False,True,medium,Dimensional: Lot line (lot size)
2022,ZP-2021-007417,False,True,medium,Dimensional: Addition (height/size)
2022,ZP-2022-000614,True,False,high,Use: Permit for use
2022,ZP-2022-002050,True,False,high,Use: Retail use
2022,ZP-2022-001361,True,False,high,Use: Permit for use
2022,ZP-2022-001125,False,True,medium,Dimensional: Roof deck
2022,ZP-2022-001989,False,False,low,No clear pattern matched
2022,ZP-2022-000538,False,False,low,No clear pattern matched
2022,ZP-2022-000598,False,True,medium,Dimensional: Parking spaces
2022,ZP-2022-000843,False,False,low,No clear pattern matched
2022,ZP-2022-000774,True,True,medium,Both: Multi-family use + Roof deck
2022,ZP-2021-015674,False,False,low,No clear pattern matched
2022,ZP-2022-001250,False,True,medium,Dimensional: Roof deck
2022,ZP-2022-002185,False,False,low,No clear pattern matched
2022,ZP-2022-001120,True,True,medium,Both: Multi-family use + Roof deck
2022,ZP-2022-000607,True,False,high,Use: Multi-family use
2022,ZP-2022-000610,True,False,high,Use: Multi-family use
2022,ZP-2022-001766,False,False,low,No clear pattern matched
2022,ZP-2022-001765,True,True,medium,Both: Multi-family use + Addition (height/size)
2022,ZP-2021-011189,False,True,medium,Dimensional: Roof deck
2022,ZP-2022-000869,True,True,medium,Both: Change of use + Addition (height/size)
2022,ZP-2022-002439,True,False,high,Use: Multi-family use
2022,ZP-2022-002084,True,False,high,Use: Permit for use
2022,ZP-2022-001006,False,True,medium,Dimensional: Addition (height/size)
2022,ZP-2022-002420,False,False,low,No clear pattern matched
2022,ZP-2022-001035,True,False,high,Use: Multi-family use
2022,ZP-2022-001498,True,False,high,Use: Permit for use
2022,ZP-2022-002088,False,False,low,No clear pattern matched
2022,ZP-2022-002087,False,False,low,No clear pattern matched
2022,ZP-2022-000673,False,False,low,No clear pattern matched
2022,ZP-2021-015292,False,True,medium,Dimensional: Lot line (lot size)
2022,ZP-2022-000847,False,False,low,No clear pattern matched
2022,ZP-2022-001115,False,True,medium,Dimensional: Roof deck
2022,ZP-2021-016755,False,True,medium,Dimensional: Roof deck
2022,ZP-2022-001321,False,False,low,No clear pattern matched
2022,ZP-2021-012169,False,True,medium,Dimensional: Parking spaces
2022,ZP-2022-000288,True,False,high,Use: Permit for use
2022,ZP-2022-000232,False,False,low,No clear pattern matched
2022,ZP-2022-001770,True,False,high,Use: Permit for use
2022,ZP-2022-001536,True,False,high,Use: Permit for use
2022,ZP-2022-001248,False,False,low,No clear pattern matched
2022,ZP-2022-002251,True,False,high,Use: Short-term rental
2022,ZP-2022-001084,False,True,medium,Dimensional: Roof deck
2022,ZP-2022-001081,False,True,medium,Dimensional: Roof deck
2022,ZP-2022-001079,False,True,medium,Dimensional: Parking spaces
2022,ZP-2022-001041,False,False,low,No clear pattern matched
2022,ZP-2022-002081,False,False,low,No clear pattern matched
2022,ZP-2021-012786,False,False,low,No clear pattern matched
2022,ZP-2022-000336,True,False,high,Use: Multi-family use
2022,ZP-2021-015696,False,False,low,No clear pattern matched
2022,ZP-2022-001501,False,False,low,No clear pattern matched
2022,ZP-2022-002014,False,False,low,No clear pattern matched
2022,ZP-2022-002131,True,True,medium,Both: Multi-family use + Addition (height/size)
2022,ZP-2022-000986,True,False,high,Use: Permit for use
2022,ZP-2021-013271,False,False,low,No clear pattern matched
2022,ZP-2022-002314,True,True,medium,Both: Business use + Roof deck
2022,ZP-2022-002125,True,False,high,Use: Short-term rental
2022,ZP-2022-002306,False,False,low,No clear pattern matched
2022,ZP-2022-001695,True,True,medium,Both: Restaurant use + Parking spaces
2022,ZP-2022-001701,False,False,low,No clear pattern matched
2022,ZP-2022-001632,True,False,high,Use: Permit for use
2022,ZP-2022-000790,False,False,low,No clear pattern matched
2022,ZP-2022-002246,False,True,medium,Dimensional: Roof deck
2022,ZP-2022-001519,False,False,low,No clear pattern matched
2022,ZP-2022-002505,False,False,low,No clear pattern matched
2022,ZP-2022-001506,True,True,medium,Both: Short-term rental + Addition (height/size)
2022,ZP-2022-002843,False,False,low,No clear pattern matched
2022,ZP-2022-001675,True,False,high,Use: Permit for use
2022,ZP-2021-016180,False,True,medium,Dimensional: Roof deck
2022,ZP-2022-000409,False,False,low,No clear pattern matched
2022,ZP-2022-001113,False,True,medium,Dimensional: Roof deck
2022,ZP-2022-001114,False,True,medium,Dimensional: Roof deck
2022,ZP-2022-001116,False,True,medium,Dimensional: Roof deck
2022,ZP-2021-016331,False,True,medium,Dimensional: Roof deck
2022,ZP-2022-002079,False,True,medium,Dimensional: Roof deck
2022,ZP-2021-016203,True,False,high,Use: Permit for use
2022,ZP-2022-002851,False,False,low,No clear pattern matched
2022,ZP-2021-016545,False,True,medium,Dimensional: Roof deck
2022,HA-2022-001601,False,True,medium,Dimensional: Parking spaces
2022,HA-2022-001602,True,False,high,Use: Permit for use
2022,ZP-2022-002069,False,False,low,No clear pattern matched
2022,ZP-2022-001808,False,True,medium,Dimensional: Roof deck
2022,ZP-2022-001824,False,False,low,No clear pattern matched
2022,HA-2022-001604,False,False,low,No clear pattern matched
2022,ZP-2022-001438,False,True,medium,Dimensional: Addition (height/size)
2022,ZP-2021-014996,False,True,medium,Dimensional: Lot area
2022,ZP-2022-002942,False,False,low,No clear pattern matched
2022,ZP-2022-001586,False,False,low,No clear pattern matched
2022,ZP-2021-008988,True,False,high,Use: Change of use
2022,ZP-2022-002558,False,True,medium,Dimensional: Parking spaces
2022,ZP-2022-002553,False,True,medium,Dimensional: Parking spaces
2022,ZP-2021-010711,True,False,high,Use: Change of use
2022,ZP-2022-002089,True,False,high,Use: Permit for use
2022,ZP-2022-003361,True,False,high,Use: Multi-family use
2022,ZP-2022-000259,False,True,medium,Dimensional: Roof deck
2022,ZP-2022-001684,False,False,low,No clear pattern matched
2022,ZP-2022-002818,False,True,medium,Dimensional: Roof deck
2022,ZP-2021-015913,False,True,medium,Dimensional: Parking spaces
2022,ZP-2021-016316,True,False,high,Use: Commercial use
2022,ZP-2022-000837,True,True,medium,Both: Multi-family use + Parking spaces
2022,ZP-2022-003156,False,False,low,No clear pattern matched
2022,ZP-2022-003691,False,True,medium,Dimensional: Roof deck
2022,ZP-2022-000787,False,True,medium,Dimensional: Parking spaces
2022,ZP-2022-002265,False,False,low,No clear pattern matched
2022,ZP-2022-003461,False,False,low,No clear pattern matched
2022,ZP-2022-003748,True,True,medium,Both: Multi-family use + Parking spaces
2022,ZP-2021-016489,True,True,medium,Both: Multi-family use + Parking spaces
2022,ZP-2021-015200,False,False,low,No clear pattern matched
2022,ZP-2022-002885,False,False,low,No clear pattern matched
2022,ZP-2022-002373,False,False,low,No clear pattern matched
2022,ZP-2022-000938,True,True,medium,Both: Multi-family use + Roof deck
2022,ZP-2022-000875,False,True,medium,Dimensional: Addition (height/size)
2022,ZP-2022-001721,True,True,medium,Both: Commercial use + Roof deck
2022,ZP-2022-001768,False,True,medium,Dimensional: Addition (height/size)
2022,ZP-2022-001933,True,False,high,Use: Restaurant use
2022,ZP-2022-000836,True,True,medium,Both: Multi-family use + Parking spaces
2022,ZP-2022-002776,True,True,medium,Both: Multi-family use + Roof deck
2022,ZP-2022-002947,False,False,low,No clear pattern matched
2022,ZP-2022-002374,True,False,high,Use: Multi-family use
2022,ZP-2022-001076,True,False,high,Use: Permit for use
2022,ZP-2022-001902,False,True,medium,Dimensional: Parking spaces
2022,ZP-2022-001607,True,False,high,Use: Multi-family use
2022,ZP-2021-009921,True,False,high,Use: Permit for use
2022,ZP-2022-002522,True,True,medium,Both: Multi-family use + Roof deck
2022,ZP-2022-002521,True,True,medium,Both: Multi-family use + Roof deck
2022,ZP-2022-002116,True,True,medium,Both: Multi-family use + Lot area
2022,ZP-2022-003259,True,False,high,Use: Office use
2022,ZP-2022-002918,False,True,medium,Dimensional: Addition (height/size)
2022,ZP-2022-003445,True,False,high,Use: Permit for use
2022,ZP-2022-001300,False,True,medium,Dimensional: Roof deck
2022,ZP-2021-016793,False,True,medium,Dimensional: Roof deck
2022,ZP-2022-003667,True,False,high,Use: Multi-family use
2022,ZP-2022-002429,False,False,low,No clear pattern matched
2022,HA-2022-001870,False,True,medium,Dimensional: Roof deck
2022,ZP-2022-001758,True,True,medium,Both: Office use + Setback
2022,ZP-2021-014566,False,False,low,No clear pattern matched
2022,HA-2022-001912,False,True,medium,Dimensional: Parking spaces
2022,ZP-2021-013875,False,False,low,No clear pattern matched
2022,ZP-2022-000176,True,True,medium,Both: Change of use + Addition (height/size)
2022,ZP-2022-003797,False,False,low,No clear pattern matched
2022,ZP-2022-002564,False,True,medium,Dimensional: Roof deck
2022,ZP-2022-001449,True,True,medium,Both: Multi-family use + Lot area
2022,ZP-2022-002245,False,False,low,No clear pattern matched
2022,ZP-2022-004186,False,False,low,No clear pattern matched
2022,ZP-2022-004014,False,True,medium,Dimensional: Rear yard setback
2022,ZP-2021-013831,False,True,medium,Dimensional: Parking spaces
2022,ZP-2022-003711,False,False,low,No clear pattern matched
2022,ZP-2022-003684,False,False,low,No clear pattern matched
2022,ZP-2022-003176,True,False,high,Use: Restaurant use
2022,ZP-2022-001615,False,True,medium,Dimensional: Parking spaces
2022,ZP-2021-009154,True,False,high,Use: Retail use
2022,ZP-2021-013642,False,True,medium,Dimensional: Addition (height/size)
2022,ZP-2021-015017,True,False,high,Use: Restaurant use
2022,ZP-2022-003622,True,False,high,Use: Multi-family use
2022,ZP-2022-002083,False,True,medium,Dimensional: Addition (height/size)
2022,ZP-2022-003875,True,True,medium,Both: Multi-family use + Addition (height/size)
2022,ZP-2021-015052,False,False,low,No clear pattern matched
2022,ZP-2022-001407,False,False,low,No clear pattern matched
2022,ZP-2022-001479,True,True,medium,Both: Commercial use + Addition (height/size)
2022,ZP-2022-002842,False,True,medium,Dimensional: Addition (height/size)
2022,ZP-2022-000582,False,True,medium,Dimensional: Parking spaces
2022,ZP-2022-000652,False,True,medium,Dimensional: Parking spaces
2022,ZP-2022-001503,True,False,high,Use: Multi-family use
2022,HA-2022-001986,False,False,low,No clear pattern matched
2022,ZP-2022-003724,False,False,low,No clear pattern matched
2022,ZP-2022-004296,False,True,medium,Dimensional: Lot area
2022,ZP-2022-002070,False,True,medium,Dimensional: Parking spaces
2022,ZP-2022-002895,False,False,low,No clear pattern matched
2022,ZP-2022-004455,True,False,high,Use: Restaurant/bar
2022,ZP-2022-000839,False,True,medium,Dimensional: Parking spaces
2022,ZP-2022-000840,False,True,medium,Dimensional: Parking spaces
2022,ZP-2022-000841,False,True,medium,Dimensional: Parking spaces
2022,ZP-2022-002556,False,True,medium,Dimensional: Addition (height/size)
2022,ZP-2022-003042,False,True,medium,Dimensional: Addition (height/size)
2022,ZP-2022-003301,False,False,low,No clear pattern matched
2022,ZP-2022-004087,False,True,medium,Dimensional: Parking spaces
2022,ZP-2022-003947,True,False,high,Use: Multi-family use
2022,ZP-2022-000006,True,False,high,Use: Commercial use
2022,ZP-2022-001971,True,True,medium,Both: Multi-family use + Lot line (lot size)
2022,ZP-2022-001450,True,True,medium,Both: Multi-family use + Rear yard setback
2022,ZP-2022-004735,False,False,low,No clear pattern matched
2022,ZP-2022-004580,False,False,low,No clear pattern matched
2022,ZP-2022-003882,False,True,medium,Dimensional: Roof deck
2022,ZP-2022-003656,True,False,high,Use: Multi-family use
2022,ZP-2022-004158,True,False,high,Use: Permit for use
2022,HA-2022-002036,False,True,medium,Dimensional: Lot line (lot size)
2022,ZP-2022-002573,False,True,medium,Dimensional: Roof deck
2022,ZP-2022-002574,False,True,medium,Dimensional: Roof deck
2022,ZP-2022-002575,False,True,medium,Dimensional: Roof deck
2022,ZP-2022-004964,True,True,medium,Both: Multi-family use + Parking spaces
2022,ZP-2022-002362,True,False,high,Use: Permit for use
2022,ZP-2022-001374,False,True,medium,Dimensional: Parking spaces
2022,ZP-2022-001413,False,True,medium,Dimensional: Parking spaces
2022,ZP-2022-002432,True,True,medium,Both: Multi-family use + Roof deck
2022,ZP-2022-002129,False,False,low,No clear pattern matched
2022,ZP-2022-004616,False,False,low,No clear pattern matched
2022,ZP-2021-015462,False,True,medium,Dimensional: Parking spaces
2022,ZP-2022-003012,False,False,low,No clear pattern matched
2022,ZP-2021-014938,False,True,medium,Dimensional: Parking spaces
2022,ZP-2022-003673,False,False,low,No clear pattern matched
2022,ZP-2022-004535,True,False,high,Use: Multi-family use
2022,ZP-2022-004109,False,True,medium,Dimensional: Roof deck
2022,ZP-2022-003456,False,False,low,No clear pattern matched
2022,ZP-2022-004327,True,False,high,Use: Short-term rental
2022,ZP-2022-000117,False,True,medium,Dimensional: Parking spaces
2022,ZP-2022-003527,False,False,low,No clear pattern matched
2022,ZP-2022-003770,False,False,low,No clear pattern matched
2022,ZP-2022-003148,False,False,low,No clear pattern matched
2022,ZP-2022-003147,False,False,low,No clear pattern matched
2022,ZP-2021-006995,False,True,medium,Dimensional: Lot line (lot size)
2022,ZP-2021-006997,False,True,medium,Dimensional: Parking spaces
2022,ZP-2022-001720,False,False,low,No clear pattern matched
2022,ZP-2022-001057,False,False,low,No clear pattern matched
2022,ZP-2022-003332,False,False,low,No clear pattern matched
2022,ZP-2022-003435,False,False,low,No clear pattern matched
2022,ZP-2022-003874,False,False,low,No clear pattern matched
2022,ZP-2022-004762,False,False,low,No clear pattern matched
2022,ZP-2022-001521,False,False,low,No clear pattern matched
2022,ZP-2022-001962,False,True,medium,Dimensional: Roof deck
2022,ZP-2022-003453,False,False,low,No clear pattern matched
2022,ZP-2022-004140,False,False,low,No clear pattern matched
2022,ZP-2022-003761,False,False,low,No clear pattern matched
2022,ZP-2022-002198,True,True,medium,Both: Multi-family use + Roof deck
2022,ZP-2022-003538,False,False,low,No clear pattern matched
2022,ZP-2022-001429,False,True,medium,Dimensional: Addition (height/size)
2022,ZP-2022-003484,True,False,high,Use: Short-term rental
2022,ZP-2022-003995,False,False,low,No clear pattern matched
2022,ZP-2022-004298,False,False,low,No clear pattern matched
2022,ZP-2022-002310,False,True,medium,Dimensional: Lot line (lot size)
2022,ZP-2022-002217,False,True,medium,Dimensional: Lot line (lot size)
2022,HA-2022-002175,False,False,low,No clear pattern matched
2022,ZP-2022-004731,False,False,low,No clear pattern matched
2022,ZP-2022-002943,False,False,low,No clear pattern matched
2022,ZP-2022-004330,True,False,high,Use: Multi-family use
2022,ZP-2022-004495,True,False,high,Use: Multi-family use
2022,ZP-2022-001448,False,True,medium,Dimensional: Roof deck
2022,MI-2020-000260,True,False,high,Use: Multi-family use
2022,HA-2022-002203,False,True,medium,Dimensional: Parking spaces
2022,HA-2022-002213,False,True,medium,Dimensional: Addition (height/size)
2022,ZP-2022-003866,True,False,high,Use: Medical use
2022,ZP-2022-004184,False,True,medium,Dimensional: Roof deck
2022,ZP-2022-002454,True,False,high,Use: Restaurant/bar
2022,MI-2020-001579,True,True,medium,Both: Multi-family use + Parking spaces
2022,ZP-2022-002281,False,True,medium,Dimensional: Roof deck
2022,ZP-2022-002284,False,True,medium,Dimensional: Roof deck
2022,ZP-2022-003289,False,False,low,No clear pattern matched
2022,ZP-2022-004718,True,False,high,Use: Multi-family use
2022,ZP-2022-002215,True,False,high,Use: Multi-family use
2022,ZP-2022-000756,True,True,medium,Both: Multi-family use + Roof deck
2022,ZP-2022-004209,False,True,medium,Dimensional: Addition (height/size)
2022,ZP-2022-001309,False,False,low,No clear pattern matched
2022,ZP-2022-005041,True,False,high,Use: Multi-family use
2022,ZP-2022-003799,True,False,high,Use: Multi-family use
2022,ZP-2022-003925,False,False,low,No clear pattern matched
2022,HA-2022-002267,False,False,low,No clear pattern matched
2022,ZP-2022-005581,False,False,low,No clear pattern matched
2022,ZP-2022-003808,False,False,low,No clear pattern matched
2022,ZP-2022-003904,False,False,low,No clear pattern matched
2022,ZP-2022-002762,False,True,medium,Dimensional: Addition (height/size)
2022,ZP-2022-004458,False,False,low,No clear pattern matched
2022,ZP-2022-004346,True,False,high,Use: Commercial use
2022,ZP-2022-004572,False,True,medium,Dimensional: Parking spaces
2022,ZP-2022-004118,False,False,low,No clear pattern matched
2022,ZP-2022-004976,True,False,high,Use: Multi-family use
2022,ZP-2022-003963,False,True,medium,Dimensional: Roof deck
2022,ZP-2022-000838,False,True,medium,Dimensional: Parking spaces
2022,ZP-2022-000834,False,True,medium,Dimensional: Parking spaces
2022,ZP-2022-003967,False,True,medium,Dimensional: Roof deck
2022,ZP-2022-001283,False,False,low,No clear pattern matched
2022,ZP-2022-003929,False,False,low,No clear pattern matched
2022,ZP-2022-001052,True,True,medium,Both: Multi-family use + Roof deck
2022,ZP-2022-001746,False,True,medium,Dimensional: Parking spaces
2022,ZP-2022-004840,False,True,medium,Dimensional: Roof deck
2022,ZP-2022-004843,False,True,medium,Dimensional: Roof deck
2022,ZP-2022-005095,True,False,high,Use: Multi-family use
2022,ZP-2022-003639,False,False,low,No clear pattern matched
2022,ZP-2022-004371,True,False,high,Use: Multi-family use
2022,ZP-2022-001452,False,True,medium,Dimensional: Roof deck
2022,ZP-2022-001791,False,True,medium,Dimensional: Lot line (lot size)
2022,ZP-2022-002685,False,True,medium,Dimensional: Parking spaces
2022,ZP-2022-004635,False,True,medium,Dimensional: Addition (height/size)
2022,ZP-2022-003988,False,True,medium,Dimensional: Parking spaces
2022,ZP-2022-004463,True,False,high,Use: Multi-family use
2022,ZP-2022-004586,False,True,medium,Dimensional: Roof deck
2022,ZP-2022-004589,True,True,medium,Both: Multi-family use + Addition (height/size)
2022,ZP-2022-005723,True,False,high,Use: Office use
2022,ZP-2022-001803,False,False,low,No clear pattern matched
2022,ZP-2022-003747,False,False,low,No clear pattern matched
2022,ZP-2022-003908,False,True,medium,Dimensional: Roof deck
2022,ZP-2022-004978,True,True,medium,Both: Change of use + Addition (height/size)
2022,ZP-2022-002701,True,True,medium,Both: School use + Parking spaces
2022,HA-2022-002370,False,True,medium,Dimensional: Roof deck
2022,HA-2022-002372,True,False,high,Use: Multi-family use
2022,ZP-2022-005187,False,False,low,No clear pattern matched
2022,ZP-2022-002464,False,False,low,No clear pattern matched
2022,ZP-2022-002805,False,True,medium,Dimensional: Roof deck
2022,ZP-2022-004005,False,False,low,No clear pattern matched
2022,ZP-2022-003191,True,False,high,Use: Change of use
2022,HA-2022-002375,False,False,low,No clear pattern matched
2022,HA-2022-002376,False,False,low,No clear pattern matched
2022,ZP-2022-004681,False,False,low,No clear pattern matched
2022,ZP-2022-004961,True,False,high,Use: Short-term rental
2022,ZP-2022-004139,False,True,medium,Dimensional: Parking spaces
2022,ZP-2021-005112,False,False,low,No clear pattern matched
2022,ZP-2022-004496,True,False,high,Use: Multi-family use
2022,ZP-2022-004494,False,False,low,No clear pattern matched
2022,ZP-2022-005349,True,False,high,Use: Multi-family use
2022,ZP-2022-003526,True,True,medium,Both: Permit for use + Parking spaces
2022,ZP-2022-004461,False,False,low,No clear pattern matched
2022,ZP-2022-004397,False,True,medium,Dimensional: Roof deck
2022,ZP-2022-004317,False,False,low,No clear pattern matched
2022,ZP-2022-003943,False,True,medium,Dimensional: Parking spaces
2022,ZP-2022-004136,False,False,low,No clear pattern matched
2022,ZP-2022-003833,True,False,high,Use: Change of use
2022,ZP-2022-003177,False,True,medium,Dimensional: Roof deck
2022,ZP-2022-006011,True,False,high,Use: Multi-family use
2022,ZP-2022-005091,True,False,high,Use: Multi-family use
2022,ZP-2022-004773,False,False,low,No clear pattern matched
2022,ZP-2022-005808,True,False,high,Use: Permit for use
2022,ZP-2022-003507,True,False,high,Use: Permit for use
2022,ZP-2022-003809,False,True,medium,Dimensional: Roof deck
2022,ZP-2022-003849,True,False,high,Use: Short-term rental
2022,ZP-2022-006174,True,False,high,Use: Permit for use
2022,ZP-2022-004127,True,False,high,Use: Retail use
2022,ZP-2022-005259,False,False,low,No clear pattern matched
2022,ZP-2022-005055,True,True,medium,Both: Change of use + Parking spaces
2022,ZP-2022-004010,False,False,low,No clear pattern matched
2022,ZP-2022-005611,True,False,high,Use: Office use
2022,ZP-2022-005520,False,False,low,No clear pattern matched
2022,ZP-2022-004362,False,False,low,No clear pattern matched
2022,ZP-2022-004363,False,False,low,No clear pattern matched
2022,ZP-2022-005103,False,False,low,No clear pattern matched
2022,ZP-2022-004900,True,False,high,Use: Change of use
2022,ZP-2022-002055,False,False,low,No clear pattern matched
2022,ZP-2022-006090,False,False,low,No clear pattern matched
2022,ZP-2022-003821,False,True,medium,Dimensional: Parking spaces
2022,ZP-2022-004853,False,False,low,No clear pattern matched
2022,ZP-2022-004214,True,False,high,Use: Multi-family use
2022,ZP-2022-005977,False,False,low,No clear pattern matched
2022,ZP-2022-003373,False,False,low,No clear pattern matched
2022,ZP-2022-001769,False,False,low,No clear pattern matched
2022,ZP-2022-005446,False,False,low,No clear pattern matched
2022,ZP-2022-005735,True,False,high,Use: Restaurant use
2022,ZP-2022-005571,False,False,low,No clear pattern matched
2022,ZP-2022-005243,True,False,high,Use: Office use
2022,HA-2022-002519,False,False,low,No clear pattern matched
2022,HA-2022-002520,False,False,low,No clear pattern matched
2022,HA-2022-002522,False,False,low,No clear pattern matched
2022,ZP-2022-006266,True,False,high,Use: Childcare use
2022,ZP-2022-006278,True,False,high,Use: Retail use
2022,ZP-2022-005021,False,False,low,No clear pattern matched
2022,ZP-2022-006259,False,False,low,No clear pattern matched
2022,ZP-2022-001912,True,False,high,Use: Change of use
2022,ZP-2022-004305,False,False,low,No clear pattern matched
2022,ZP-2022-003860,False,False,low,No clear pattern matched
2022,ZP-2022-005417,False,False,low,No clear pattern matched
2022,ZP-2022-005811,True,False,high,Use: Multi-family use
2022,ZP-2022-005703,False,True,medium,Dimensional: Roof deck
2022,ZP-2022-004536,False,True,medium,Dimensional: Addition (height/size)
2022,ZP-2022-004732,True,True,medium,Both: Multi-family use + Parking spaces
2022,ZP-2022-005486,True,False,high,Use: Retail use
2022,ZP-2022-006071,False,False,low,No clear pattern matched
2022,ZP-2022-005819,False,True,medium,Dimensional: Roof deck
2022,ZP-2022-006202,True,False,high,Use: Multi-family use
2022,ZP-2022-004603,True,True,medium,Both: Change of use + Front yard setback
2022,ZP-2022-005100,False,False,low,No clear pattern matched
2022,ZP-2022-002858,False,False,low,No clear pattern matched
2022,ZP-2022-005212,True,True,medium,Both: Change of use + Addition (height/size)
2022,ZP-2022-005279,False,False,low,No clear pattern matched
2022,ZP-2022-005115,False,False,low,No clear pattern matched
2022,ZP-2022-005331,True,False,high,Use: Short-term rental
2022,ZP-2021-013852,True,False,high,Use: Multi-family use
2022,ZP-2022-005745,False,False,low,No clear pattern matched
2022,ZP-2022-006472,False,False,low,No clear pattern matched
2022,ZP-2022-005564,False,True,medium,Dimensional: Roof deck
2022,ZP-2022-003550,False,True,medium,Dimensional: Addition (height/size)
2022,ZP-2022-006056,True,False,high,Use: Office use
2022,ZP-2022-000894,False,True,medium,Dimensional: Roof deck
2022,ZP-2022-006920,True,False,high,Use: Multi-family use
2022,ZP-2022-000411,False,False,low,No clear pattern matched
2022,ZP-2022-005823,False,False,low,No clear pattern matched
2022,ZP-2022-006040,False,False,low,No clear pattern matched
2022,ZP-2022-003722,False,True,medium,Dimensional: Parking spaces
2022,ZP-2022-005105,False,False,low,No clear pattern matched
2022,ZP-2022-005716,True,True,medium,Both: Multi-family use + Roof deck
2022,ZP-2022-005727,True,False,high,Use: Multi-family use
2022,ZP-2022-004286,False,True,medium,Dimensional: Roof deck
2022,ZP-2022-003574,False,True,medium,Dimensional: Lot line (lot size)
2022,ZP-2022-004282,False,True,medium,Dimensional: Addition (height/size)
2022,ZP-2022-006701,False,True,medium,Dimensional: Height exceeds
2022,ZP-2022-004079,True,True,medium,Both: Commercial use + Roof deck
2022,ZP-2021-015650,False,True,medium,Dimensional: Roof deck
2022,ZP-2022-005221,False,False,low,No clear pattern matched
2022,ZP-2022-003331,True,False,high,Use: Multi-family use
2022,ZP-2022-007483,True,False,high,Use: Permit for use
2022,ZP-2022-007469,True,True,medium,Both: Multi-family use + Rear yard setback
2022,ZP-2022-004550,True,False,high,Use: Multi-family use
2022,ZP-2022-005153,False,False,low,No clear pattern matched
2022,ZP-2022-003439,True,True,medium,Both: Change of use + Addition (height/size)
2022,ZP-2022-006177,False,False,low,No clear pattern matched
2022,ZP-2022-003754,False,True,medium,Dimensional: Roof deck
2022,ZP-2022-006123,False,False,low,No clear pattern matched
2022,ZP-2022-005897,False,False,low,No clear pattern matched
2022,ZP-2022-004591,False,False,low,No clear pattern matched
2022,ZP-2022-003822,True,True,medium,Both: Short-term rental + Parking spaces
2022,ZP-2022-006670,False,False,low,No clear pattern matched
2022,ZP-2022-003390,False,True,medium,Dimensional: Parking spaces
2022,HA-2022-002743,False,False,low,No clear pattern matched
2022,HA-2022-002744,False,False,low,No clear pattern matched
2022,HA-2022-002745,False,False,low,No clear pattern matched
2022,ZP-2022-006973,True,False,high,Use: Multi-family use
2022,ZP-2022-005889,False,False,low,No clear pattern matched
2022,ZP-2022-007432,True,False,high,Use: Medical use
2022,ZP-2022-005940,True,False,high,Use: Permit for use
2022,ZP-2022-006907,True,False,high,Use: Restaurant use
2022,ZP-2022-007090,False,True,medium,Dimensional: Addition (height/size)
2022,ZP-2022-006473,False,True,medium,Dimensional: Roof deck
2022,ZP-2022-007159,True,False,high,Use: Commercial use
2022,ZP-2022-006495,True,False,high,Use: Multi-family use
2022,ZP-2022-007701,False,False,low,No clear pattern matched
2022,ZP-2022-004985,True,False,high,Use: Restaurant use
2022,ZP-2022-006118,True,False,high,Use: Multi-family use
2022,ZP-2022-003091,False,False,low,No clear pattern matched
2022,ZP-2022-003510,False,True,medium,Dimensional: Roof deck
2022,ZP-2022-003183,False,True,medium,Dimensional: Roof deck
2022,ZP-2022-003207,False,False,low,No clear pattern matched
2022,ZP-2022-003208,True,True,medium,Both: Multi-family use + Roof deck
2022,ZP-2022-003209,False,True,medium,Dimensional: Roof deck
2022,ZP-2022-004472,False,False,low,No clear pattern matched
2022,ZP-2022-003431,False,False,low,No clear pattern matched
2022,ZP-2022-002903,False,False,low,No clear pattern matched
2022,ZP-2022-006517,False,False,low,No clear pattern matched
2022,ZP-2022-004734,True,True,medium,Both: Short-term rental + Addition (height/size)
2022,ZP-2022-006180,False,False,low,No clear pattern matched
2022,ZP-2022-006184,False,False,low,No clear pattern matched
2022,ZP-2022-004948,False,False,low,No clear pattern matched
2022,ZP-2022-007698,True,False,high,Use: Multi-family use
2022,ZP-2022-001202,False,False,low,No clear pattern matched
2022,ZP-2022-007213,True,False,high,Use: Permit for use
2022,ZP-2022-007211,False,False,low,No clear pattern matched
2022,ZP-2022-002271,True,True,medium,Both: Retail use + Addition (height/size)
2022,ZP-2022-005990,True,False,high,Use: Multi-family use
2022,ZP-2022-004233,False,True,medium,Dimensional: Roof deck
2022,ZP-2022-005737,False,False,low,No clear pattern matched
2022,ZP-2022-005510,True,False,high,Use: Multi-family use
2022,ZP-2022-005729,False,False,low,No clear pattern matched
2022,ZP-2022-003621,False,False,low,No clear pattern matched
2022,ZP-2022-002854,False,True,medium,Dimensional: Addition (height/size)
2022,ZP-2021-012753,False,False,low,No clear pattern matched
2022,ZP-2022-006392,False,True,medium,Dimensional: Roof deck
2022,ZP-2022-006389,False,True,medium,Dimensional: Roof deck
2022,ZP-2022-006161,True,True,medium,Both: Commercial use + Addition (height/size)
2022,HA-2022-002899,False,False,low,No clear pattern matched
2022,ZP-2022-005525,True,True,medium,Both: Restaurant use + Roof deck
2022,ZP-2022-004404,True,False,high,Use: Multi-family use
2022,ZP-2022-003343,False,False,low,No clear pattern matched
2022,ZP-2021-009021,False,True,medium,Dimensional: Addition (height/size)
2022,ZP-2022-002207,False,False,low,No clear pattern matched
2022,ZP-2022-003870,False,False,low,No clear pattern matched
2022,ZP-2022-008208,False,False,low,No clear pattern matched
2022,ZP-2022-006280,False,False,low,No clear pattern matched
2022,ZP-2022-007492,True,False,high,Use: Short-term rental
2022,ZP-2022-006767,False,False,low,No clear pattern matched
2022,ZP-2022-006535,False,False,low,No clear pattern matched
2022,ZP-2022-003540,False,False,low,No clear pattern matched
2022,ZP-2022-007537,True,False,high,Use: Short-term rental
2022,ZP-2022-003718,True,False,high,Use: Short-term rental
2022,ZP-2022-004032,False,True,medium,Dimensional: Addition (height/size)
2022,ZP-2022-007293,False,False,low,No clear pattern matched
2022,ZP-2022-006669,False,False,low,No clear pattern matched
2022,ZP-2022-004470,True,False,high,Use: Multi-family use
2022,ZP-2022-005685,True,True,medium,Both: Multi-family use + Roof deck
2022,ZP-2022-006546,False,False,low,No clear pattern matched
2022,ZP-2022-007488,True,False,high,Use: Business use
2022,ZP-2022-004570,False,False,low,No clear pattern matched
2022,ZP-2022-005805,False,False,low,No clear pattern matched
2022,ZP-2022-007154,False,False,low,No clear pattern matched
2022,ZP-2022-006373,False,False,low,No clear pattern matched
2022,ZP-2022-006366,False,False,low,No clear pattern matched
2022,HA-2022-002960,False,False,low,No clear pattern matched
2022,ZP-2022-008080,True,False,high,Use: Multi-family use
2022,ZP-2022-005171,False,False,low,No clear pattern matched
2022,ZP-2022-004227,False,True,medium,Dimensional: Parking spaces
2022,HA-2022-002963,False,False,low,No clear pattern matched
2022,ZP-2022-006560,False,True,medium,Dimensional: Addition (height/size)
2022,ZP-2022-004647,True,True,medium,Both: Restaurant use + Addition (height/size)
2022,ZP-2022-006633,False,False,low,No clear pattern matched
2022,ZP-2022-008222,True,False,high,Use: Permit for use
2022,HA-2022-002993,False,False,low,No clear pattern matched
2022,ZP-2022-007700,True,False,high,Use: Multi-family use
2022,ZP-2022-007049,False,True,medium,Dimensional: Roof deck
2022,ZP-2022-007051,False,True,medium,Dimensional: Roof deck
2022,ZP-2022-007086,False,True,medium,Dimensional: Roof deck
2022,ZP-2022-007555,False,False,low,No clear pattern matched
2022,ZP-2022-005411,False,True,medium,Dimensional: Addition (height/size)
2022,ZP-2022-001234,False,False,low,No clear pattern matched
2022,ZP-2022-006983,False,False,unknown,No text available
2022,ZP-2022-007762,True,False,high,Use: Short-term rental
2022,ZP-2022-004027,False,False,low,No clear pattern matched
2022,ZP-2022-008336,False,False,low,No clear pattern matched
2022,ZP-2022-006607,False,True,medium,Dimensional: Addition (height/size)
2022,ZP-2022-005799,True,False,high,Use: Restaurant use
2022,ZP-2022-004238,False,True,medium,Dimensional: Roof deck
2022,ZP-2022-005555,False,False,low,No clear pattern matched
2022,ZP-2022-005290,False,True,medium,Dimensional: Parking spaces
2022,ZP-2022-007314,False,False,low,No clear pattern matched
2022,ZP-2022-006949,False,False,low,No clear pattern matched
2022,ZP-2022-004549,True,True,medium,Both: Office use + Addition (height/size)
2022,ZP-2022-006325,True,False,high,Use: Short-term rental
2022,ZP-2022-008132,False,False,low,No clear pattern matched
2022,ZP-2022-006714,False,True,medium,Dimensional: Parking spaces
2022,ZP-2022-008173,False,True,medium,Dimensional: Addition (height/size)
2022,ZP-2022-004229,True,True,medium,Both: Multi-family use + Roof deck
2022,ZP-2022-004228,False,False,low,No clear pattern matched
2022,ZP-2022-005327,True,True,medium,Both: Change of use + Addition (height/size)
2022,ZP-2022-005627,False,True,medium,Dimensional: Lot line (lot size)
2022,ZP-2020-003667,False,True,medium,Dimensional: Parking spaces
2022,ZP-2022-007948,False,False,low,No clear pattern matched
2022,ZP-2022-007029,True,False,high,Use: Short-term rental
2022,ZP-2021-007017,False,False,low,No clear pattern matched
2022,ZP-2022-008484,False,False,unknown,No text available
2022,ZP-2022-006403,True,False,high,Use: Restaurant use
2022,ZP-2022-006665,True,False,high,Use: Commercial use
2022,ZP-2022-004247,False,False,low,No clear pattern matched
2022,ZP-2022-007239,False,True,medium,Dimensional: Roof deck
2022,ZP-2022-007274,False,True,medium,Dimensional: Parking spaces
2022,ZP-2022-007050,False,True,medium,Dimensional: Roof deck
2022,ZP-2022-008504,False,False,low,No clear pattern matched
2022,ZP-2022-008639,False,True,medium,Dimensional: Addition (height/size)
2022,HA-2022-003137,False,True,medium,Dimensional: Roof deck
2022,ZP-2021-000929,False,True,medium,Dimensional: Roof deck
2022,ZP-2022-005718,False,False,low,No clear pattern matched
2022,ZP-2022-008216,False,False,unknown,No text available
2022,ZP-2022-008100,True,False,high,Use: Short-term rental
2022,ZP-2022-008824,False,False,low,No clear pattern matched
2022,ZP-2022-008649,False,False,low,No clear pattern matched
2022,ZP-2022-007378,False,False,low,No clear pattern matched
2022,ZP-2022-008954,False,False,low,No clear pattern matched
2022,ZP-2022-008693,False,False,low,No clear pattern matched
2022,ZP-2022-008010,False,False,low,No clear pattern matched
2022,ZP-2022-007863,False,False,low,No clear pattern matched
2022,ZP-2022-008063,False,False,low,No clear pattern matched
2022,ZP-2022-001295,False,True,medium,Dimensional: Parking spaces
2022,ZP-2022-008897,False,True,medium,Dimensional: Lot area
2022,ZP-2022-006385,False,False,low,No clear pattern matched
2022,ZP-2022-007463,False,True,medium,Dimensional: Lot area
2022,ZP-2022-008120,False,True,medium,Dimensional: Roof deck
2022,ZP-2022-008928,False,False,low,No clear pattern matched
2022,ZP-2022-008240,False,True,medium,Dimensional: Lot line (lot size)
2022,ZP-2022-009036,False,True,medium,Dimensional: Parking spaces
2022,ZP-2022-006316,False,True,medium,Dimensional: Lot line (lot size)
2022,ZP-2022-007256,False,True,medium,Dimensional: Lot line (lot size)
2022,ZP-2022-005958,False,False,low,No clear pattern matched
2022,ZP-2022-007455,False,False,low,No clear pattern matched
2022,ZP-2022-007275,False,True,medium,Dimensional: Parking spaces
2022,HA-2022-003243,False,False,low,No clear pattern matched
2022,ZP-2022-006387,False,True,medium,Dimensional: Lot line (lot size)
2022,ZP-2022-006209,False,True,medium,Dimensional: Parking spaces
2022,ZP-2022-008489,False,False,low,No clear pattern matched
2022,ZP-2022-007788,False,False,low,No clear pattern matched
2022,ZP-2022-007944,False,False,low,No clear pattern matched
2022,ZP-2022-007402,False,False,low,No clear pattern matched
2022,ZP-2022-007705,False,True,medium,Dimensional: Lot line (lot size)
2022,ZP-2022-008300,False,True,medium,Dimensional: Addition (height/size)
2022,ZP-2022-009176,False,False,low,No clear pattern matched
2022,ZP-2022-007634,False,True,medium,Dimensional: Parking spaces
2022,ZP-2022-009034,False,True,medium,Dimensional: Parking spaces
2022,ZP-2022-008878,False,False,low,No clear pattern matched
2022,ZP-2022-008466,False,False,low,No clear pattern matched
2022,ZP-2022-008755,False,True,medium,Dimensional: Roof deck
2022,ZP-2022-008543,False,False,low,No clear pattern matched
2022,ZP-2022-009090,False,True,medium,Dimensional: Roof deck
2022,ZP-2022-008345,True,False,high,Use: Short-term rental
2022,ZP-2022-007249,False,False,low,No clear pattern matched
2022,ZP-2022-008189,False,False,low,No clear pattern matched
2022,ZP-2022-008699,False,False,low,No clear pattern matched
2022,ZP-2022-008775,False,False,low,No clear pattern matched
2022,ZP-2022-008989,False,False,low,No clear pattern matched
2022,ZP-2022-006237,False,False,low,No clear pattern matched
2022,ZP-2022-005544,False,False,low,No clear pattern matched
2022,ZP-2022-008956,False,False,low,No clear pattern matched
2022,ZP-2022-007616,False,False,low,No clear pattern matched
2022,ZP-2022-009137,True,False,high,Use: Short-term rental
2022,ZP-2022-008971,False,True,medium,Dimensional: Roof deck
2022,ZP-2022-008919,True,False,high,Use: Change of use
2022,ZP-2022-002748,True,True,medium,Both: Change of use + Addition (height/size)
2022,ZP-2022-008380,False,False,low,No clear pattern matched
2022,ZP-2022-008910,False,False,low,No clear pattern matched
2022,ZP-2022-004711,False,True,medium,Dimensional: Roof deck
2022,ZP-2022-007932,False,False,low,No clear pattern matched
2022,ZP-2022-005776,False,True,medium,Dimensional: Roof deck
2022,ZP-2022-008464,False,False,low,No clear pattern matched
2022,ZP-2022-008421,False,False,low,No clear pattern matched
2022,ZP-2022-008834,False,False,low,No clear pattern matched
2022,HA-2022-003425,False,False,low,No clear pattern matched
2022,ZP-2022-008648,False,True,medium,Dimensional: Roof deck
2022,ZP-2022-009404,True,False,high,Use: Short-term rental
2022,ZP-2022-008869,False,True,medium,Dimensional: Addition (height/size)
2022,ZP-2022-008446,False,True,medium,Dimensional: Parking spaces
2022,ZP-2022-006966,False,False,low,No clear pattern matched
2022,ZP-2022-007723,False,False,low,No clear pattern matched
2022,ZP-2022-008925,True,False,high,Use: Short-term rental
2022,ZP-2022-008614,False,False,low,No clear pattern matched
2022,ZP-2022-009401,False,False,low,No clear pattern matched
2022,ZP-2022-008862,False,False,low,No clear pattern matched
2022,ZP-2022-009449,False,False,low,No clear pattern matched
2022,ZP-2022-008802,False,False,low,No clear pattern matched
2022,ZP-2022-008848,False,False,low,No clear pattern matched
2022,ZP-2022-005170,True,True,medium,Both: Change of use + Roof deck
2022,ZP-2022-008887,True,False,high,Use: Short-term rental
2022,ZP-2022-008105,False,True,medium,Dimensional: Parking spaces
2022,ZP-2022-008560,False,False,low,No clear pattern matched
2022,ZP-2021-012412,False,True,medium,Dimensional: Parking spaces
2022,ZP-2022-009463,False,False,low,No clear pattern matched
2022,ZP-2022-009173,False,True,medium,Dimensional: Lot line (lot size)
2022,ZP-2022-005110,True,True,medium,Both: Change of use + Parking spaces
2022,ZP-2022-009575,False,False,low,No clear pattern matched
2022,ZP-2022-009549,False,True,medium,Dimensional: Parking spaces
2022,ZP-2022-008953,False,False,low,No clear pattern matched
2022,ZP-2022-006343,False,True,medium,Dimensional: Roof deck
2022,ZP-2022-009805,False,False,low,No clear pattern matched
2022,ZP-2022-008472,True,False,high,Use: Short-term rental
2022,ZP-2022-004540,False,True,medium,Dimensional: Lot line (lot size)
2022,ZP-2022-004757,False,False,low,No clear pattern matched
2022,ZP-2022-008140,False,False,low,No clear pattern matched
2022,ZP-2022-007940,False,True,medium,Dimensional: Roof deck
2022,ZP-2022-006909,False,False,low,No clear pattern matched
2022,ZP-2022-007589,True,False,high,Use: Change of use
2022,ZP-2022-008038,False,True,medium,Dimensional: Addition (height/size)
2022,ZP-2022-006887,False,False,low,No clear pattern matched
2022,ZP-2022-007973,False,False,low,No clear pattern matched
2022,ZP-2022-008924,False,True,medium,Dimensional: Roof deck
2022,ZP-2022-007451,False,True,medium,Dimensional: Addition (height/size)
2022,ZP-2022-007976,False,False,unknown,No text available
2022,ZP-2022-009557,False,False,low,No clear pattern matched
2022,ZP-2022-009717,False,True,medium,Dimensional: Roof deck
2022,ZP-2022-008635,True,True,medium,Both: Multi-family use + Addition (height/size)
2022,ZP-2022-008447,False,True,medium,Dimensional: Roof deck
2022,ZP-2022-005951,False,True,medium,Dimensional: Addition (height/size)
2022,ZP-2022-008921,False,False,low,No clear pattern matched
2022,ZP-2022-008643,False,True,medium,Dimensional: Roof deck
2022,ZP-2022-009869,False,True,medium,Dimensional: Roof deck
2022,ZP-2022-008136,False,False,low,No clear pattern matched
2022,ZP-2022-009024,False,False,low,No clear pattern matched
2022,ZP-2022-009174,True,False,high,Use: Short-term rental
2022,ZP-2022-008133,False,False,low,No clear pattern matched
2022,ZP-2022-009608,False,False,low,No clear pattern matched
2022,ZP-2022-008252,True,False,high,Use: Multi-family use
2022,ZP-2022-010095,False,False,low,No clear pattern matched
2022,HA-2022-003732,False,False,low,No clear pattern matched
2022,ZP-2022-008194,True,False,high,Use: Change of use
2022,ZP-2022-008743,False,False,unknown,No text available
2022,ZP-2022-009857,True,False,high,Use: Short-term rental
2022,ZP-2022-008797,False,False,low,No clear pattern matched
2022,ZP-2022-008627,False,True,medium,Dimensional: Addition (height/size)
2022,ZP-2022-005883,False,True,medium,Dimensional: Parking spaces
2022,ZP-2022-008756,False,True,medium,Dimensional: Addition (height/size)
2022,ZP-2022-007430,False,False,low,No clear pattern matched
2022,ZP-2022-009008,False,False,low,No clear pattern matched
2022,ZP-2022-010234,False,True,medium,Dimensional: Parking spaces
2022,ZP-2022-008988,False,False,low,No clear pattern matched
2022,ZP-2022-010239,False,False,low,No clear pattern matched
2022,ZP-2022-009795,False,False,low,No clear pattern matched
2022,ZP-2022-009377,False,True,medium,Dimensional: Parking spaces
2022,ZP-2022-009910,True,False,high,Use: Multi-family use
2022,ZP-2022-009912,False,False,low,No clear pattern matched
2022,ZP-2022-009118,False,False,low,No clear pattern matched
2022,ZP-2022-008615,False,True,medium,Dimensional: Parking spaces
2022,ZP-2022-008698,False,False,low,No clear pattern matched
2022,ZP-2022-009609,False,False,low,No clear pattern matched
2022,ZP-2022-010051,False,False,low,No clear pattern matched
2022,ZP-2022-007141,False,False,low,No clear pattern matched
2022,ZP-2022-006674,False,True,medium,Dimensional: Lot line (lot size)
2022,ZP-2022-010009,False,False,low,No clear pattern matched
2022,ZP-2022-010374,False,False,low,No clear pattern matched
2022,ZP-2022-008178,False,True,medium,Dimensional: Addition (height/size)
2022,ZP-2022-010600,False,False,low,No clear pattern matched
2022,ZP-2022-007954,False,False,low,No clear pattern matched
2022,ZP-2022-008960,False,False,low,No clear pattern matched
2022,ZP-2022-010151,False,False,low,No clear pattern matched
2022,ZP-2022-008877,False,True,medium,Dimensional: Parking spaces
2022,ZP-2022-010109,False,False,low,No clear pattern matched
2022,ZP-2022-005855,False,True,medium,Dimensional: Roof deck
2022,ZP-2022-008759,False,True,medium,Dimensional: Front yard setback
2022,ZP-2022-010680,False,True,medium,Dimensional: Parking spaces
2022,ZP-2022-005704,False,True,medium,Dimensional: Roof deck
2022,ZP-2022-009687,False,False,low,No clear pattern matched
2022,ZP-2022-010399,False,False,low,No clear pattern matched
2022,ZP-2022-009005,False,False,low,No clear pattern matched
2022,ZP-2022-010514,False,False,low,No clear pattern matched
2022,ZP-2021-015505,False,True,medium,Dimensional: Parking spaces
2022,ZP-2022-010822,False,False,low,No clear pattern matched
2022,ZP-2022-010094,False,False,low,No clear pattern matched
2022,ZP-2022-008123,False,True,medium,Dimensional: Addition (height/size)
2022,ZP-2022-006337,False,True,medium,Dimensional: Addition (height/size)
2022,ZP-2022-005610,False,True,medium,Dimensional: Roof deck
2022,ZP-2022-010245,False,False,low,No clear pattern matched
2022,ZP-2022-009078,False,False,low,No clear pattern matched
2022,ZP-2022-008888,False,True,medium,Dimensional: Addition (height/size)
2022,ZP-2022-008898,False,True,medium,Dimensional: Roof deck
2022,ZP-2022-008966,False,True,medium,Dimensional: Addition (height/size)
2022,ZP-2022-010726,False,True,medium,Dimensional: Roof deck
2022,ZP-2022-006888,False,False,low,No clear pattern matched
2022,ZP-2022-010801,False,False,low,No clear pattern matched
2022,ZP-2022-010760,False,True,medium,Dimensional: Roof deck
2022,ZP-2022-010218,False,False,low,No clear pattern matched
2022,ZP-2022-009567,False,True,medium,Dimensional: Roof deck
2022,ZP-2022-009988,False,False,low,No clear pattern matched
2022,ZP-2022-009742,False,False,low,No clear pattern matched
2022,ZP-2022-009051,False,True,medium,Dimensional: Parking spaces
2022,ZP-2022-010743,False,False,low,No clear pattern matched
2022,ZP-2022-010060,False,False,low,No clear pattern matched
2022,ZP-2022-009904,False,True,medium,Dimensional: Parking spaces
2022,ZP-2022-010677,False,False,low,No clear pattern matched
2022,ZP-2021-014436,False,True,medium,Dimensional: Parking spaces
2022,ZP-2022-010765,False,False,low,No clear pattern matched
2022,ZP-2022-008986,False,False,low,No clear pattern matched
2022,ZP-2022-010372,False,True,medium,Dimensional: Lot line (lot size)
2022,ZP-2022-010376,False,True,medium,Dimensional: Lot line (lot size)
2022,ZP-2022-010377,False,True,medium,Dimensional: Parking spaces
2022,ZP-2022-010749,False,False,low,No clear pattern matched
2022,ZP-2022-010472,False,False,low,No clear pattern matched
2022,ZP-2022-011168,False,False,low,No clear pattern matched
2022,ZP-2022-009652,False,False,low,No clear pattern matched
2022,ZP-2022-009139,False,False,low,No clear pattern matched
2022,ZP-2022-010702,False,False,low,No clear pattern matched
2022,ZP-2022-008867,True,False,high,Use: Short-term rental
2022,ZP-2022-009205,False,False,low,No clear pattern matched
2022,ZP-2022-009578,False,True,medium,Dimensional: Addition (height/size)
2022,ZP-2022-009155,False,True,medium,Dimensional: Roof deck
2022,ZP-2022-010878,False,True,medium,Dimensional: Roof deck
2022,ZP-2022-009703,False,False,low,No clear pattern matched
2022,ZP-2022-009661,False,False,low,No clear pattern matched
2022,ZP-2022-010555,False,False,low,No clear pattern matched
2022,ZP-2022-010759,False,True,medium,Dimensional: Lot line (lot size)
2022,ZP-2022-009519,False,True,medium,Dimensional: Parking spaces
2022,ZP-2022-006957,False,True,medium,Dimensional: Roof deck
2022,ZP-2022-003881,False,True,medium,Dimensional: Roof deck
2022,ZP-2022-009305,False,True,medium,Dimensional: Parking spaces
2022,ZP-2022-008028,False,True,medium,Dimensional: Addition (height/size)
2022,ZP-2022-010570,False,True,medium,Dimensional: Roof deck
2022,ZP-2022-008653,False,False,low,No clear pattern matched
2022,ZP-2022-009817,False,True,medium,Dimensional: Roof deck
2022,ZP-2022-009476,False,True,medium,Dimensional: Addition (height/size)
2022,ZP-2022-010481,False,False,low,No clear pattern matched
2022,ZP-2022-007703,False,False,low,No clear pattern matched
2022,ZP-2022-010599,False,False,low,No clear pattern matched
2022,ZP-2022-010087,False,False,low,No clear pattern matched
2022,ZP-2022-011010,False,False,low,No clear pattern matched
2022,ZP-2022-011286,True,True,medium,Both: Short-term rental + Addition (height/size)
2022,ZP-2022-011369,False,False,low,No clear pattern matched
2022,ZP-2021-005012,False,True,medium,Dimensional: Roof deck
2022,ZP-2022-008326,False,False,low,No clear pattern matched
2022,ZP-2022-010506,False,False,low,No clear pattern matched
2022,ZP-2022-010745,True,False,high,Use: Change of use
2022,ZP-2022-010585,True,True,medium,Both: Change of use + Addition (height/size)
2022,ZP-2022-011391,False,False,low,No clear pattern matched
2022,ZP-2022-010482,False,False,low,No clear pattern matched
2022,ZP-2022-011339,False,False,low,No clear pattern matched
2022,ZP-2022-010001,False,True,medium,Dimensional: Roof deck
2022,ZP-2022-011109,False,False,low,No clear pattern matched
2022,ZP-2022-011225,False,False,low,No clear pattern matched
2022,ZP-2022-010719,False,False,low,No clear pattern matched
2022,ZP-2022-010698,False,False,low,No clear pattern matched
2022,ZP-2022-011567,False,False,low,No clear pattern matched
2022,HA-2022-004396,True,True,medium,Both: Commercial use + Roof deck
2022,ZP-2022-004791,False,True,medium,Dimensional: Addition (height/size)
2022,ZP-2022-008554,False,True,medium,Dimensional: Parking spaces
2022,ZP-2022-006213,False,True,medium,Dimensional: Parking spaces
2022,ZP-2022-011365,True,False,high,Use: Multi-family use
2022,ZP-2022-010717,False,True,medium,Dimensional: Parking spaces
2022,ZP-2022-008072,False,False,low,No clear pattern matched
2022,ZP-2022-010603,False,False,low,No clear pattern matched
2022,ZP-2022-010255,False,True,medium,Dimensional: Addition (height/size)
2022,ZP-2022-007886,True,False,high,Use: Short-term rental
2022,HA-2022-004444,False,False,low,No clear pattern matched
2022,ZP-2022-011795,False,False,low,No clear pattern matched
2022,ZP-2022-011398,False,False,low,No clear pattern matched
2022,ZP-2022-009141,False,True,medium,Dimensional: Roof deck
2022,ZP-2022-010364,False,False,low,No clear pattern matched
2022,ZP-2022-006868,False,True,medium,Dimensional: Addition (height/size)
2022,ZP-2022-008561,False,False,low,No clear pattern matched
2022,ZP-2022-007923,True,False,high,Use: Permit for use
2022,ZP-2022-011276,True,False,high,Use: Short-term rental
2022,ZP-2022-011275,True,False,high,Use: Short-term rental
2022,ZP-2022-007476,False,True,medium,Dimensional: Addition (height/size)
2022,ZP-2022-011277,True,False,high,Use: Short-term rental
2022,ZP-2022-011274,True,False,high,Use: Short-term rental
2022,ZP-2022-011278,True,False,high,Use: Short-term rental
2022,ZP-2022-008800,False,False,low,No clear pattern matched
2022,ZP-2022-009998,False,False,low,No clear pattern matched
2022,ZP-2022-010042,False,False,low,No clear pattern matched
2022,ZP-2022-011408,False,False,low,No clear pattern matched
2022,ZP-2022-010781,True,False,high,Use: Multi-family use
2022,ZP-2022-011424,True,False,high,Use: Medical use
2022,ZP-2022-011129,True,True,medium,Both: Multi-family use + Parking spaces
2022,ZP-2022-011163,True,False,high,Use: Short-term rental
2022,HA-2022-004533,False,False,low,No clear pattern matched
2022,HA-2022-004544,False,False,low,No clear pattern matched
2022,ZP-2022-010549,False,False,low,No clear pattern matched
2022,ZP-2022-005152,False,True,medium,Dimensional: Lot line (lot size)
2022,ZP-2022-010943,False,True,medium,Dimensional: Parking spaces
2022,ZP-2022-010851,True,False,high,Use: Short-term rental
2022,ZP-2022-011373,False,False,low,No clear pattern matched
2022,ZP-2022-010720,False,False,low,No clear pattern matched
2022,ZP-2022-010919,False,False,low,No clear pattern matched
2022,ZP-2022-010988,True,True,medium,Both: Change of use + Addition (height/size)
2022,ZP-2022-011890,False,False,low,No clear pattern matched
2022,ZP-2022-010220,False,False,low,No clear pattern matched
2022,ZP-2022-012230,False,False,low,No clear pattern matched
2022,ZP-2022-009559,False,True,medium,Dimensional: Lot line (lot size)
2022,ZP-2022-005517,False,True,medium,Dimensional: Roof deck
2022,ZP-2022-010889,True,False,high,Use: Short-term rental
2022,ZP-2022-009991,True,False,high,Use: Commercial use
2022,ZP-2022-012194,False,False,low,No clear pattern matched
2022,ZP-2022-008846,False,False,low,No clear pattern matched
2022,ZP-2022-008847,False,False,low,No clear pattern matched
2022,ZP-2022-008845,False,False,low,No clear pattern matched
2022,ZP-2022-008978,False,False,low,No clear pattern matched
2022,ZP-2022-008975,False,False,low,No clear pattern matched
2022,ZP-2022-009121,False,False,low,No clear pattern matched
2022,ZP-2022-009970,False,False,low,No clear pattern matched
2022,ZP-2022-010701,True,False,high,Use: Multi-family use
2022,ZP-2022-010291,False,False,low,No clear pattern matched
2022,ZP-2022-011011,True,False,high,Use: Restaurant use
2022,ZP-2022-009079,False,True,medium,Dimensional: Parking spaces
2022,ZP-2022-001099,False,True,medium,Dimensional: Parking spaces
2022,ZP-2022-010693,False,True,medium,Dimensional: Addition (height/size)
2022,ZP-2022-007971,False,False,low,No clear pattern matched
2022,ZP-2022-010695,False,True,medium,Dimensional: Roof deck
2022,ZP-2022-010903,True,False,high,Use: Commercial use
2022,ZP-2022-011548,False,False,low,No clear pattern matched
2022,ZP-2022-006537,False,True,medium,Dimensional: Roof deck
2022,ZP-2022-010885,False,False,low,No clear pattern matched
2022,ZP-2022-012563,False,False,low,No clear pattern matched
2022,ZP-2022-011437,True,True,medium,Both: Multi-family use + Front yard setback
2022,HA-2022-004706,False,False,low,No clear pattern matched
2022,ZP-2022-008396,False,False,low,No clear pattern matched
2022,ZP-2022-009269,True,True,medium,Both: Change of use + Addition (height/size)
2022,ZP-2022-000897,True,True,medium,Both: Multi-family use + Addition (height/size)
2022,ZP-2022-006178,False,False,low,No clear pattern matched
2022,ZP-2022-012141,True,True,medium,Both: Multi-family use + Roof deck
2022,ZP-2022-011043,False,True,medium,Dimensional: Roof deck
2022,HA-2022-004750,False,True,medium,Dimensional: Roof deck
2022,ZP-2022-011294,True,True,medium,Both: Multi-family use + Roof deck
2022,ZP-2022-007493,True,True,medium,Both: Multi-family use + Parking spaces
2022,ZP-2022-011177,False,False,low,No clear pattern matched
2022,ZP-2022-012353,True,False,high,Use: Short-term rental
2022,ZP-2022-000275,False,True,medium,Dimensional: Roof deck
2022,ZP-2022-012135,True,False,high,Use: Office use
2022,ZP-2022-008931,False,False,low,No clear pattern matched
2022,ZP-2022-010587,False,False,low,No clear pattern matched
2022,ZP-2022-012424,True,False,high,Use: Multi-family use
2022,ZP-2022-011939,False,True,medium,Dimensional: Addition (height/size)
2022,ZP-2022-012538,False,False,low,No clear pattern matched
2022,ZP-2022-011078,True,False,high,Use: Multi-family use
2022,ZP-2022-010773,True,True,medium,Both: Multi-family use + Roof deck
2022,ZP-2022-011755,True,False,high,Use: Medical use
2022,ZP-2022-010195,False,True,medium,Dimensional: Front yard setback
2022,ZP-2022-012653,False,False,low,No clear pattern matched
2022,ZP-2022-012782,False,False,low,No clear pattern matched
2022,ZP-2022-012002,True,True,medium,Both: Restaurant use + Addition (height/size)
2022,ZP-2022-012218,False,False,low,No clear pattern matched
2022,ZP-2022-010700,True,False,high,Use: Multi-family use
2022,ZP-2022-004972,False,True,medium,Dimensional: Roof deck
2022,ZP-2022-012672,True,False,high,Use: Childcare use
2022,ZP-2022-011818,False,False,low,No clear pattern matched
2022,ZP-2022-011262,True,False,high,Use: Restaurant use
2022,ZP-2022-011665,False,True,medium,Dimensional: Parking spaces
2022,ZP-2022-011254,True,False,high,Use: Short-term rental
2022,ZP-2022-012475,False,False,low,No clear pattern matched
2022,ZP-2022-010499,True,True,medium,Both: Multi-family use + Rear yard setback
2022,ZP-2022-012008,True,True,medium,Both: Commercial use + Parking spaces
2022,ZP-2022-010615,False,True,medium,Dimensional: Addition (height/size)
2022,ZP-2022-011651,False,False,low,No clear pattern matched
2022,ZP-2022-010457,False,True,medium,Dimensional: Roof deck
2022,ZP-2022-013006,True,False,high,Use: Multi-family use
2022,ZP-2022-011670,False,True,medium,Dimensional: Roof deck
2022,ZP-2022-011727,True,False,high,Use: Short-term rental
2022,ZP-2022-010944,False,True,medium,Dimensional: Roof deck
2022,ZP-2022-012153,False,False,low,No clear pattern matched
2022,ZP-2022-011066,False,True,medium,Dimensional: Roof deck
2022,ZP-2022-013549,False,False,low,No clear pattern matched
2022,ZP-2022-012779,False,False,low,No clear pattern matched
2022,ZP-2022-012113,False,False,low,No clear pattern matched
2022,ZP-2022-010522,True,True,medium,Both: Change of use + Addition (height/size)
2022,HA-2022-004913,False,False,low,No clear pattern matched
2022,ZP-2022-012593,True,True,medium,Both: Permit for use + Parking spaces
2022,ZP-2022-012802,False,False,low,No clear pattern matched
2022,ZP-2022-012156,True,True,medium,Both: Change of use + Addition (height/size)
2022,ZP-2022-011996,False,False,low,No clear pattern matched
2022,ZP-2022-011364,False,True,medium,Dimensional: Parking spaces
2022,ZP-2022-012623,False,False,low,No clear pattern matched
2022,ZP-2022-012504,True,True,medium,Both: Multi-family use + Addition (height/size)
2022,ZP-2022-012913,False,False,low,No clear pattern matched
2022,HA-2022-004975,False,False,low,No clear pattern matched
2022,HA-2022-004976,False,False,low,No clear pattern matched
2022,HA-2022-004978,False,False,low,No clear pattern matched
2022,HA-2022-004979,False,False,low,No clear pattern matched
2022,HA-2022-004980,False,False,low,No clear pattern matched
2022,ZP-2022-013089,True,False,high,Use: Restaurant use
2022,ZP-2022-010553,False,False,low,No clear pattern matched
2022,ZP-2022-012056,True,True,medium,Both: Multi-family use + Parking spaces
2022,ZP-2022-013010,True,False,high,Use: Multi-family use
2022,ZP-2022-008444,False,False,low,No clear pattern matched
2022,ZP-2022-013540,False,False,low,No clear pattern matched
2022,HA-2022-004999,False,False,low,No clear pattern matched
2022,HA-2022-005001,False,False,low,No clear pattern matched
2022,HA-2022-005002,False,False,low,No clear pattern matched
2022,HA-2022-005007,False,False,low,No clear pattern matched
2022,ZP-2022-013296,True,False,high,Use: Multi-family use
2022,ZP-2022-011804,False,True,medium,Dimensional: Addition (height/size)
2022,ZP-2022-012015,True,False,high,Use: Office use
2022,ZP-2022-009583,True,False,high,Use: Retail use
2022,ZP-2022-013041,False,False,low,No clear pattern matched
2022,ZP-2022-012906,False,False,low,No clear pattern matched
2022,ZP-2022-004204,False,True,medium,Dimensional: Parking spaces
2022,ZP-2022-012617,True,False,high,Use: Multi-family use
2022,ZP-2022-012766,False,False,low,No clear pattern matched
2022,ZP-2022-009191,False,True,medium,Dimensional: Parking spaces
2022,ZP-2022-013692,False,False,low,No clear pattern matched
2022,ZP-2022-008933,False,True,medium,Dimensional: Parking spaces
2022,ZP-2022-010915,False,False,low,No clear pattern matched
2022,ZP-2022-011134,False,True,medium,Dimensional: Parking spaces
2022,ZP-2022-012683,False,True,medium,Dimensional: Parking spaces
2022,ZP-2022-012400,False,False,low,No clear pattern matched
2022,ZP-2022-012174,True,False,high,Use: Multi-family use
2022,ZP-2022-013012,False,False,low,No clear pattern matched
2022,ZP-2022-013266,True,False,high,Use: Restaurant use
2022,ZP-2022-012520,False,False,low,No clear pattern matched
2022,ZP-2022-011662,True,True,medium,Both: Change of use + Parking spaces
2022,ZP-2022-013441,False,False,low,No clear pattern matched
2022,ZP-2022-011732,False,False,low,No clear pattern matched
2022,ZP-2022-012090,False,True,medium,Dimensional: Addition (height/size)
2022,ZP-2022-012010,True,False,high,Use: Short-term rental
2022,ZP-2022-012012,True,False,high,Use: Short-term rental
2022,ZP-2022-012762,True,False,high,Use: Retail use
2022,ZP-2022-012011,True,False,high,Use: Short-term rental
2022,ZP-2022-013711,False,False,low,No clear pattern matched
2022,ZP-2022-012843,True,False,high,Use: Multi-family use
2022,ZP-2022-007541,False,True,medium,Dimensional: Roof deck
2022,ZP-2022-008658,False,True,medium,Dimensional: Lot line (lot size)
2022,HA-2022-005159,True,False,high,Use: Multi-family use
2022,ZP-2022-012793,False,True,medium,Dimensional: Addition (height/size)
2022,ZP-2022-013837,True,False,high,Use: Multi-family use
2022,ZP-2022-009157,True,True,medium,Both: Multi-family use + Parking spaces
2022,HA-2022-005163,True,True,medium,Both: Change of use + Addition (height/size)
2022,ZP-2022-013602,False,False,low,No clear pattern matched
2022,ZP-2022-013537,False,False,low,No clear pattern matched
2022,ZP-2022-013079,False,True,medium,Dimensional: Roof deck
2022,ZP-2022-013462,True,False,high,Use: Short-term rental
2022,ZP-2022-012721,True,True,medium,Both: Multi-family use + Addition (height/size)
2022,ZP-2022-011995,True,True,medium,Both: Multi-family use + Parking spaces
2022,ZP-2022-011932,False,False,low,No clear pattern matched
2022,ZP-2022-013721,False,False,low,No clear pattern matched
2022,ZP-2022-010510,True,False,high,Use: Office use
2022,ZP-2022-012321,False,False,low,No clear pattern matched
2022,ZP-2022-007084,False,True,medium,Dimensional: Roof deck
2022,ZP-2022-013567,True,False,high,Use: Short-term rental
2022,ZP-2022-007082,False,False,low,No clear pattern matched
2022,ZP-2022-012594,True,False,high,Use: Office use
2022,ZP-2022-012462,True,False,high,Use: Multi-family use
2022,ZP-2022-013601,True,False,high,Use: Short-term rental
2022,ZP-2022-012576,False,False,low,No clear pattern matched
2022,ZP-2022-012372,True,False,high,Use: Multi-family use
2022,ZP-2022-013402,True,False,high,Use: Restaurant use
2022,ZP-2022-013053,False,True,medium,Dimensional: Roof deck
2022,ZP-2022-012403,False,False,low,No clear pattern matched
2022,ZP-2022-012556,False,True,medium,Dimensional: Lot line (lot size)
2022,ZP-2022-012256,False,True,medium,Dimensional: Roof deck
2022,ZP-2022-013816,False,False,low,No clear pattern matched
2022,ZP-2022-007578,False,True,medium,Dimensional: Addition (height/size)
2022,ZP-2022-013747,False,False,low,No clear pattern matched
2022,ZP-2022-013615,False,False,low,No clear pattern matched
2023,ZP-2022-013306,True,False,high,Use: Retail use
2023,ZP-2022-013668,False,False,low,No clear pattern matched
2023,ZP-2022-013762,False,False,low,No clear pattern matched
2023,ZP-2022-013321,False,False,low,No clear pattern matched
2023,ZP-2022-013729,False,False,low,No clear pattern matched
2023,ZP-2022-012060,True,True,medium,Both: Multi-family use + Addition (height/size)
2023,ZP-2022-013784,True,False,high,Use: Short-term rental
2023,ZP-2022-012463,False,False,low,No clear pattern matched
2023,HA-2023-000100,True,False,high,Use: Multi-family use
2023,ZP-2022-013158,False,False,low,No clear pattern matched
2023,HA-2023-000102,True,False,high,Use: Permit for use
2023,ZP-2022-012835,False,True,medium,Dimensional: Parking spaces
2023,ZP-2022-012837,False,True,medium,Dimensional: Parking spaces
2023,ZP-2022-012781,True,False,high,Use: Medical use
2023,ZP-2022-013760,True,False,high,Use: Multi-family use
2023,ZP-2022-013586,True,False,high,Use: Office use
2023,ZP-2022-013977,True,False,high,Use: Restaurant use
2023,ZP-2022-001601,False,False,low,No clear pattern matched
2023,ZP-2022-008306,False,True,medium,Dimensional: Roof deck
2023,ZP-2022-009760,True,False,high,Use: Short-term rental
2023,ZP-2022-014195,True,False,high,Use: Multi-family use
2023,ZP-2022-012720,True,False,high,Use: Business use
2023,ZP-2022-012114,False,True,medium,Dimensional: Roof deck
2023,ZP-2022-008180,False,True,medium,Dimensional: Lot line (lot size)
2023,ZP-2022-013746,True,False,high,Use: Office use
2023,ZP-2022-012788,False,False,low,No clear pattern matched
2023,ZP-2022-013149,False,False,low,No clear pattern matched
2023,ZP-2022-011827,True,True,medium,Both: Multi-family use + Roof deck
2023,ZP-2022-013497,False,False,low,No clear pattern matched
2023,ZP-2022-013764,False,False,low,No clear pattern matched
2023,ZP-2022-008791,False,False,low,No clear pattern matched
2023,ZP-2023-000196,True,False,high,Use: Short-term rental
2023,ZP-2022-011930,False,False,low,No clear pattern matched
2023,ZP-2023-000099,False,False,low,No clear pattern matched
2023,ZP-2022-014035,False,False,low,No clear pattern matched
2023,ZP-2022-013078,True,False,high,Use: Multi-family use
2023,ZP-2022-010199,False,False,low,No clear pattern matched
2023,ZP-2022-003746,False,False,low,No clear pattern matched
2023,ZP-2022-013974,False,False,low,No clear pattern matched
2023,ZP-2022-012991,False,False,low,No clear pattern matched
2023,ZP-2022-012834,False,True,medium,Dimensional: Roof deck
2023,ZP-2022-013675,False,False,low,No clear pattern matched
2023,ZP-2022-012016,False,True,medium,Dimensional: Parking spaces
2023,ZP-2022-009846,False,True,medium,Dimensional: Addition (height/size)
2023,ZP-2022-013341,False,False,low,No clear pattern matched
2023,ZP-2022-013337,False,False,low,No clear pattern matched
2023,ZP-2022-009438,True,False,high,Use: Short-term rental
2023,ZP-2023-000569,True,False,high,Use: Childcare use
2023,ZP-2022-013504,False,False,low,No clear pattern matched
2023,ZP-2022-013352,False,False,low,No clear pattern matched
2023,ZP-2022-013687,True,False,high,Use: Retail use
2023,ZP-2022-014179,False,False,low,No clear pattern matched
2023,ZP-2022-014341,True,False,high,Use: Short-term rental
2023,ZP-2022-011994,False,True,medium,Dimensional: Addition (height/size)
2023,ZP-2022-014071,True,False,high,Use: Multi-family use
2023,ZP-2022-014401,True,False,high,Use: Restaurant use
2023,HA-2023-000369,False,False,low,No clear pattern matched
2023,ZP-2022-010827,False,True,medium,Dimensional: Lot line (lot size)
2023,ZP-2023-000245,True,False,high,Use: Short-term rental
2023,ZP-2022-014185,True,False,high,Use: Multi-family use
2023,ZP-2022-011335,False,False,low,No clear pattern matched
2023,ZP-2022-013678,False,False,low,No clear pattern matched
2023,ZP-2022-010200,False,True,medium,Dimensional: Parking spaces
2023,ZP-2023-000360,False,False,low,No clear pattern matched
2023,ZP-2022-013554,False,False,low,No clear pattern matched
2023,ZP-2022-011496,True,True,medium,Both: Restaurant use + Roof deck
2023,ZP-2023-000258,False,False,low,No clear pattern matched
2023,ZP-2022-011715,False,True,medium,Dimensional: Addition (height/size)
2023,ZP-2021-015686,False,True,medium,Dimensional: Roof deck
2023,ZP-2023-000129,False,False,low,No clear pattern matched
2023,ZP-2022-013038,False,False,low,No clear pattern matched
2023,ZP-2022-014037,False,False,low,No clear pattern matched
2023,ZP-2022-014044,False,False,low,No clear pattern matched
2023,ZP-2022-014042,False,False,low,No clear pattern matched
2023,ZP-2022-011383,False,True,medium,Dimensional: Lot line (lot size)
2023,ZP-2022-013753,True,False,high,Use: Business use
2023,ZP-2023-000172,False,False,low,No clear pattern matched
2023,ZP-2023-000256,False,False,low,No clear pattern matched
2023,ZP-2022-014117,True,False,high,Use: Short-term rental
2023,ZP-2022-014412,False,False,low,No clear pattern matched
2023,ZP-2022-013781,False,False,low,No clear pattern matched
2023,ZP-2022-011826,False,True,medium,Dimensional: Rear yard setback
2023,ZP-2023-000141,True,False,high,Use: Short-term rental
2023,ZP-2022-014392,True,False,high,Use: Short-term rental
2023,ZP-2023-001038,False,False,low,No clear pattern matched
2023,ZP-2023-001120,True,False,high,Use: Short-term rental
2023,ZP-2023-000790,False,False,low,No clear pattern matched
2023,HA-2023-000659,False,False,low,No clear pattern matched
2023,ZP-2023-000800,False,False,low,No clear pattern matched
2023,ZP-2022-013903,True,True,medium,Both: Multi-family use + Roof deck
2023,ZP-2022-013499,False,False,low,No clear pattern matched
2023,ZP-2022-010721,False,False,low,No clear pattern matched
2023,ZP-2023-001012,False,False,low,No clear pattern matched
2023,ZP-2022-010967,True,False,high,Use: Multi-family use
2023,ZP-2022-006511,False,False,low,No clear pattern matched
2023,ZP-2023-000763,False,False,low,No clear pattern matched
2023,ZP-2023-000802,False,True,medium,Dimensional: Lot area
2023,ZP-2023-000804,False,False,low,No clear pattern matched
2023,ZP-2023-000915,True,True,medium,Both: Multi-family use + Parking spaces
2023,HA-2023-000710,False,False,low,No clear pattern matched
2023,ZP-2023-000509,True,False,high,Use: Short-term rental
2023,ZP-2022-014024,False,False,low,No clear pattern matched
2023,ZP-2022-013718,False,False,low,No clear pattern matched
2023,ZP-2022-014244,False,True,medium,Dimensional: Addition (height/size)
2023,ZP-2023-000216,False,False,low,No clear pattern matched
2023,ZP-2022-012259,False,False,low,No clear pattern matched
2023,ZP-2022-014213,False,False,low,No clear pattern matched
2023,ZP-2023-000247,False,True,medium,Dimensional: Parking spaces
2023,ZP-2022-013606,False,True,medium,Dimensional: Addition (height/size)
2023,ZP-2022-012426,False,True,medium,Dimensional: Roof deck
2023,ZP-2022-011620,False,False,low,No clear pattern matched
2023,ZP-2023-001209,False,False,low,No clear pattern matched
2023,ZP-2023-001188,False,False,low,No clear pattern matched
2023,HA-2023-000773,True,True,medium,Both: Restaurant use + Parking spaces
2023,ZP-2022-014243,False,False,low,No clear pattern matched
2023,ZP-2022-013619,False,False,low,No clear pattern matched
2023,ZP-2023-000843,True,False,high,Use: Multi-family use
2023,ZP-2022-010140,True,False,high,Use: Short-term rental
2023,ZP-2023-001340,False,True,medium,Dimensional: Parking spaces
2023,ZP-2023-001487,False,False,low,No clear pattern matched
2023,ZP-2021-012121,False,True,medium,Dimensional: Addition (height/size)
2023,ZP-2022-011941,False,False,low,No clear pattern matched
2023,ZP-2022-012038,False,False,low,No clear pattern matched
2023,ZP-2022-009847,False,False,low,No clear pattern matched
2023,ZP-2023-001310,False,False,low,No clear pattern matched
2023,ZP-2021-002173,False,False,low,No clear pattern matched
2023,ZP-2023-001481,False,False,low,No clear pattern matched
2023,ZP-2023-000822,False,False,low,No clear pattern matched
2023,ZP-2022-014183,False,True,medium,Dimensional: Parking spaces
2023,ZP-2022-010659,True,True,medium,Both: Multi-family use + Roof deck
2023,ZP-2023-001169,False,False,low,No clear pattern matched
2023,ZP-2023-001170,False,False,low,No clear pattern matched
2023,ZP-2022-013868,True,True,medium,Both: Multi-family use + Addition (height/size)
2023,ZP-2022-014333,False,False,low,No clear pattern matched
2023,ZP-2023-001516,True,False,high,Use: Retail use
2023,ZP-2022-013992,False,False,low,No clear pattern matched
2023,ZP-2022-009369,False,True,medium,Dimensional: Roof deck
2023,ZP-2023-000320,True,False,high,Use: Short-term rental
2023,ZP-2023-000733,True,False,high,Use: Short-term rental
2023,ZP-2022-013725,False,True,medium,Dimensional: Addition (height/size)
2023,ZP-2023-000758,False,False,low,No clear pattern matched
2023,ZP-2022-013351,False,True,medium,Dimensional: Roof deck
2023,ZP-2022-014228,False,False,low,No clear pattern matched
2023,ZP-2022-013863,False,False,low,No clear pattern matched
2023,HA-2023-000927,False,True,medium,Dimensional: Addition (height/size)
2023,ZP-2023-000959,True,False,high,Use: Short-term rental
2023,ZP-2023-001107,False,False,low,No clear pattern matched
2023,ZP-2022-012742,True,False,high,Use: Childcare use
2023,ZP-2023-000652,False,True,medium,Dimensional: Addition (height/size)
2023,ZP-2022-005838,False,True,medium,Dimensional: Parking spaces
2023,ZP-2023-000771,False,False,low,No clear pattern matched
2023,ZP-2023-000207,False,True,medium,Dimensional: Addition (height/size)
2023,ZP-2023-000850,True,False,high,Use: Restaurant use
2023,HA-2023-001000,True,True,medium,Both: Multi-family use + Roof deck
2023,ZP-2023-000697,False,False,low,No clear pattern matched
2023,ZP-2023-001145,False,False,low,No clear pattern matched
2023,ZP-2022-014356,False,True,medium,Dimensional: Roof deck
2023,ZP-2022-014355,True,True,medium,Both: Multi-family use + Roof deck
2023,ZP-2022-013624,False,False,low,No clear pattern matched
2023,ZP-2022-012125,False,True,medium,Dimensional: Addition (height/size)
2023,ZP-2023-000844,False,False,low,No clear pattern matched
2023,ZP-2023-000847,False,False,low,No clear pattern matched
2023,ZP-2022-012846,False,True,medium,Dimensional: Addition (height/size)
2023,ZP-2022-013778,False,True,medium,Dimensional: Addition (height/size)
2023,ZP-2022-010769,False,True,medium,Dimensional: Parking spaces
2023,ZP-2023-000852,False,False,low,No clear pattern matched
2023,ZP-2023-001514,False,False,low,No clear pattern matched
2023,ZP-2023-001332,False,False,low,No clear pattern matched
2023,ZP-2023-001390,False,False,low,No clear pattern matched
2023,ZP-2023-002101,False,False,low,No clear pattern matched
2023,ZP-2023-001222,True,True,medium,Both: Multi-family use + Parking spaces
2023,ZP-2023-002189,False,True,medium,Dimensional: Addition (height/size)
2023,ZP-2022-012377,False,True,medium,Dimensional: Parking spaces
2023,ZP-2023-000217,False,False,low,No clear pattern matched
2023,ZP-2022-012930,True,True,medium,Both: Permit for use + Parking spaces
2023,ZP-2022-002569,False,False,low,No clear pattern matched
2023,ZP-2022-011635,False,False,low,No clear pattern matched
2023,ZP-2023-001630,True,True,medium,Both: Multi-family use + Parking spaces
2023,ZP-2023-001632,True,True,medium,Both: Multi-family use + Lot area
2023,ZP-2023-000559,False,False,low,No clear pattern matched
2023,ZP-2023-001691,False,False,low,No clear pattern matched
2023,ZP-2023-000280,False,False,low,No clear pattern matched
2023,ZP-2023-001859,False,True,medium,Dimensional: Front yard setback
2023,ZP-2022-014131,False,False,low,No clear pattern matched
2023,ZP-2022-010839,False,True,medium,Dimensional: Parking spaces
2023,ZP-2023-001237,True,False,high,Use: Multi-family use
2023,ZP-2023-001307,False,False,low,No clear pattern matched
2023,ZP-2023-000863,True,True,medium,Both: Multi-family use + Roof deck
2023,ZP-2023-002276,True,False,high,Use: Short-term rental
2023,ZP-2023-001189,True,False,high,Use: Short-term rental
2023,ZP-2023-000806,False,False,low,No clear pattern matched
2023,ZP-2023-001109,False,False,low,No clear pattern matched
2023,ZP-2023-002144,True,False,high,Use: Permit for use
2023,ZP-2023-001181,True,True,medium,Both: Multi-family use + Addition (height/size)
2023,ZP-2023-001171,True,False,high,Use: Multi-family use
2023,ZP-2023-002052,True,False,high,Use: Medical use
2023,ZP-2022-013904,False,False,low,No clear pattern matched
2023,HA-2023-001140,False,False,low,No clear pattern matched
2023,ZP-2022-003587,False,False,low,No clear pattern matched
2023,ZP-2022-012739,False,False,low,No clear pattern matched
2023,ZP-2023-001715,False,False,low,No clear pattern matched
2023,ZP-2023-000347,True,False,high,Use: Short-term rental
2023,ZP-2023-000021,False,False,low,No clear pattern matched
2023,ZP-2023-000203,True,True,medium,Both: Change of use + Parking spaces
2023,ZP-2023-001558,False,False,low,No clear pattern matched
2023,ZP-2023-001239,False,True,medium,Dimensional: Parking spaces
2023,ZP-2023-002316,False,True,medium,Dimensional: Lot area
2023,ZP-2023-000349,False,True,medium,Dimensional: Addition (height/size)
2023,ZP-2023-001365,False,True,medium,Dimensional: Roof deck
2023,ZP-2023-001372,False,True,medium,Dimensional: Roof deck
2023,ZP-2023-001373,True,True,medium,Both: Multi-family use + Roof deck
2023,ZP-2023-001374,True,True,medium,Both: Multi-family use + Roof deck
2023,ZP-2023-002382,False,False,low,No clear pattern matched
2023,ZP-2023-001798,False,True,medium,Dimensional: Addition (height/size)
2023,ZP-2023-002481,False,True,medium,Dimensional: Addition (height/size)
2023,ZP-2023-001426,False,False,low,No clear pattern matched
2023,ZP-2022-013769,False,True,medium,Dimensional: Roof deck
2023,ZP-2022-013750,False,True,medium,Dimensional: Roof deck
2023,ZP-2022-013770,False,True,medium,Dimensional: Roof deck
2023,ZP-2023-001401,False,False,low,No clear pattern matched
2023,ZP-2023-002514,True,False,high,Use: Change of use
2023,ZP-2023-002576,False,True,medium,Dimensional: Roof deck
2023,ZP-2023-001376,True,False,high,Use: Short-term rental
2023,ZP-2023-001380,True,False,high,Use: Short-term rental
2023,ZP-2023-000781,False,False,low,No clear pattern matched
2023,ZP-2022-014491,False,True,medium,Dimensional: Roof deck
2023,ZP-2022-009819,False,True,medium,Dimensional: Parking spaces
2023,ZP-2023-002571,False,False,low,No clear pattern matched
2023,ZP-2023-002183,True,False,high,Use: Multi-family use
2023,ZP-2022-014172,False,True,medium,Dimensional: Roof deck
2023,ZP-2023-002426,False,False,low,No clear pattern matched
2023,ZP-2023-001551,False,False,low,No clear pattern matched
2023,ZP-2023-001929,False,False,low,No clear pattern matched
2023,ZP-2023-002657,False,False,low,No clear pattern matched
2023,ZP-2023-001575,False,False,low,No clear pattern matched
2023,ZP-2023-002616,False,False,low,No clear pattern matched
2023,ZP-2023-001862,False,False,low,No clear pattern matched
2023,ZP-2023-002566,True,False,high,Use: Short-term rental
2023,ZP-2023-002383,False,False,low,No clear pattern matched
2023,ZP-2023-001208,True,True,medium,Both: Office use + Roof deck
2023,ZP-2023-003000,False,True,medium,Dimensional: Roof deck
2023,ZP-2022-013883,False,True,medium,Dimensional: Roof deck
2023,ZP-2022-013882,False,True,medium,Dimensional: Roof deck
2023,ZP-2022-013879,False,True,medium,Dimensional: Roof deck
2023,ZP-2022-013878,False,True,medium,Dimensional: Roof deck
2023,ZP-2022-013875,False,True,medium,Dimensional: Roof deck
2023,ZP-2022-013876,False,True,medium,Dimensional: Roof deck
2023,ZP-2023-000649,False,False,low,No clear pattern matched
2023,ZP-2023-002612,True,False,high,Use: Short-term rental
2023,ZP-2023-000415,True,True,medium,Both: Multi-family use + Roof deck
2023,ZP-2023-002369,False,False,low,No clear pattern matched
2023,ZP-2023-002840,False,False,low,No clear pattern matched
2023,ZP-2023-002819,False,False,low,No clear pattern matched
2023,ZP-2023-002834,False,False,low,No clear pattern matched
2023,HA-2023-001420,False,False,low,No clear pattern matched
2023,ZP-2023-001072,False,False,low,No clear pattern matched
2023,ZP-2022-010976,True,False,high,Use: Business use
2023,ZP-2022-005680,True,False,high,Use: Short-term rental
2023,ZP-2023-002119,False,False,low,No clear pattern matched
2023,ZP-2023-003078,False,False,low,No clear pattern matched
2023,ZP-2023-003085,False,False,low,No clear pattern matched
2023,ZP-2023-001608,False,False,low,No clear pattern matched
2023,ZP-2023-001364,False,True,medium,Dimensional: Roof deck
2023,ZP-2023-002071,False,False,low,No clear pattern matched
2023,ZP-2023-000721,False,True,medium,Dimensional: Parking spaces
2023,ZP-2023-002611,False,True,medium,Dimensional: Addition (height/size)
2023,ZP-2023-002572,True,True,medium,Both: Multi-family use + Addition (height/size)
2023,ZP-2023-002321,False,False,low,No clear pattern matched
2023,ZP-2023-000679,False,False,low,No clear pattern matched
2023,ZP-2023-001787,False,True,medium,Dimensional: Roof deck
2023,ZP-2023-001788,False,True,medium,Dimensional: Roof deck
2023,ZP-2023-001991,True,False,high,Use: Restaurant use
2023,ZP-2022-009532,False,True,medium,Dimensional: Lot line (lot size)
2023,ZP-2022-013912,False,True,medium,Dimensional: Lot line (lot size)
2023,ZP-2023-002278,True,False,high,Use: Short-term rental
2023,ZP-2023-002880,False,False,low,No clear pattern matched
2023,ZP-2023-002668,False,True,medium,Dimensional: Addition (height/size)
2023,ZP-2023-002434,False,False,low,No clear pattern matched
2023,ZP-2023-002632,False,False,low,No clear pattern matched
2023,ZP-2023-002614,False,True,medium,Dimensional: Lot line (lot size)
2023,ZP-2023-002440,True,False,high,Use: Multi-family use
2023,ZP-2023-001985,False,False,low,No clear pattern matched
2023,ZP-2023-002954,False,False,low,No clear pattern matched
2023,ZP-2023-003012,False,False,low,No clear pattern matched
2023,ZP-2023-002482,False,False,low,No clear pattern matched
2023,ZP-2023-003060,False,False,low,No clear pattern matched
2023,ZP-2023-001790,True,False,high,Use: Multi-family use
2023,ZP-2023-002396,False,False,low,No clear pattern matched
2023,ZP-2023-002636,False,False,low,No clear pattern matched
2023,ZP-2023-003396,True,False,high,Use: Short-term rental
2023,ZP-2023-002013,False,False,low,No clear pattern matched
2023,ZP-2023-002684,False,False,low,No clear pattern matched
2023,ZP-2023-002340,True,False,high,Use: Retail use
2023,ZP-2023-001736,False,False,low,No clear pattern matched
2023,ZP-2023-002323,True,False,high,Use: Office use
2023,ZP-2023-000014,False,True,medium,Dimensional: Addition (height/size)
2023,ZP-2022-014285,False,True,medium,Dimensional: Roof deck
2023,ZP-2023-003214,True,False,high,Use: Short-term rental
2023,ZP-2023-001059,False,True,medium,Dimensional: Roof deck
2023,ZP-2023-002256,False,False,low,No clear pattern matched
2023,ZP-2023-002728,False,False,low,No clear pattern matched
2023,ZP-2023-002486,False,False,low,No clear pattern matched
2023,ZP-2023-002418,False,True,medium,Dimensional: Roof deck
2023,ZP-2022-005413,False,False,low,No clear pattern matched
2023,ZP-2023-001334,True,True,medium,Both: Retail use + Parking spaces
2023,ZP-2022-012992,False,True,medium,Dimensional: Parking spaces
2023,ZP-2023-001963,False,False,low,No clear pattern matched
2023,ZP-2023-002116,True,True,medium,Both: Multi-family use + Addition (height/size)
2023,ZP-2022-012999,False,False,low,No clear pattern matched
2023,ZP-2023-003778,False,False,low,No clear pattern matched
2023,ZP-2023-002361,True,False,high,Use: Multi-family use
2023,ZP-2023-002351,False,False,low,No clear pattern matched
2023,ZP-2023-003071,True,False,high,Use: Multi-family use
2023,ZP-2022-011135,False,True,medium,Dimensional: Roof deck
2023,ZP-2023-003450,True,False,high,Use: Multi-family use
2023,ZP-2023-002359,False,False,low,No clear pattern matched
2023,ZP-2023-000329,True,True,medium,Both: Change of use + Addition (height/size)
2023,ZP-2022-012699,True,False,high,Use: Multi-family use
2023,ZP-2022-011745,False,False,low,No clear pattern matched
2023,ZP-2023-001067,False,False,low,No clear pattern matched
2023,ZP-2023-003614,True,False,high,Use: Short-term rental
2023,ZP-2023-002948,True,False,high,Use: Short-term rental
2023,ZP-2023-002947,True,False,high,Use: Short-term rental
2023,HA-2023-001767,False,False,low,No clear pattern matched
2023,ZP-2023-003447,False,True,medium,Dimensional: Roof deck
2023,ZP-2023-002410,False,False,low,No clear pattern matched
2023,ZP-2022-013761,False,False,low,No clear pattern matched
2023,ZP-2023-002957,True,False,high,Use: Childcare use
2023,ZP-2022-004515,False,True,medium,Dimensional: Parking spaces
2023,ZP-2023-003834,True,False,high,Use: Medical use
2023,ZP-2023-002809,False,False,low,No clear pattern matched
2023,ZP-2023-002835,True,False,high,Use: Multi-family use
2023,ZP-2023-003984,True,False,high,Use: Multi-family use
2023,ZP-2023-000753,False,False,low,No clear pattern matched
2023,ZP-2023-002774,True,True,medium,Both: Multi-family use + Roof deck
2023,ZP-2022-014156,True,True,medium,Both: Multi-family use + Addition (height/size)
2023,ZP-2022-013986,False,True,medium,Dimensional: Parking spaces
2023,ZP-2023-002682,True,False,high,Use: Multi-family use
2023,ZP-2023-003610,False,False,low,No clear pattern matched
2023,ZP-2023-000169,True,False,high,Use: Short-term rental
2023,ZP-2023-001111,False,True,medium,Dimensional: Parking spaces
2023,ZP-2022-006758,True,False,high,Use: Change of use
2023,ZP-2022-006773,False,True,medium,Dimensional: Parking spaces
2023,ZP-2023-003493,True,True,medium,Both: Short-term rental + Addition (height/size)
2023,ZP-2023-003562,False,False,low,No clear pattern matched
2023,ZP-2023-001738,False,False,low,No clear pattern matched
2023,ZP-2023-004320,True,True,medium,Both: Office use + Setback
2023,ZP-2023-002861,True,False,high,Use: Permit for use
2023,ZP-2023-001694,True,False,high,Use: Childcare use
2023,ZP-2023-003519,False,False,low,No clear pattern matched
2023,ZP-2022-011763,False,True,medium,Dimensional: Roof deck
2023,ZP-2023-003300,False,False,low,No clear pattern matched
2023,ZP-2023-003772,True,False,high,Use: Multi-family use
2023,ZP-2022-013346,True,True,medium,Both: Change of use + Parking spaces
2023,HA-2023-001982,False,False,low,No clear pattern matched
2023,ZP-2023-001936,False,True,medium,Dimensional: Roof deck
2023,ZP-2023-002218,False,False,low,No clear pattern matched
2023,ZP-2023-003070,False,False,low,No clear pattern matched
2023,ZP-2023-001871,True,False,high,Use: Short-term rental
2023,ZP-2023-002793,False,True,medium,Dimensional: Roof deck
2023,ZP-2023-003218,False,False,low,No clear pattern matched
2023,ZP-2023-002457,False,False,low,No clear pattern matched
2023,ZP-2022-011844,True,True,medium,Both: Change of use + Roof deck
2023,ZP-2023-002879,False,False,low,No clear pattern matched
2023,ZP-2023-003688,False,True,medium,Dimensional: Parking spaces
2023,ZP-2023-003625,True,False,high,Use: Change of use
2023,ZP-2023-003134,False,False,low,No clear pattern matched
2023,ZP-2023-002888,False,False,low,No clear pattern matched
2023,ZP-2023-003229,False,False,low,No clear pattern matched
2023,ZP-2023-004351,False,False,low,No clear pattern matched
2023,ZP-2023-002427,False,False,low,No clear pattern matched
2023,ZP-2022-010729,False,True,medium,Dimensional: Roof deck
2023,ZP-2023-004053,False,True,medium,Dimensional: Roof deck
2023,ZP-2023-002926,False,True,medium,Dimensional: Parking spaces
2023,ZP-2023-000789,True,False,high,Use: Multi-family use
2023,ZP-2023-000839,False,False,low,No clear pattern matched
2023,ZP-2023-003086,False,False,low,No clear pattern matched
2023,ZP-2023-004253,False,False,low,No clear pattern matched
2023,ZP-2023-003574,False,False,low,No clear pattern matched
2023,ZP-2023-004641,False,False,low,No clear pattern matched
2023,ZP-2023-002317,False,False,low,No clear pattern matched
2023,ZP-2023-002182,False,True,medium,Dimensional: Roof deck
2023,ZP-2023-003037,False,False,low,No clear pattern matched
2023,ZP-2023-004709,False,False,low,No clear pattern matched
2023,ZP-2022-010605,False,True,medium,Dimensional: Parking spaces
2023,ZP-2023-002056,False,False,low,No clear pattern matched
2023,ZP-2023-004082,False,False,low,No clear pattern matched
2023,HA-2023-002137,False,False,low,No clear pattern matched
2023,ZP-2023-001762,False,False,low,No clear pattern matched
2023,ZP-2023-004503,True,False,high,Use: Short-term rental
2023,ZP-2023-004505,True,False,high,Use: Short-term rental
2023,ZP-2023-000535,False,False,low,No clear pattern matched
2023,ZP-2023-000459,False,False,low,No clear pattern matched
2023,HA-2023-002155,True,False,high,Use: Commercial use
2023,ZP-2023-001958,False,False,low,No clear pattern matched
2023,ZP-2023-002992,True,False,high,Use: Change of use
2023,ZP-2023-003441,False,False,low,No clear pattern matched
2023,ZP-2023-003876,False,False,low,No clear pattern matched
2023,ZP-2023-001586,False,False,low,No clear pattern matched
2023,ZP-2023-004837,False,True,medium,Dimensional: Parking spaces
2023,ZP-2022-013011,False,True,medium,Dimensional: Roof deck
2023,ZP-2023-003628,False,False,low,No clear pattern matched
2023,ZP-2023-004004,False,False,low,No clear pattern matched
2023,ZP-2023-004262,False,False,low,No clear pattern matched
2023,ZP-2023-004015,False,False,low,No clear pattern matched
2023,ZP-2023-003768,False,False,low,No clear pattern matched
2023,ZP-2023-003569,False,False,low,No clear pattern matched
2023,ZP-2023-003801,False,False,low,No clear pattern matched
2023,ZP-2023-002384,False,True,medium,Dimensional: Addition (height/size)
2023,ZP-2023-002650,False,True,medium,Dimensional: Addition (height/size)
2023,ZP-2023-004613,False,False,low,No clear pattern matched
2023,ZP-2023-004615,False,False,low,No clear pattern matched
2023,ZP-2023-004013,False,False,low,No clear pattern matched
2023,ZP-2023-004094,False,False,low,No clear pattern matched
2023,ZP-2023-004051,False,False,low,No clear pattern matched
2023,ZP-2023-003577,True,False,high,Use: Change of use
2023,ZP-2023-005088,True,True,medium,Both: Change of use + Addition (height/size)
2023,ZP-2023-003341,False,False,low,No clear pattern matched
2023,ZP-2022-013014,True,True,medium,Both: Change of use + Front yard setback
2023,ZP-2023-001534,False,True,medium,Dimensional: Roof deck
2023,ZP-2022-013780,False,True,medium,Dimensional: Addition (height/size)
2023,ZP-2023-001774,True,True,medium,Both: Multi-family use + Parking spaces
2023,ZP-2023-002944,True,False,high,Use: Short-term rental
2023,ZP-2023-004182,False,False,low,No clear pattern matched
2023,ZP-2023-003402,False,True,medium,Dimensional: Parking spaces
2023,ZP-2023-004550,False,False,low,No clear pattern matched
2023,ZP-2023-004123,False,False,low,No clear pattern matched
2023,ZP-2023-003550,False,False,low,No clear pattern matched
2023,ZP-2023-003697,True,False,high,Use: Short-term rental
2023,ZP-2023-003432,False,False,low,No clear pattern matched
2023,HA-2023-002375,False,False,low,No clear pattern matched
2023,HA-2023-002379,False,False,low,No clear pattern matched
2023,ZP-2022-012896,True,False,high,Use: Office use
2023,ZP-2023-004612,True,False,high,Use: Short-term rental
2023,ZP-2023-004673,False,False,low,No clear pattern matched
2023,ZP-2023-003377,False,False,low,No clear pattern matched
2023,ZP-2023-004923,False,False,low,No clear pattern matched
2023,ZP-2023-003144,False,False,low,No clear pattern matched
2023,ZP-2023-004758,True,True,medium,Both: Multi-family use + Addition (height/size)
2023,ZP-2023-004167,False,False,low,No clear pattern matched
2023,ZP-2023-005369,False,False,low,No clear pattern matched
2023,ZP-2023-004703,False,False,low,No clear pattern matched
2023,ZP-2023-003832,False,True,medium,Dimensional: Addition (height/size)
2023,ZP-2023-004901,False,False,low,No clear pattern matched
2023,ZP-2023-004470,False,False,low,No clear pattern matched
2023,ZP-2023-004187,False,False,low,No clear pattern matched
2023,ZP-2023-003901,False,True,medium,Dimensional: Parking spaces
2023,ZP-2023-005234,False,False,low,No clear pattern matched
2023,ZP-2023-001020,False,True,medium,Dimensional: Roof deck
2023,ZP-2023-003754,False,True,medium,Dimensional: Parking spaces
2023,ZP-2023-002721,False,False,low,No clear pattern matched
2023,ZP-2023-004652,True,False,high,Use: Commercial use
2023,ZP-2023-000888,False,False,low,No clear pattern matched
2023,ZP-2023-003342,True,False,high,Use: Multi-family use
2023,ZP-2023-003282,False,False,low,No clear pattern matched
2023,ZP-2023-003573,False,False,low,No clear pattern matched
2023,ZP-2023-003571,True,False,high,Use: Short-term rental
2023,ZP-2023-004984,False,False,low,No clear pattern matched
2023,ZP-2023-002053,False,False,low,No clear pattern matched
2023,ZP-2023-004618,True,True,medium,Both: Change of use + Addition (height/size)
2023,ZP-2023-004464,False,False,low,No clear pattern matched
2023,ZP-2023-002508,False,True,medium,Dimensional: Roof deck
2023,ZP-2023-004757,False,False,low,No clear pattern matched
2023,ZP-2023-005621,False,True,medium,Dimensional: Roof deck
2023,ZP-2023-004676,True,False,high,Use: Office use
2023,ZP-2023-005133,False,False,low,No clear pattern matched
2023,ZP-2023-005644,False,False,low,No clear pattern matched
2023,ZP-2022-012756,False,False,low,No clear pattern matched
2023,ZP-2023-002727,False,True,medium,Dimensional: Addition (height/size)
2023,ZP-2023-005891,False,False,low,No clear pattern matched
2023,ZP-2023-002910,False,False,low,No clear pattern matched
2023,ZP-2023-001711,False,True,medium,Dimensional: Open space
2023,HA-2023-002635,False,True,medium,Dimensional: Roof deck
2023,ZP-2023-003526,False,True,medium,Dimensional: Side yard setback
2023,ZP-2023-003918,False,True,medium,Dimensional: Addition (height/size)
2023,ZP-2023-005048,False,False,low,No clear pattern matched
2023,ZP-2023-003552,True,False,high,Use: Change of use
2023,ZP-2023-004981,False,True,medium,Dimensional: Lot line (lot size)
2023,ZP-2023-004049,False,True,medium,Dimensional: Roof deck
2023,ZP-2023-002343,True,True,medium,Both: Change of use + Addition (height/size)
2023,ZP-2023-004396,True,True,medium,Both: Multi-family use + Roof deck
2023,ZP-2023-004326,False,True,medium,Dimensional: Lot area
2023,ZP-2023-002601,False,False,low,No clear pattern matched
2023,ZP-2022-001870,False,True,medium,Dimensional: Addition (height/size)
2023,ZP-2023-004651,False,False,low,No clear pattern matched
2023,ZP-2023-004584,False,False,low,No clear pattern matched
2023,ZP-2023-004759,False,False,low,No clear pattern matched
2023,ZP-2023-005227,False,True,medium,Dimensional: Parking spaces
2023,ZP-2023-005719,False,False,low,No clear pattern matched
2023,ZP-2023-004308,False,True,medium,Dimensional: Parking spaces
2023,ZP-2023-004057,False,False,low,No clear pattern matched
2023,ZP-2023-004234,False,False,low,No clear pattern matched
2023,ZP-2023-004592,False,False,low,No clear pattern matched
2023,ZP-2023-005316,False,False,low,No clear pattern matched
2023,ZP-2023-005149,False,True,medium,Dimensional: Addition (height/size)
2023,ZP-2023-005755,False,False,low,No clear pattern matched
2023,ZP-2022-012176,False,True,medium,Dimensional: Roof deck
2023,ZP-2023-004706,False,True,medium,Dimensional: Addition (height/size)
2023,ZP-2023-005099,False,True,medium,Dimensional: Addition (height/size)
2023,ZP-2023-004884,False,True,medium,Dimensional: Roof deck
2023,ZP-2023-003757,False,True,medium,Dimensional: Parking spaces
2023,ZP-2023-004722,False,False,low,No clear pattern matched
2023,ZP-2023-003878,False,True,medium,Dimensional: Addition (height/size)
2023,ZP-2023-003805,False,False,low,No clear pattern matched
2023,ZP-2023-004194,False,True,medium,Dimensional: Addition (height/size)
2023,ZP-2023-004814,False,False,low,No clear pattern matched
2023,ZP-2023-005760,False,False,low,No clear pattern matched
2023,ZP-2023-002545,False,True,medium,Dimensional: Addition (height/size)
2023,ZP-2023-005481,False,False,low,No clear pattern matched
2023,ZP-2023-003411,False,False,low,No clear pattern matched
2023,ZP-2023-003006,True,True,medium,Both: Business use + Roof deck
2023,ZP-2023-005409,False,False,low,No clear pattern matched
2023,ZP-2023-006255,False,False,low,No clear pattern matched
2023,ZP-2023-005642,False,False,low,No clear pattern matched
2023,ZP-2023-004617,False,False,low,No clear pattern matched
2023,ZP-2021-007570,False,True,medium,Dimensional: Lot line (lot size)
2023,ZP-2022-013288,False,True,medium,Dimensional: Addition (height/size)
2023,ZP-2023-006199,False,False,low,No clear pattern matched
2023,ZP-2023-002932,True,True,medium,Both: Change of use + Addition (height/size)
2023,ZP-2023-002470,True,False,high,Use: Retail use
2023,ZP-2023-004785,False,True,medium,Dimensional: Lot line (lot size)
2023,ZP-2023-004375,False,False,low,No clear pattern matched
2023,ZP-2023-004755,True,False,high,Use: Short-term rental
2023,ZP-2023-003650,False,True,medium,Dimensional: Rear yard setback
2023,ZP-2023-006485,False,False,low,No clear pattern matched
2023,ZP-2023-004688,False,False,low,No clear pattern matched
2023,ZP-2023-006635,False,False,low,No clear pattern matched
2023,ZP-2023-006637,False,False,low,No clear pattern matched
2023,ZP-2023-003575,False,True,medium,Dimensional: Parking spaces
2023,ZP-2023-006273,False,False,low,No clear pattern matched
2023,HA-2023-002946,True,True,medium,Both: Commercial use + Parking spaces
2023,ZP-2023-005518,False,False,low,No clear pattern matched
2023,HA-2023-002952,True,True,medium,Both: Multi-family use + Roof deck
2023,ZP-2023-002680,True,False,high,Use: Short-term rental
2023,HA-2023-002955,True,True,medium,Both: Multi-family use + Roof deck
2023,ZP-2023-005419,True,False,high,Use: Change of use
2023,ZP-2023-001829,False,True,medium,Dimensional: Addition (height/size)
2023,ZP-2023-003566,False,False,low,No clear pattern matched
2023,ZP-2023-004696,False,False,low,No clear pattern matched
2023,ZP-2023-005475,False,False,low,No clear pattern matched
2023,ZP-2023-004957,False,False,low,No clear pattern matched
2023,ZP-2023-006357,False,False,low,No clear pattern matched
2023,ZP-2023-002100,False,False,low,No clear pattern matched
2023,ZP-2023-005306,False,False,low,No clear pattern matched
2023,ZP-2023-005669,False,False,low,No clear pattern matched
2023,ZP-2023-006678,True,False,high,Use: Permit for use
2023,ZP-2023-006419,False,False,low,No clear pattern matched
2023,ZP-2023-005827,False,True,medium,Dimensional: Addition (height/size)
2023,ZP-2023-000851,False,True,medium,Dimensional: Roof deck
2023,ZP-2023-006531,False,True,medium,Dimensional: Roof deck
2023,ZP-2023-006534,False,True,medium,Dimensional: Roof deck
2023,ZP-2023-004089,False,False,low,No clear pattern matched
2023,ZP-2023-006259,True,False,high,Use: Multi-family use
2023,ZP-2023-006015,False,False,low,No clear pattern matched
2023,ZP-2023-006609,False,False,low,No clear pattern matched
2023,ZP-2022-012863,False,True,medium,Dimensional: Parking spaces
2023,HA-2023-003104,False,False,low,No clear pattern matched
2023,ZP-2023-006018,False,False,low,No clear pattern matched
2023,ZP-2023-005246,True,False,high,Use: Permit for use
2023,ZP-2023-005773,False,False,low,No clear pattern matched
2023,ZP-2023-004815,True,False,high,Use: Retail use
2023,ZP-2023-005539,False,False,low,No clear pattern matched
2023,ZP-2023-006093,False,False,low,No clear pattern matched
2023,ZP-2023-004919,False,False,low,No clear pattern matched
2023,ZP-2023-006592,False,False,low,No clear pattern matched
2023,ZP-2023-007037,False,False,low,No clear pattern matched
2023,ZP-2023-005562,False,False,low,No clear pattern matched
2023,ZP-2023-006272,False,False,low,No clear pattern matched
2023,ZP-2023-007039,False,False,low,No clear pattern matched
2023,ZP-2023-007040,False,False,low,No clear pattern matched
2023,ZP-2023-005600,True,False,high,Use: Multi-family use
2023,ZP-2023-006697,False,False,low,No clear pattern matched
2023,ZP-2023-005533,False,False,low,No clear pattern matched
2023,ZP-2023-004255,False,True,medium,Dimensional: Parking spaces
2023,ZP-2022-014009,False,True,medium,Dimensional: Roof deck
2023,ZP-2022-000481,False,True,medium,Dimensional: Parking spaces
2023,ZP-2023-007108,False,False,low,No clear pattern matched
2023,ZP-2023-002124,False,False,low,No clear pattern matched
2023,ZP-2023-006508,False,False,low,No clear pattern matched
2023,ZP-2023-003472,False,True,medium,Dimensional: Addition (height/size)
2023,ZP-2023-007442,False,False,low,No clear pattern matched
2023,ZP-2023-005230,True,True,medium,Both: Change of use + Addition (height/size)
2023,ZP-2023-002853,False,True,medium,Dimensional: Parking spaces
2023,ZP-2023-007298,True,False,high,Use: Short-term rental
2023,ZP-2023-007674,True,False,high,Use: Childcare use
2023,ZP-2023-006923,False,False,low,No clear pattern matched
2023,ZP-2023-001530,False,False,low,No clear pattern matched
2023,ZP-2023-007353,True,False,high,Use: Restaurant/bar
2023,ZP-2023-007750,False,False,low,No clear pattern matched
2023,ZP-2023-007745,False,False,low,No clear pattern matched
2023,ZP-2023-007299,False,False,low,No clear pattern matched
2023,ZP-2023-006889,False,True,medium,Dimensional: Roof deck
2023,ZP-2023-006926,True,False,high,Use: Commercial use
2023,ZP-2023-007149,False,False,low,No clear pattern matched
2023,ZP-2023-006890,False,False,low,No clear pattern matched
2023,ZP-2023-004701,True,False,high,Use: Change of use
2023,ZP-2023-004883,True,False,high,Use: Commercial use
2023,ZP-2022-013239,True,True,medium,Both: Multi-family use + Roof deck
2023,ZP-2023-007512,True,False,high,Use: Business use
2023,ZP-2023-006081,False,False,low,No clear pattern matched
2023,ZP-2023-005994,False,False,low,No clear pattern matched
2023,ZP-2023-005995,False,True,medium,Dimensional: Roof deck
2023,ZP-2023-006739,True,True,medium,Both: Multi-family use + Roof deck
2023,ZP-2023-004043,True,True,medium,Both: Multi-family use + Addition (height/size)
2023,ZP-2023-001292,True,True,medium,Both: Multi-family use + Roof deck
2023,ZP-2023-005893,False,False,low,No clear pattern matched
2023,ZP-2023-006665,False,False,low,No clear pattern matched
2023,ZP-2023-006835,True,False,high,Use: Short-term rental
2023,ZP-2022-007196,True,True,medium,Both: Short-term rental + Roof deck
2023,ZP-2023-004969,False,True,medium,Dimensional: Parking spaces
2023,ZP-2023-006362,False,True,medium,Dimensional: Roof deck
2023,ZP-2023-007610,False,False,low,No clear pattern matched
2023,ZP-2023-007469,False,False,low,No clear pattern matched
2023,ZP-2023-007140,True,False,high,Use: Short-term rental
2023,ZP-2023-007349,True,True,medium,Both: Multi-family use + Roof deck
2023,ZP-2023-007585,False,False,low,No clear pattern matched
2023,ZP-2023-006318,False,False,low,No clear pattern matched
2023,ZP-2023-007123,True,False,high,Use: Multi-family use
2023,ZP-2023-007209,True,False,high,Use: Multi-family use
2023,ZP-2023-006321,False,True,medium,Dimensional: Parking spaces
2023,ZP-2023-007738,False,False,low,No clear pattern matched
2023,ZP-2023-006472,False,False,low,No clear pattern matched
2023,ZP-2023-003992,False,True,medium,Dimensional: Roof deck
2023,ZP-2023-003994,False,True,medium,Dimensional: Roof deck
2023,ZP-2023-006008,False,True,medium,Dimensional: Parking spaces
2023,ZP-2023-005676,True,True,medium,Both: Change of use + Roof deck
2023,ZP-2023-006661,True,True,medium,Both: Change of use + Addition (height/size)
2023,ZP-2023-008052,False,False,low,No clear pattern matched
2023,ZP-2023-006562,False,False,low,No clear pattern matched
2023,ZP-2023-008412,False,False,low,No clear pattern matched
2023,ZP-2023-004750,True,True,medium,Both: Commercial use + Roof deck
2023,ZP-2023-006449,True,False,high,Use: Multi-family use
2023,ZP-2023-004115,False,True,medium,Dimensional: Front yard setback
2023,ZP-2023-008321,False,False,low,No clear pattern matched
2023,ZP-2023-007313,False,False,low,No clear pattern matched
2023,ZP-2023-008005,False,False,low,No clear pattern matched
2023,ZP-2023-004886,False,False,low,No clear pattern matched
2023,ZP-2023-004126,False,True,medium,Dimensional: Addition (height/size)
2023,ZP-2023-007527,False,False,low,No clear pattern matched
2023,ZP-2023-001560,False,True,medium,Dimensional: Lot line (lot size)
2023,ZP-2023-006842,False,False,low,No clear pattern matched
2023,ZP-2023-007603,False,False,low,No clear pattern matched
2023,ZP-2023-006420,True,True,medium,Both: Commercial use + Roof deck
2023,ZP-2023-003690,False,True,medium,Dimensional: Addition (height/size)
2023,ZP-2023-007276,False,False,low,No clear pattern matched
2023,ZP-2023-006865,True,False,high,Use: Change of use
2023,ZP-2023-005236,False,True,medium,Dimensional: Addition (height/size)
2023,ZP-2022-013860,True,True,medium,Both: Multi-family use + Roof deck
2023,ZP-2023-006194,True,True,medium,Both: Multi-family use + Addition (height/size)
2023,ZP-2023-006533,False,True,medium,Dimensional: Lot line (lot size)
2023,ZP-2023-007824,True,False,high,Use: Multi-family use
2023,ZP-2023-006860,False,True,medium,Dimensional: Roof deck
2023,ZP-2023-007215,False,True,medium,Dimensional: Addition (height/size)
2023,ZP-2023-006728,False,True,medium,Dimensional: Roof deck
2023,ZP-2023-006729,False,False,low,No clear pattern matched
2023,ZP-2023-006484,False,False,low,No clear pattern matched
2023,ZP-2023-006432,False,False,low,No clear pattern matched
2023,ZP-2023-007748,True,False,high,Use: Office use
2023,ZP-2023-003593,False,False,low,No clear pattern matched
2023,ZP-2023-006829,True,False,high,Use: Commercial use
2023,ZP-2023-007380,False,True,medium,Dimensional: Roof deck
2023,ZP-2023-007378,True,True,medium,Both: Multi-family use + Roof deck
2023,ZP-2023-006162,False,False,low,No clear pattern matched
2023,ZP-2023-007260,False,False,low,No clear pattern matched
2023,ZP-2023-006858,True,True,medium,Both: Multi-family use + Addition (height/size)
2023,ZP-2023-007491,True,True,medium,Both: Change of use + Addition (height/size)
2023,HA-2023-003647,True,False,high,Use: Retail use
2023,ZP-2023-002832,False,False,low,No clear pattern matched
2023,ZP-2023-008031,False,False,low,No clear pattern matched
2023,ZP-2023-007158,False,False,low,No clear pattern matched
2023,ZP-2023-008490,True,False,high,Use: Short-term rental
2023,ZP-2023-007774,False,True,medium,Dimensional: Roof deck
2023,ZP-2023-007351,False,True,medium,Dimensional: Roof deck
2023,ZP-2023-008202,True,True,medium,Both: Multi-family use + Rear yard setback
2023,ZP-2023-007059,False,False,low,No clear pattern matched
2023,ZP-2023-007799,True,False,high,Use: Childcare use
2023,ZP-2023-003016,False,False,low,No clear pattern matched
2023,ZP-2023-007122,False,False,low,No clear pattern matched
2023,ZP-2023-007116,True,False,high,Use: Retail use
2023,ZP-2023-008159,True,False,high,Use: Short-term rental
2023,ZP-2023-008527,True,False,high,Use: Short-term rental
2023,ZP-2023-008146,False,False,low,No clear pattern matched
2023,ZP-2023-006674,False,False,low,No clear pattern matched
2023,ZP-2021-013943,False,True,medium,Dimensional: Addition (height/size)
2023,HA-2023-003721,True,False,high,Use: Multi-family use
2023,ZP-2023-005747,True,False,high,Use: Change of use
2023,ZP-2023-007625,False,False,low,No clear pattern matched
2023,ZP-2023-008103,True,False,high,Use: Multi-family use
2023,ZP-2023-008997,False,True,medium,Dimensional: Roof deck
2023,ZP-2023-008486,True,False,high,Use: Short-term rental
2023,ZP-2023-007239,False,False,low,No clear pattern matched
2023,ZP-2023-007717,True,False,high,Use: Multi-family use
2023,ZP-2023-007684,False,False,low,No clear pattern matched
2023,ZP-2023-006442,True,True,medium,Both: Multi-family use + Roof deck
2023,ZP-2023-007090,False,True,medium,Dimensional: Roof deck
2023,ZP-2023-007463,False,True,medium,Dimensional: Parking spaces
2023,ZP-2023-007460,False,True,medium,Dimensional: Parking spaces
2023,ZP-2023-007278,False,False,low,No clear pattern matched
2023,ZP-2023-008844,False,False,low,No clear pattern matched
2023,ZP-2023-008087,False,False,low,No clear pattern matched
2023,ZP-2023-008438,False,False,low,No clear pattern matched
2023,ZP-2023-007119,True,False,high,Use: Restaurant/bar
2023,ZP-2023-007548,False,False,low,No clear pattern matched
2023,ZP-2023-005280,False,False,low,No clear pattern matched
2023,ZP-2023-008216,False,False,low,No clear pattern matched
2023,ZP-2023-006471,True,False,high,Use: Office use
2023,ZP-2023-002787,True,False,high,Use: Change of use
2023,ZP-2023-006091,False,True,medium,Dimensional: Addition (height/size)
2023,ZP-2023-009010,False,False,low,No clear pattern matched
2023,ZP-2023-008923,False,False,low,No clear pattern matched
2023,ZP-2023-005003,True,True,medium,Both: Multi-family use + Parking spaces
2023,ZP-2023-007581,True,True,medium,Both: Change of use + Parking spaces
2023,ZP-2023-007063,False,False,low,No clear pattern matched
2023,ZP-2023-008610,True,False,high,Use: Commercial use
2023,ZP-2023-008612,True,False,high,Use: Commercial use
2023,ZP-2023-008327,False,False,low,No clear pattern matched
2023,ZP-2023-007688,False,False,low,No clear pattern matched
2023,ZP-2023-009580,False,True,medium,Dimensional: Roof deck
2023,ZP-2023-008720,False,False,low,No clear pattern matched
2023,ZP-2023-008639,True,False,high,Use: Short-term rental
2023,ZP-2023-006883,False,True,medium,Dimensional: Roof deck
2023,ZP-2023-006950,False,False,low,No clear pattern matched
2023,ZP-2023-007474,False,False,low,No clear pattern matched
2023,HA-2023-003874,False,False,low,No clear pattern matched
2023,ZP-2023-007053,False,True,medium,Dimensional: Parking spaces
2023,HA-2023-003876,False,True,medium,Dimensional: Roof deck
2023,HA-2023-003877,False,False,low,No clear pattern matched
2023,ZP-2022-006672,False,True,medium,Dimensional: Roof deck
2023,ZP-2023-006774,True,False,high,Use: Change of use
2023,HA-2023-003889,False,True,medium,Dimensional: Front yard setback
2023,ZP-2023-003770,False,True,medium,Dimensional: Parking spaces
2023,ZP-2023-008299,False,False,low,No clear pattern matched
2023,ZP-2023-009189,False,False,low,No clear pattern matched
2023,ZP-2023-004316,False,True,medium,Dimensional: Addition (height/size)
2023,ZP-2023-004909,False,False,low,No clear pattern matched
2023,ZP-2023-008878,False,False,low,No clear pattern matched
2023,ZP-2023-008877,False,False,low,No clear pattern matched
2023,ZP-2023-009058,True,False,high,Use: Retail use
2023,ZP-2023-008358,True,False,high,Use: Short-term rental
2023,ZP-2023-005864,True,True,medium,Both: Multi-family use + Parking spaces
2023,ZP-2023-007013,True,True,medium,Both: Change of use + Addition (height/size)
2023,ZP-2023-009945,False,False,low,No clear pattern matched
2023,ZP-2023-010097,True,False,high,Use: Change of use
2023,ZP-2023-009663,False,False,low,No clear pattern matched
2023,ZP-2023-008634,True,False,high,Use: Short-term rental
2023,ZP-2023-005174,False,False,low,No clear pattern matched
2023,ZP-2023-004812,False,False,low,No clear pattern matched
2023,ZP-2023-009456,False,True,medium,Dimensional: Roof deck
2023,ZP-2023-004951,False,False,low,No clear pattern matched
2023,ZP-2023-008969,True,False,high,Use: Multi-family use
2023,ZP-2023-008161,False,True,medium,Dimensional: Parking spaces
2023,ZP-2023-008725,False,False,low,No clear pattern matched
2023,ZP-2023-008260,True,True,medium,Both: Multi-family use + Roof deck
2023,ZP-2023-010176,False,False,low,No clear pattern matched
2023,ZP-2023-004379,False,False,low,No clear pattern matched
2023,ZP-2023-009282,True,False,high,Use: Restaurant use
2023,ZP-2023-007719,True,False,high,Use: Restaurant use
2023,ZP-2023-010166,False,False,low,No clear pattern matched
2023,ZP-2023-008531,True,True,medium,Both: Multi-family use + Roof deck
2023,ZP-2023-009123,True,True,medium,Both: Change of use + Addition (height/size)
2023,ZP-2023-008899,False,False,low,No clear pattern matched
2023,ZP-2023-008900,False,False,low,No clear pattern matched
2023,ZP-2023-009354,False,False,low,No clear pattern matched
2023,ZP-2023-008019,False,False,low,No clear pattern matched
2023,ZP-2023-008020,False,False,low,No clear pattern matched
2023,ZP-2023-005143,False,True,medium,Dimensional: Parking spaces
2023,ZP-2023-008616,False,True,medium,Dimensional: Parking spaces
2023,ZP-2023-008077,False,True,medium,Dimensional: Front yard setback
2023,ZP-2023-007104,False,True,medium,Dimensional: Parking spaces
2023,ZP-2023-009089,False,False,low,No clear pattern matched
2023,ZP-2023-010297,False,False,low,No clear pattern matched
2023,ZP-2023-008996,False,False,low,No clear pattern matched
2023,ZP-2023-008701,True,False,high,Use: Change of use
2023,ZP-2023-010089,True,False,high,Use: Short-term rental
2023,ZP-2023-009087,False,False,low,No clear pattern matched
2023,ZP-2023-008076,False,True,medium,Dimensional: Parking spaces
2023,ZP-2023-010218,True,False,high,Use: Short-term rental
2023,ZP-2023-008162,False,True,medium,Dimensional: Parking spaces
2023,ZP-2023-008308,False,True,medium,Dimensional: Rear yard setback
2023,ZP-2023-010494,True,False,high,Use: Multi-family use
2023,ZP-2023-010127,False,False,low,No clear pattern matched
2023,ZP-2023-008241,True,False,high,Use: Multi-family use
2023,ZP-2023-007944,False,True,medium,Dimensional: Side yard setback
2023,ZP-2023-008543,False,False,low,No clear pattern matched
2023,ZP-2023-010055,True,False,high,Use: Short-term rental
2023,ZP-2023-010057,True,False,high,Use: Short-term rental
2023,ZP-2023-009792,True,False,high,Use: Multi-family use
2023,ZP-2023-010538,False,False,low,No clear pattern matched
2023,ZP-2023-010157,False,False,low,No clear pattern matched
2023,ZP-2023-009685,False,False,low,No clear pattern matched
2023,ZP-2023-008568,False,False,low,No clear pattern matched
2023,ZP-2023-009505,True,False,high,Use: Short-term rental
2023,ZP-2023-010398,False,False,low,No clear pattern matched
2023,ZP-2023-007271,False,False,low,No clear pattern matched
2023,ZP-2023-009835,False,False,low,No clear pattern matched
2023,ZP-2023-007884,False,False,low,No clear pattern matched
2023,ZP-2023-009126,False,True,medium,Dimensional: Parking spaces
2023,ZP-2023-005010,False,False,low,No clear pattern matched
2023,ZP-2023-007062,False,False,low,No clear pattern matched
2023,ZP-2023-009606,False,False,low,No clear pattern matched
2023,ZP-2023-009564,False,False,low,No clear pattern matched
2023,ZP-2023-008734,False,False,low,No clear pattern matched
2023,ZP-2023-009963,False,True,medium,Dimensional: Roof deck
2023,ZP-2023-010562,True,False,high,Use: Retail use
2023,ZP-2023-008946,True,False,high,Use: Change of use
2023,ZP-2023-007263,False,True,medium,Dimensional: Roof deck
2023,ZP-2023-006138,True,True,medium,Both: Multi-family use + Addition (height/size)
2023,ZP-2023-009283,False,False,low,No clear pattern matched
2023,ZP-2023-009306,False,True,medium,Dimensional: Addition (height/size)
2023,ZP-2023-010222,True,False,high,Use: Short-term rental
2023,ZP-2023-009500,True,False,high,Use: Restaurant use
2023,ZP-2023-005529,False,True,medium,Dimensional: Roof deck
2023,ZP-2023-007206,False,False,low,No clear pattern matched
2023,ZP-2023-009838,False,True,medium,Dimensional: Roof deck
2023,ZP-2023-009304,False,True,medium,Dimensional: Front yard setback
2023,ZP-2023-009213,True,True,medium,Both: Multi-family use + Addition (height/size)
2023,ZP-2023-010030,False,False,low,No clear pattern matched
2023,ZP-2023-005296,True,False,high,Use: Office use
2023,ZP-2023-008255,False,True,medium,Dimensional: Addition (height/size)
2023,ZP-2023-007895,False,False,low,No clear pattern matched
2023,ZP-2023-008828,False,False,low,No clear pattern matched
2023,ZP-2023-006740,False,True,medium,Dimensional: Parking spaces
2023,ZP-2023-009441,False,False,low,No clear pattern matched
2023,ZP-2023-010572,True,False,high,Use: Permit for use
2023,ZP-2023-009931,True,False,high,Use: Short-term rental
2023,ZP-2023-009927,True,False,high,Use: Short-term rental
2023,ZP-2023-009408,True,False,high,Use: Short-term rental
2023,ZP-2023-010070,False,False,low,No clear pattern matched
2023,ZP-2023-009155,False,False,low,No clear pattern matched
2023,ZP-2023-007617,False,False,low,No clear pattern matched
2023,ZP-2023-008945,False,True,medium,Dimensional: Roof deck
2023,ZP-2023-008317,True,False,high,Use: Multi-family use
2023,ZP-2023-006029,True,False,high,Use: Multi-family use
2023,ZP-2023-009951,False,False,low,No clear pattern matched
2023,ZP-2023-008831,False,True,medium,Dimensional: Addition (height/size)
2023,ZP-2023-003414,False,True,medium,Dimensional: Addition (height/size)
2023,ZP-2023-008601,False,False,low,No clear pattern matched
2023,ZP-2023-003206,False,True,medium,Dimensional: Parking spaces
2023,ZP-2023-007272,False,False,low,No clear pattern matched
2023,ZP-2023-007101,False,True,medium,Dimensional: Lot line (lot size)
2023,ZP-2023-007345,True,True,medium,Both: Multi-family use + Roof deck
2023,ZP-2023-007694,False,False,low,No clear pattern matched
2023,ZP-2023-009742,True,False,high,Use: Office use
2023,ZP-2023-003361,False,False,low,No clear pattern matched
2023,ZP-2023-009677,True,False,high,Use: Office use
2023,ZP-2023-009191,True,False,high,Use: Commercial use
2023,ZP-2023-008245,True,False,high,Use: Childcare use
2023,ZP-2023-007221,True,True,medium,Both: Change of use + Open space
2023,ZP-2023-011270,True,False,high,Use: Multi-family use
2023,ZP-2023-011273,False,False,low,No clear pattern matched
2023,ZP-2023-010102,False,True,medium,Dimensional: Addition (height/size)
2023,ZP-2023-007243,False,False,low,No clear pattern matched
2023,ZP-2023-010662,True,False,high,Use: Permit for use
2023,ZP-2023-006769,False,True,medium,Dimensional: Parking spaces
2023,ZP-2023-010501,True,False,high,Use: Short-term rental
2023,ZP-2023-008767,True,False,high,Use: Multi-family use
2023,ZP-2023-011269,False,False,low,No clear pattern matched
2023,ZP-2023-011095,True,False,high,Use: Short-term rental
2023,ZP-2023-010095,False,False,low,No clear pattern matched
2023,ZP-2023-010412,True,False,high,Use: Office use
2023,ZP-2023-008049,False,True,medium,Dimensional: Parking spaces
2023,ZP-2023-009736,True,False,high,Use: Short-term rental
2023,ZP-2023-010481,False,True,medium,Dimensional: Parking spaces
2023,ZP-2023-009917,True,False,high,Use: Short-term rental
2023,ZP-2023-010622,True,False,high,Use: Short-term rental
2023,ZP-2023-011266,False,False,low,No clear pattern matched
2023,ZP-2023-010063,False,False,low,No clear pattern matched
2023,ZP-2023-011383,True,False,high,Use: Short-term rental
2023,ZP-2023-006870,True,False,high,Use: Multi-family use
2023,ZP-2023-010962,False,False,low,No clear pattern matched
2023,ZP-2023-009643,False,False,low,No clear pattern matched
2023,HA-2023-004486,False,False,low,No clear pattern matched
2023,ZP-2023-010807,False,False,low,No clear pattern matched
2023,ZP-2023-010534,False,False,low,No clear pattern matched
2023,ZP-2023-011097,True,False,high,Use: Short-term rental
2023,ZP-2023-011255,True,False,high,Use: Multi-family use
2023,ZP-2023-011118,False,False,low,No clear pattern matched
2023,ZP-2023-011068,True,False,high,Use: Multi-family use
2023,ZP-2023-008762,False,False,low,No clear pattern matched
2023,ZP-2023-008754,False,False,low,No clear pattern matched
2023,ZP-2023-011063,True,True,medium,Both: Multi-family use + Roof deck
2023,ZP-2023-009086,True,False,high,Use: Short-term rental
2023,ZP-2023-011000,False,False,low,No clear pattern matched
2023,ZP-2023-010367,False,False,low,No clear pattern matched
2023,ZP-2023-011341,False,False,low,No clear pattern matched
2023,ZP-2023-011710,False,False,low,No clear pattern matched
2023,ZP-2023-005068,True,True,medium,Both: Office use + Parking spaces
2023,ZP-2023-008140,False,False,low,No clear pattern matched
2023,ZP-2023-009861,True,False,high,Use: Business use
2023,ZP-2023-011866,True,False,high,Use: Childcare use
2023,HA-2023-004557,False,False,low,No clear pattern matched
2023,HA-2023-004564,False,False,low,No clear pattern matched
2023,ZP-2023-010492,True,False,high,Use: Short-term rental
2023,ZP-2023-010608,True,False,high,Use: Multi-family use
2023,ZP-2023-011664,False,False,low,No clear pattern matched
2023,ZP-2023-010228,False,False,low,No clear pattern matched
2023,ZP-2023-011401,False,False,low,No clear pattern matched
2023,ZP-2023-007797,False,False,low,No clear pattern matched
2023,ZP-2023-011602,False,False,low,No clear pattern matched
2023,ZP-2023-010924,True,False,high,Use: Restaurant use
2023,ZP-2023-008908,True,True,medium,Both: Restaurant use + Addition (height/size)
2023,ZP-2023-011386,True,False,high,Use: Multi-family use
2023,ZP-2023-010833,False,False,low,No clear pattern matched
2023,ZP-2023-003449,False,True,medium,Dimensional: Parking spaces
2023,ZP-2023-011208,False,False,low,No clear pattern matched
2023,ZP-2023-009421,False,False,low,No clear pattern matched
2023,ZP-2023-011389,False,True,medium,Dimensional: Roof deck
2023,ZP-2023-010992,False,True,medium,Dimensional: Parking spaces
2023,ZP-2023-010845,True,True,medium,Both: Multi-family use + Parking spaces
2023,ZP-2023-011112,False,False,low,No clear pattern matched
2023,ZP-2023-009428,True,False,high,Use: Childcare use
2023,ZP-2023-010778,True,True,medium,Both: Multi-family use + Roof deck
2023,ZP-2023-011844,False,False,low,No clear pattern matched
2023,ZP-2023-002748,False,True,medium,Dimensional: Roof deck
2023,ZP-2023-010184,True,True,medium,Both: Change of use + Addition (height/size)
2023,ZP-2023-006317,True,True,medium,Both: Multi-family use + Lot line (lot size)
2023,ZP-2023-012044,False,False,low,No clear pattern matched
2023,ZP-2023-011633,True,False,high,Use: Multi-family use
2023,ZP-2023-011679,True,True,medium,Both: Multi-family use + Roof deck
2023,ZP-2023-010439,False,False,low,No clear pattern matched
2023,ZP-2023-009883,True,False,high,Use: Restaurant use
2023,ZP-2023-011643,True,False,high,Use: Short-term rental
2023,ZP-2023-010752,False,True,medium,Dimensional: Parking spaces
2023,ZP-2023-010876,True,False,high,Use: Office use
2023,ZP-2023-010444,True,False,high,Use: Retail use
2023,ZP-2023-010359,True,False,high,Use: Childcare use
2023,ZP-2023-010251,True,True,medium,Both: Multi-family use + Roof deck
2023,ZP-2023-010674,True,True,medium,Both: Multi-family use + Roof deck
2023,ZP-2023-010257,True,False,high,Use: Short-term rental
2023,ZP-2023-010062,True,False,high,Use: Short-term rental
2023,ZP-2023-012392,False,False,low,No clear pattern matched
2023,ZP-2023-011117,False,False,low,No clear pattern matched
2023,ZP-2023-010111,False,True,medium,Dimensional: Parking spaces
2023,ZP-2023-012300,False,False,low,No clear pattern matched
2023,ZP-2023-011490,True,False,high,Use: Retail use
2023,ZP-2023-008999,False,False,low,No clear pattern matched
2023,ZP-2023-011434,False,False,low,No clear pattern matched
2023,ZP-2023-003656,False,True,medium,Dimensional: Addition (height/size)
2023,ZP-2023-011935,False,True,medium,Dimensional: Roof deck
2023,ZP-2023-010174,False,False,low,No clear pattern matched
2023,ZP-2023-007955,True,True,medium,Both: Multi-family use + Rear yard setback
2023,ZP-2023-012081,False,False,low,No clear pattern matched
2023,ZP-2023-011251,False,False,low,No clear pattern matched
2023,ZP-2023-008793,False,True,medium,Dimensional: Addition (height/size)
2023,ZP-2023-009791,False,False,low,No clear pattern matched
2023,ZP-2023-011648,False,True,medium,Dimensional: Parking spaces
2023,ZP-2023-009023,True,True,medium,Both: Multi-family use + Parking spaces
2023,ZP-2023-007735,True,True,medium,Both: Multi-family use + Parking spaces
2023,ZP-2023-011127,True,False,high,Use: Business use
2023,ZP-2023-008135,False,False,low,No clear pattern matched
2023,ZP-2023-011217,False,False,low,No clear pattern matched
2023,ZP-2023-011513,False,False,low,No clear pattern matched
2023,ZP-2023-011514,False,False,low,No clear pattern matched
2023,ZP-2023-008291,False,True,medium,Dimensional: Addition (height/size)
2023,ZP-2023-012005,False,False,low,No clear pattern matched
2023,ZP-2023-007914,True,False,high,Use: Change of use
2023,ZP-2023-006247,False,True,medium,Dimensional: Roof deck
2023,ZP-2023-012553,True,False,high,Use: Short-term rental
2023,ZP-2023-012425,True,False,high,Use: Short-term rental
2023,ZP-2023-005434,False,False,low,No clear pattern matched
2023,ZP-2023-005880,True,True,medium,Both: Change of use + Lot line (lot size)
2023,ZP-2023-012829,False,False,low,No clear pattern matched
2023,ZP-2023-008251,False,False,low,No clear pattern matched
2023,ZP-2023-012125,True,True,medium,Both: Multi-family use + Roof deck
2023,ZP-2023-012505,False,False,low,No clear pattern matched
2023,ZP-2023-012504,True,False,high,Use: Short-term rental
2023,ZP-2023-008532,False,False,low,No clear pattern matched
2023,ZP-2023-011702,False,False,low,No clear pattern matched
2023,ZP-2023-012390,False,False,low,No clear pattern matched
2023,ZP-2023-011681,True,True,medium,Both: Multi-family use + Addition (height/size)
2023,ZP-2023-010143,False,False,low,No clear pattern matched
2023,ZP-2023-011889,False,True,medium,Dimensional: Addition (height/size)
2023,ZP-2023-009814,False,False,low,No clear pattern matched
2023,ZP-2023-008185,False,True,medium,Dimensional: Lot line (lot size)
2023,ZP-2023-012043,False,False,low,No clear pattern matched
2023,ZP-2023-012764,False,True,medium,Dimensional: Roof deck
2023,ZP-2023-012842,False,False,low,No clear pattern matched
2023,ZP-2023-009218,False,False,low,No clear pattern matched
2023,ZP-2023-010383,False,False,low,No clear pattern matched
2023,ZP-2023-006629,True,True,medium,Both: Multi-family use + Addition (height/size)
2023,ZP-2023-010442,False,False,low,No clear pattern matched
2023,ZP-2023-011706,False,True,medium,Dimensional: Parking spaces
2023,ZP-2023-011380,False,False,low,No clear pattern matched
2023,ZP-2023-012806,False,False,low,No clear pattern matched
2023,ZP-2023-012371,False,False,low,No clear pattern matched
2023,ZP-2023-012698,False,False,low,No clear pattern matched
2023,ZP-2023-012038,False,False,low,No clear pattern matched
2023,ZP-2023-011876,True,False,high,Use: Multi-family use
2023,ZP-2023-012066,True,False,high,Use: Multi-family use
2023,ZP-2023-011113,False,False,low,No clear pattern matched
2023,ZP-2023-012065,False,False,low,No clear pattern matched
2023,ZP-2023-011878,False,False,low,No clear pattern matched
2023,ZP-2023-012064,True,False,high,Use: Multi-family use
2023,ZP-2023-008666,False,False,low,No clear pattern matched
2023,ZP-2023-010998,False,False,low,No clear pattern matched
2023,ZP-2023-011516,True,False,high,Use: Multi-family use
2023,ZP-2023-011817,True,False,high,Use: Multi-family use
2023,ZP-2023-011615,False,False,low,No clear pattern matched
2023,ZP-2023-012424,True,False,high,Use: Retail use
2023,ZP-2023-009886,False,False,low,No clear pattern matched
2023,ZP-2023-009562,False,True,medium,Dimensional: Addition (height/size)
2023,ZP-2023-011726,False,False,low,No clear pattern matched
2023,ZP-2023-012987,False,False,low,No clear pattern matched
2023,ZP-2023-011991,True,True,medium,Both: Multi-family use + Roof deck
2023,ZP-2023-008947,False,True,medium,Dimensional: Addition (height/size)
2023,ZP-2023-012825,True,False,high,Use: Multi-family use
2023,ZP-2023-013166,False,False,low,No clear pattern matched
2023,ZP-2023-011239,False,False,low,No clear pattern matched
2023,ZP-2023-008836,True,True,medium,Both: Multi-family use + Roof deck
2023,ZP-2023-011853,False,False,low,No clear pattern matched
2023,ZP-2023-007217,False,True,medium,Dimensional: Rear yard setback
2023,ZP-2023-010598,False,True,medium,Dimensional: Roof deck
2023,ZP-2023-012581,False,False,low,No clear pattern matched
2023,ZP-2023-012501,False,False,low,No clear pattern matched
2023,ZP-2023-012949,False,False,low,No clear pattern matched
2023,ZP-2023-012989,True,False,high,Use: Restaurant/bar
2023,ZP-2023-007374,False,False,low,No clear pattern matched
2023,ZP-2023-011936,False,True,medium,Dimensional: Roof deck
2023,ZP-2023-012126,False,True,medium,Dimensional: Roof deck
2023,ZP-2023-013046,False,False,low,No clear pattern matched
2023,ZP-2023-012403,True,False,high,Use: Short-term rental
2023,ZP-2023-012472,True,False,high,Use: Short-term rental
2023,ZP-2023-012202,True,False,high,Use: Multi-family use
2023,HA-2023-005176,False,False,low,No clear pattern matched
2023,ZP-2023-011527,False,True,medium,Dimensional: Parking spaces
2023,ZP-2023-012635,False,False,low,No clear pattern matched
2023,ZP-2023-013099,True,False,high,Use: Multi-family use
2023,ZP-2023-011803,False,False,low,No clear pattern matched
2023,ZP-2023-012708,False,False,low,No clear pattern matched
2023,ZP-2023-012570,False,True,medium,Dimensional: Addition (height/size)
2023,ZP-2023-010109,False,False,low,No clear pattern matched
2023,ZP-2023-005427,False,True,medium,Dimensional: Parking spaces
2023,ZP-2023-009384,True,False,high,Use: Multi-family use
2023,ZP-2023-013303,False,False,low,No clear pattern matched
2023,ZP-2023-011300,False,False,low,No clear pattern matched
2023,ZP-2023-012487,False,True,medium,Dimensional: Roof deck
2023,ZP-2023-013581,False,True,medium,Dimensional: Roof deck
2023,ZP-2023-013423,True,False,high,Use: Restaurant use
2023,ZP-2023-005538,False,False,low,No clear pattern matched
2023,ZP-2023-013442,False,True,medium,Dimensional: Roof deck
2023,ZP-2023-012701,False,False,low,No clear pattern matched
2023,ZP-2023-012008,False,False,low,No clear pattern matched
2023,HA-2023-005307,False,False,low,No clear pattern matched
2023,HA-2023-005308,True,False,high,Use: Multi-family use
2023,ZP-2023-013022,False,False,low,No clear pattern matched
2023,ZP-2023-013481,False,False,low,No clear pattern matched
2023,ZP-2023-010886,True,True,medium,Both: Restaurant use + Parking spaces
2023,ZP-2023-008975,True,False,high,Use: Change of use
2023,ZP-2023-006935,False,False,low,No clear pattern matched
2023,ZP-2023-010303,True,True,medium,Both: Multi-family use + Lot line (lot size)
2023,ZP-2023-012180,False,True,medium,Dimensional: Parking spaces
2023,ZP-2023-012500,True,False,high,Use: Multi-family use
2023,ZP-2023-012854,True,False,high,Use: Restaurant use
2023,ZP-2023-012332,False,False,low,No clear pattern matched
2023,ZP-2023-007476,False,False,low,No clear pattern matched
2024,ZP-2023-012857,True,False,high,Use: Restaurant use
2024,ZP-2023-012793,False,True,medium,Dimensional: Roof deck
2024,ZP-2023-012706,False,True,medium,Dimensional: Roof deck
2024,ZP-2023-013816,False,False,low,No clear pattern matched
2024,ZP-2023-013822,False,False,low,No clear pattern matched
2024,ZP-2023-012699,True,False,high,Use: Multi-family use
2024,ZP-2023-013380,True,False,high,Use: Short-term rental
2024,ZP-2023-012946,False,True,medium,Dimensional: Roof deck
2024,ZP-2023-011578,False,True,medium,Dimensional: Roof deck
2024,ZP-2023-013450,False,False,low,No clear pattern matched
2024,ZP-2023-013560,True,False,high,Use: Multi-family use
2024,ZP-2023-011230,False,True,medium,Dimensional: Roof deck
2024,ZP-2023-013069,True,False,high,Use: Multi-family use
2024,ZP-2024-000040,False,False,low,No clear pattern matched
2024,ZP-2023-008082,False,True,medium,Dimensional: Parking spaces
2024,ZP-2023-013526,True,False,high,Use: Short-term rental
2024,ZP-2023-011420,False,True,medium,Dimensional: Open space
2024,ZP-2023-010977,True,True,medium,Both: Multi-family use + Parking spaces
2024,ZP-2023-012845,False,False,low,No clear pattern matched
2024,ZP-2024-000043,False,False,low,No clear pattern matched
2024,ZP-2023-005259,False,True,medium,Dimensional: Parking spaces
2024,ZP-2023-013350,False,True,medium,Dimensional: Addition (height/size)
2024,ZP-2023-013433,True,False,high,Use: Multi-family use
2024,ZP-2023-014014,False,False,low,No clear pattern matched
2024,ZP-2023-011971,True,True,medium,Both: Short-term rental + Addition (height/size)
2024,ZP-2023-012037,False,False,low,No clear pattern matched
2024,ZP-2023-013831,True,False,high,Use: Multi-family use
2024,ZP-2023-010901,False,True,medium,Dimensional: Addition (height/size)
2024,ZP-2023-013561,False,False,low,No clear pattern matched
2024,ZP-2023-014002,False,False,low,No clear pattern matched
2024,ZP-2023-013718,False,False,low,No clear pattern matched
2024,ZP-2023-013447,False,False,low,No clear pattern matched
2024,HA-2024-000226,False,True,medium,Dimensional: Parking spaces
2024,ZP-2023-005347,True,True,medium,Both: Multi-family use + Roof deck
2024,ZP-2023-005066,True,True,medium,Both: Multi-family use + Roof deck
2024,ZP-2023-012480,True,False,high,Use: Short-term rental
2024,ZP-2023-013057,False,False,low,No clear pattern matched
2024,ZP-2023-012383,False,True,medium,Dimensional: Addition (height/size)
2024,ZP-2023-013571,False,True,medium,Dimensional: Roof deck
2024,ZP-2023-010453,False,False,low,No clear pattern matched
2024,ZP-2023-013219,False,False,low,No clear pattern matched
2024,ZP-2023-013126,True,False,high,Use: Restaurant use
2024,ZP-2023-012439,True,True,medium,Both: Change of use + Addition (height/size)
2024,ZP-2023-013621,False,False,low,No clear pattern matched
2024,ZP-2023-013637,True,False,high,Use: Restaurant use
2024,ZP-2023-013192,True,False,high,Use: Restaurant use
2024,ZP-2023-013717,True,True,medium,Both: Change of use + Roof deck
2024,HA-2024-000271,False,True,medium,Dimensional: Lot area
2024,ZP-2023-012323,True,True,medium,Both: Multi-family use + Parking spaces
2024,ZP-2023-013205,False,False,low,No clear pattern matched
2024,ZP-2023-013220,False,False,low,No clear pattern matched
2024,ZP-2023-013218,False,False,low,No clear pattern matched
2024,ZP-2023-013193,False,False,low,No clear pattern matched
2024,ZP-2023-013463,True,False,high,Use: Multi-family use
2024,ZP-2024-000017,True,False,high,Use: Restaurant use
2024,ZP-2023-013338,True,False,high,Use: Short-term rental
2024,ZP-2024-000737,False,False,low,No clear pattern matched
2024,ZP-2024-000567,False,False,low,No clear pattern matched
2024,ZP-2024-000074,False,False,low,No clear pattern matched
2024,ZP-2023-013513,False,False,low,No clear pattern matched
2024,ZP-2023-008722,False,False,low,No clear pattern matched
2024,ZP-2024-000227,False,False,low,No clear pattern matched
2024,ZP-2023-012385,False,True,medium,Dimensional: Roof deck
2024,ZP-2024-000829,False,True,medium,Dimensional: Parking spaces
2024,ZP-2023-013237,False,False,low,No clear pattern matched
2024,ZP-2024-000429,False,False,low,No clear pattern matched
2024,ZP-2024-000895,True,False,high,Use: Multi-family use
2024,ZP-2023-013476,False,False,low,No clear pattern matched
2024,ZP-2024-000713,False,False,low,No clear pattern matched
2024,HA-2024-000461,False,False,low,No clear pattern matched
2024,ZP-2023-012212,True,True,medium,Both: Office use + Addition (height/size)
2024,HA-2024-000462,False,False,low,No clear pattern matched
2024,ZP-2024-000423,True,False,high,Use: Office use
2024,ZP-2024-000131,True,True,medium,Both: Office use + Roof deck
2024,ZP-2023-009460,False,False,low,No clear pattern matched
2024,ZP-2023-012071,False,True,medium,Dimensional: Parking spaces
2024,ZP-2024-000037,False,True,medium,Dimensional: Parking spaces
2024,ZP-2023-007056,False,False,low,No clear pattern matched
2024,ZP-2023-013141,False,False,low,No clear pattern matched
2024,ZP-2023-012834,False,False,low,No clear pattern matched
2024,ZP-2024-001170,True,False,high,Use: Short-term rental
2024,ZP-2024-000336,True,False,high,Use: Retail use
2024,ZP-2024-000670,True,False,high,Use: Multi-family use
2024,ZP-2023-012389,True,True,medium,Both: Multi-family use + Roof deck
2024,ZP-2024-000805,False,False,low,No clear pattern matched
2024,ZP-2024-001118,True,False,high,Use: Short-term rental
2024,ZP-2023-013317,True,True,medium,Both: Multi-family use + Parking spaces
2024,ZP-2023-010068,False,False,low,No clear pattern matched
2024,ZP-2023-011148,True,False,high,Use: Multi-family use
2024,ZP-2024-000471,False,True,medium,Dimensional: Addition (height/size)
2024,ZP-2023-013999,False,False,low,No clear pattern matched
2024,ZP-2024-000368,False,False,low,No clear pattern matched
2024,ZP-2024-000840,True,True,medium,Both: Multi-family use + Parking spaces
2024,ZP-2024-000656,True,True,medium,Both: Multi-family use + Parking spaces
2024,ZP-2023-011237,False,True,medium,Dimensional: Roof deck
2024,ZP-2023-013734,False,False,low,No clear pattern matched
2024,HA-2024-000572,False,False,low,No clear pattern matched
2024,ZP-2024-000079,False,True,medium,Dimensional: Parking spaces
2024,ZP-2023-011728,False,True,medium,Dimensional: Addition (height/size)
2024,ZP-2023-010942,True,True,medium,Both: Multi-family use + Addition (height/size)
2024,ZP-2023-005512,True,True,medium,Both: Multi-family use + Parking spaces
2024,ZP-2023-013067,False,False,low,No clear pattern matched
2024,ZP-2023-013576,True,False,high,Use: Permit for use
2024,ZP-2024-001028,False,False,low,No clear pattern matched
2024,ZP-2024-000939,False,True,medium,Dimensional: Addition (height/size)
2024,ZP-2024-000435,False,True,medium,Dimensional: Roof deck
2024,ZP-2023-008388,False,True,medium,Dimensional: Side yard setback
2024,ZP-2024-001448,True,False,high,Use: Restaurant use
2024,ZP-2023-013222,True,False,high,Use: Multi-family use
2024,ZP-2023-011658,False,True,medium,Dimensional: Addition (height/size)
2024,ZP-2024-000738,True,False,high,Use: Multi-family use
2024,ZP-2023-009054,False,False,low,No clear pattern matched
2024,ZP-2023-013969,True,False,high,Use: Commercial use
2024,ZP-2023-013940,True,False,high,Use: Multi-family use
2024,ZP-2024-001235,False,False,low,No clear pattern matched
2024,ZP-2024-001236,False,False,low,No clear pattern matched
2024,ZP-2024-001237,False,False,low,No clear pattern matched
2024,ZP-2024-001580,False,False,low,No clear pattern matched
2024,ZP-2024-000198,False,False,low,No clear pattern matched
2024,ZP-2023-012652,True,False,high,Use: Multi-family use
2024,ZP-2024-000952,True,False,high,Use: Short-term rental
2024,ZP-2024-000953,True,False,high,Use: Short-term rental
2024,ZP-2024-001407,False,False,low,No clear pattern matched
2024,ZP-2023-013582,False,False,low,No clear pattern matched
2024,ZP-2024-000351,False,False,low,No clear pattern matched
2024,ZP-2023-013321,False,True,medium,Dimensional: Addition (height/size)
2024,ZP-2024-001238,False,False,low,No clear pattern matched
2024,ZP-2024-001240,False,False,low,No clear pattern matched
2024,ZP-2024-000583,False,False,low,No clear pattern matched
2024,ZP-2024-000589,False,True,medium,Dimensional: Parking spaces
2024,ZP-2024-000591,False,True,medium,Dimensional: Parking spaces
2024,ZP-2024-000538,False,False,low,No clear pattern matched
2024,ZP-2024-000539,False,False,low,No clear pattern matched
2024,ZP-2024-000592,False,True,medium,Dimensional: Parking spaces
2024,ZP-2024-000010,False,True,medium,Dimensional: Addition (height/size)
2024,ZP-2023-013531,True,True,medium,Both: Multi-family use + Parking spaces
2024,ZP-2023-004220,False,True,medium,Dimensional: Addition (height/size)
2024,ZP-2024-001832,True,False,high,Use: Permit for use
2024,ZP-2023-009698,False,True,medium,Dimensional: Addition (height/size)
2024,ZP-2024-000848,True,True,medium,Both: Change of use + Lot line (lot size)
2024,ZP-2024-000603,False,False,low,No clear pattern matched
2024,ZP-2024-000859,True,False,high,Use: Multi-family use
2024,ZP-2024-001937,False,False,low,No clear pattern matched
2024,ZP-2024-001179,False,False,low,No clear pattern matched
2024,ZP-2024-000954,True,False,high,Use: Short-term rental
2024,ZP-2023-014032,True,False,high,Use: Multi-family use
2024,ZP-2024-001198,False,False,low,No clear pattern matched
2024,HA-2024-000831,False,False,low,No clear pattern matched
2024,ZP-2024-001539,False,False,low,No clear pattern matched
2024,HA-2024-000837,True,False,high,Use: Restaurant use
2024,HA-2024-000839,False,False,low,No clear pattern matched
2024,ZP-2023-011253,False,False,low,No clear pattern matched
2024,HA-2024-000843,True,False,high,Use: Multi-family use
2024,ZP-2024-000331,False,True,medium,Dimensional: Addition (height/size)
2024,ZP-2024-000630,True,False,high,Use: Office use
2024,ZP-2024-001117,False,False,low,No clear pattern matched
2024,ZP-2024-001339,True,True,medium,Both: Multi-family use + Addition (height/size)
2024,ZP-2024-001584,False,False,low,No clear pattern matched
2024,ZP-2024-001175,True,False,high,Use: Multi-family use
2024,ZP-2024-001400,True,False,high,Use: Office use
2024,ZP-2024-001251,False,False,low,No clear pattern matched
2024,ZP-2024-000025,False,False,low,No clear pattern matched
2024,ZP-2023-013909,False,False,low,No clear pattern matched
2024,ZP-2024-001035,False,False,low,No clear pattern matched
2024,ZP-2024-002117,False,False,low,No clear pattern matched
2024,ZP-2024-001051,False,False,low,No clear pattern matched
2024,ZP-2024-000095,False,True,medium,Dimensional: Addition (height/size)
2024,ZP-2024-001765,True,False,high,Use: Short-term rental
2024,ZP-2024-000516,False,False,low,No clear pattern matched
2024,ZP-2023-000187,False,False,low,No clear pattern matched
2024,ZP-2024-000994,False,True,medium,Dimensional: Parking spaces
2024,ZP-2024-001221,False,True,medium,Dimensional: Roof deck
2024,ZP-2024-000440,True,False,high,Use: Multi-family use
2024,ZP-2024-000407,False,False,low,No clear pattern matched
2024,ZP-2024-001670,True,False,high,Use: Short-term rental
2024,ZP-2024-002094,False,False,low,No clear pattern matched
2024,ZP-2024-001516,False,False,low,No clear pattern matched
2024,ZP-2024-001604,False,False,low,No clear pattern matched
2024,ZP-2024-001281,True,False,high,Use: Short-term rental
2024,ZP-2024-001264,False,True,medium,Dimensional: Roof deck
2024,ZP-2024-001266,False,True,medium,Dimensional: Roof deck
2024,ZP-2024-001391,True,False,high,Use: Multi-family use
2024,ZP-2024-001845,False,False,low,No clear pattern matched
2024,ZP-2023-013294,True,False,high,Use: Short-term rental
2024,ZP-2024-002315,True,False,high,Use: Commercial use
2024,ZP-2024-000938,False,False,low,No clear pattern matched
2024,ZP-2024-000707,False,True,medium,Dimensional: Roof deck
2024,ZP-2023-001670,False,False,low,No clear pattern matched
2024,ZP-2023-013279,False,False,low,No clear pattern matched
2024,ZP-2023-013280,False,False,low,No clear pattern matched
2024,ZP-2023-010355,True,True,medium,Both: Multi-family use + Parking spaces
2024,ZP-2023-010357,False,True,medium,Dimensional: Roof deck
2024,ZP-2024-001302,False,True,medium,Dimensional: Roof deck
2024,ZP-2024-001299,False,True,medium,Dimensional: Roof deck
2024,ZP-2024-002141,False,False,low,No clear pattern matched
2024,ZP-2024-000489,False,True,medium,Dimensional: Addition (height/size)
2024,ZP-2024-000834,False,False,low,No clear pattern matched
2024,ZP-2024-001460,False,False,low,No clear pattern matched
2024,ZP-2024-002059,True,False,high,Use: Multi-family use
2024,ZP-2024-002505,False,False,low,No clear pattern matched
2024,ZP-2024-002162,False,False,low,No clear pattern matched
2024,ZP-2023-013845,False,True,medium,Dimensional: Parking spaces
2024,HA-2024-001020,False,False,low,No clear pattern matched
2024,ZP-2023-013472,False,False,low,No clear pattern matched
2024,ZP-2024-002490,True,False,high,Use: School use
2024,ZP-2024-001465,True,False,high,Use: Multi-family use
2024,ZP-2023-011665,False,True,medium,Dimensional: Addition (height/size)
2024,ZP-2023-013817,False,False,low,No clear pattern matched
2024,ZP-2024-002219,False,False,low,No clear pattern matched
2024,ZP-2024-001708,False,False,low,No clear pattern matched
2024,ZP-2024-000913,False,False,low,No clear pattern matched
2024,ZP-2024-002356,True,False,high,Use: Multi-family use
2024,ZP-2024-001389,False,False,low,No clear pattern matched
2024,ZP-2024-002114,False,False,low,No clear pattern matched
2024,ZP-2024-002116,False,False,low,No clear pattern matched
2024,ZP-2024-001892,True,False,high,Use: Restaurant use
2024,ZP-2024-002782,False,False,low,No clear pattern matched
2024,ZP-2024-001464,True,True,medium,Both: Multi-family use + Addition (height/size)
2024,ZP-2023-013323,False,False,low,No clear pattern matched
2024,ZP-2024-001967,False,True,medium,Dimensional: Parking spaces
2024,ZP-2023-013532,False,True,medium,Dimensional: Parking spaces
2024,ZP-2024-001211,True,True,medium,Both: Multi-family use + Roof deck
2024,ZP-2024-002543,False,False,low,No clear pattern matched
2024,ZP-2024-001185,False,False,low,No clear pattern matched
2024,ZP-2024-001390,True,False,high,Use: Childcare use
2024,ZP-2023-012284,False,True,medium,Dimensional: Addition (height/size)
2024,ZP-2024-000629,False,True,medium,Dimensional: Roof deck
2024,ZP-2023-013912,False,False,low,No clear pattern matched
2024,ZP-2024-001255,True,True,medium,Both: Multi-family use + Parking spaces
2024,ZP-2024-001267,True,False,high,Use: Business use
2024,ZP-2024-001461,True,False,high,Use: Retail use
2024,ZP-2024-000758,True,True,medium,Both: Multi-family use + Addition (height/size)
2024,ZP-2024-003164,False,True,medium,Dimensional: Parking spaces
2024,ZP-2024-001597,False,False,low,No clear pattern matched
2024,ZP-2024-002387,False,False,low,No clear pattern matched
2024,ZP-2024-003015,False,False,low,No clear pattern matched
2024,ZP-2024-003031,False,False,low,No clear pattern matched
2024,ZP-2024-002312,False,False,low,No clear pattern matched
2024,ZP-2024-002427,False,True,medium,Dimensional: Lot line (lot size)
2024,ZP-2024-001605,True,False,high,Use: Permit for use
2024,ZP-2024-001606,True,False,high,Use: Permit for use
2024,ZP-2024-001607,True,False,high,Use: Permit for use
2024,ZP-2023-012360,False,True,medium,Dimensional: Parking spaces
2024,ZP-2024-000433,False,True,medium,Dimensional: Rear yard setback
2024,ZP-2024-002935,True,False,high,Use: Retail use
2024,ZP-2024-000069,False,False,low,No clear pattern matched
2024,ZP-2024-002280,False,False,low,No clear pattern matched
2024,ZP-2023-012743,False,True,medium,Dimensional: Parking spaces
2024,ZP-2024-001183,False,False,low,No clear pattern matched
2024,ZP-2024-000808,False,True,medium,Dimensional: Parking spaces
2024,ZP-2023-011320,True,True,medium,Both: Commercial use + Roof deck
2024,ZP-2024-003238,False,False,low,No clear pattern matched
2024,ZP-2023-005447,False,False,low,No clear pattern matched
2024,ZP-2024-002801,True,False,high,Use: Change of use
2024,ZP-2024-003098,False,False,low,No clear pattern matched
2024,ZP-2024-002452,True,False,high,Use: Multi-family use
2024,ZP-2023-013281,False,False,low,No clear pattern matched
2024,ZP-2024-003198,True,False,high,Use: Restaurant use
2024,ZP-2024-003016,False,False,low,No clear pattern matched
2024,ZP-2024-001268,False,False,low,No clear pattern matched
2024,ZP-2024-002180,False,False,low,No clear pattern matched
2024,HA-2024-001312,False,False,low,No clear pattern matched
2024,HA-2024-001314,False,False,low,No clear pattern matched
2024,ZP-2024-002662,False,False,low,No clear pattern matched
2024,ZP-2024-002632,False,False,low,No clear pattern matched
2024,ZP-2024-002635,False,False,low,No clear pattern matched
2024,ZP-2024-002637,False,False,low,No clear pattern matched
2024,ZP-2024-002638,False,False,low,No clear pattern matched
2024,ZP-2024-002639,True,False,high,Use: Multi-family use
2024,ZP-2024-002634,False,False,low,No clear pattern matched
2024,ZP-2024-002630,False,False,low,No clear pattern matched
2024,ZP-2024-002631,False,False,low,No clear pattern matched
2024,ZP-2024-002633,False,False,low,No clear pattern matched
2024,ZP-2024-002636,False,False,low,No clear pattern matched
2024,ZP-2024-003142,True,False,high,Use: Permit for use
2024,ZP-2024-002073,False,False,low,No clear pattern matched
2024,ZP-2024-000393,True,True,medium,Both: Multi-family use + Addition (height/size)
2024,ZP-2024-002710,False,False,low,No clear pattern matched
2024,ZP-2024-001731,True,False,high,Use: Multi-family use
2024,ZP-2024-003383,True,False,high,Use: Office use
2024,ZP-2023-008544,False,True,medium,Dimensional: Parking spaces
2024,ZP-2024-001477,True,False,high,Use: Change of use
2024,ZP-2024-000686,False,False,low,No clear pattern matched
2024,ZP-2024-003146,False,False,low,No clear pattern matched
2024,ZP-2024-003690,True,False,high,Use: Multi-family use
2024,ZP-2024-001252,False,False,low,No clear pattern matched
2024,ZP-2024-002591,True,False,high,Use: Short-term rental
2024,ZP-2023-013882,False,False,low,No clear pattern matched
2024,ZP-2023-013142,False,False,low,No clear pattern matched
2024,ZP-2024-002200,True,False,high,Use: Multi-family use
2024,ZP-2024-002189,False,True,medium,Dimensional: Lot line (lot size)
2024,ZP-2024-000141,True,False,high,Use: Permit for use
2024,ZP-2024-003161,True,False,high,Use: Change of use
2024,ZP-2023-013382,False,False,low,No clear pattern matched
2024,ZP-2024-003108,True,False,high,Use: Multi-family use
2024,HA-2024-001378,False,False,low,No clear pattern matched
2024,ZP-2024-003529,True,False,high,Use: Restaurant use
2024,ZP-2024-003055,True,True,medium,Both: Multi-family use + Roof deck
2024,ZP-2024-002707,False,True,medium,Dimensional: Roof deck
2024,ZP-2024-001859,False,False,low,No clear pattern matched
2024,ZP-2024-000605,False,True,medium,Dimensional: Lot line (lot size)
2024,ZP-2024-000537,False,False,low,No clear pattern matched
2024,ZP-2024-002512,False,False,low,No clear pattern matched
2024,ZP-2023-011627,False,True,medium,Dimensional: Parking spaces
2024,ZP-2024-002511,False,False,low,No clear pattern matched
2024,ZP-2024-001496,True,True,medium,Both: Multi-family use + Addition (height/size)
2024,ZP-2024-003018,False,False,low,No clear pattern matched
2024,ZP-2024-002657,False,False,low,No clear pattern matched
2024,ZP-2023-013916,False,True,medium,Dimensional: Roof deck
2024,ZP-2024-003038,False,False,low,No clear pattern matched
2024,ZP-2024-003805,False,False,low,No clear pattern matched
2024,ZP-2024-003093,True,False,high,Use: Multi-family use
2024,ZP-2024-000472,False,True,medium,Dimensional: Addition (height/size)
2024,ZP-2024-000003,True,False,high,Use: Restaurant use
2024,ZP-2024-002585,False,True,medium,Dimensional: Parking spaces
2024,ZP-2023-011680,False,True,medium,Dimensional: Addition (height/size)
2024,ZP-2024-002967,False,False,low,No clear pattern matched
2024,ZP-2023-012304,False,False,low,No clear pattern matched
2024,ZP-2024-001070,False,True,medium,Dimensional: Addition (height/size)
2024,ZP-2024-003614,False,False,low,No clear pattern matched
2024,ZP-2024-001873,False,True,medium,Dimensional: Roof deck
2024,ZP-2024-001861,True,False,high,Use: Office use
2024,ZP-2024-002802,False,False,low,No clear pattern matched
2024,ZP-2024-003978,False,False,low,No clear pattern matched
2024,ZP-2024-003775,True,False,high,Use: Restaurant use
2024,ZP-2024-002396,False,True,medium,Dimensional: Roof deck
2024,ZP-2023-012171,True,True,medium,Both: Multi-family use + Parking spaces
2024,ZP-2024-003195,False,False,low,No clear pattern matched
2024,ZP-2024-002738,True,True,medium,Both: Multi-family use + Addition (height/size)
2024,ZP-2024-004347,False,False,low,No clear pattern matched
2024,ZP-2024-002168,False,False,low,No clear pattern matched
2024,ZP-2024-002051,False,False,low,No clear pattern matched
2024,ZP-2024-002587,False,False,low,No clear pattern matched
2024,ZP-2024-003196,True,False,high,Use: Permit for use
2024,ZP-2024-003941,True,False,high,Use: Office use
2024,ZP-2024-000228,True,True,medium,Both: Multi-family use + Parking spaces
2024,ZP-2024-003045,True,False,high,Use: Permit for use
2024,ZP-2024-004097,False,False,low,No clear pattern matched
2024,ZP-2024-003996,False,False,low,No clear pattern matched
2024,ZP-2024-004004,False,False,low,No clear pattern matched
2024,ZP-2024-004276,True,False,high,Use: Permit for use
2024,ZP-2024-003312,True,False,high,Use: Retail use
2024,ZP-2024-002415,False,False,low,No clear pattern matched
2024,ZP-2023-012978,True,True,medium,Both: Multi-family use + Addition (height/size)
2024,ZP-2024-004189,False,False,low,No clear pattern matched
2024,ZP-2024-001914,False,False,low,No clear pattern matched
2024,HA-2024-001641,False,False,low,No clear pattern matched
2024,ZP-2024-002699,True,False,high,Use: Permit for use
2024,ZP-2024-002317,False,False,low,No clear pattern matched
2024,ZP-2024-002318,False,False,low,No clear pattern matched
2024,ZP-2023-013586,True,False,high,Use: Multi-family use
2024,ZP-2024-002919,False,True,medium,Dimensional: Addition (height/size)
2024,ZP-2024-004492,True,False,high,Use: Change of use
2024,ZP-2024-002152,True,False,high,Use: Restaurant use
2024,ZP-2024-003522,True,False,high,Use: Commercial use
2024,ZP-2024-001628,True,True,medium,Both: Multi-family use + Parking spaces
2024,ZP-2024-002010,True,False,high,Use: Multi-family use
2024,ZP-2024-003432,False,True,medium,Dimensional: Parking spaces
2024,ZP-2024-004157,False,False,low,No clear pattern matched
2024,ZP-2024-001950,False,False,low,No clear pattern matched
2024,HA-2024-001716,False,False,low,No clear pattern matched
2024,ZP-2024-001837,True,True,medium,Both: Multi-family use + Roof deck
2024,ZP-2024-004142,False,False,low,No clear pattern matched
2024,ZP-2024-002737,False,True,medium,Dimensional: Roof deck
2024,ZP-2024-004286,True,False,high,Use: Permit for use
2024,ZP-2024-002692,False,False,low,No clear pattern matched
2024,ZP-2023-013474,False,False,low,No clear pattern matched
2024,ZP-2024-000659,False,True,medium,Dimensional: Addition (height/size)
2024,ZP-2024-001368,True,False,high,Use: Permit for use
2024,ZP-2024-004325,False,False,low,No clear pattern matched
2024,ZP-2024-003652,True,False,high,Use: Multi-family use
2024,ZP-2024-003358,False,True,medium,Dimensional: Addition (height/size)
2024,ZP-2024-002834,False,False,low,No clear pattern matched
2024,ZP-2024-003400,False,False,low,No clear pattern matched
2024,HA-2024-001811,False,True,medium,Dimensional: Addition (height/size)
2024,ZP-2024-003645,True,False,high,Use: Multi-family use
2024,ZP-2024-002500,False,False,low,No clear pattern matched
2024,ZP-2024-000977,False,False,low,No clear pattern matched
2024,ZP-2024-003065,False,False,low,No clear pattern matched
2024,ZP-2024-003213,False,True,medium,Dimensional: Parking spaces
2024,ZP-2024-003896,False,False,low,No clear pattern matched
2024,ZP-2024-004131,False,True,medium,Dimensional: Parking spaces
2024,ZP-2024-003942,True,False,high,Use: Restaurant use
2024,ZP-2024-003467,True,False,high,Use: Commercial use
2024,ZP-2024-000248,False,True,medium,Dimensional: Parking spaces
2024,ZP-2024-003810,True,False,high,Use: Multi-family use
2024,ZP-2024-003811,False,False,low,No clear pattern matched
2024,ZP-2024-004047,False,False,low,No clear pattern matched
2024,ZP-2024-002113,False,False,low,No clear pattern matched
2024,ZP-2024-004292,False,False,low,No clear pattern matched
2024,ZP-2024-003665,False,False,low,No clear pattern matched
2024,ZP-2024-000171,True,False,high,Use: Multi-family use
2024,HA-2024-001952,False,False,low,No clear pattern matched
2024,ZP-2024-004377,False,False,low,No clear pattern matched
2024,ZP-2024-000667,False,True,medium,Dimensional: Parking spaces
2024,ZP-2024-003365,False,False,low,No clear pattern matched
2024,ZP-2024-002755,True,False,high,Use: Permit for use
2024,ZP-2024-004876,True,False,high,Use: Multi-family use
2024,ZP-2024-003194,False,False,low,No clear pattern matched
2024,ZP-2024-000910,False,True,medium,Dimensional: Addition (height/size)
2024,ZP-2024-001439,False,True,medium,Dimensional: Addition (height/size)
2024,ZP-2023-013546,False,True,medium,Dimensional: Addition (height/size)
2024,ZP-2024-002835,False,False,low,No clear pattern matched
2024,ZP-2024-005008,True,False,high,Use: Permit for use
2024,ZP-2024-003917,False,False,low,No clear pattern matched
2024,ZP-2024-004350,True,False,high,Use: Office use
2024,ZP-2024-004938,False,False,low,No clear pattern matched
2024,ZP-2024-003825,False,False,low,No clear pattern matched
2024,ZP-2024-004136,False,False,low,No clear pattern matched
2024,ZP-2024-004143,True,False,high,Use: Office use
2024,ZP-2024-004166,True,False,high,Use: Multi-family use
2024,ZP-2024-000120,False,True,medium,Dimensional: Parking spaces
2024,ZP-2024-004940,True,False,high,Use: Business use
2024,ZP-2024-002303,False,True,medium,Dimensional: Addition (height/size)
2024,ZP-2024-004544,False,False,low,No clear pattern matched
2024,ZP-2024-005234,False,False,low,No clear pattern matched
2024,ZP-2024-002908,False,False,low,No clear pattern matched
2024,ZP-2024-004169,True,False,high,Use: Childcare use
2024,ZP-2024-004782,True,True,medium,Both: Multi-family use + Roof deck
2024,ZP-2023-011503,False,False,low,No clear pattern matched
2024,ZP-2023-002603,True,False,high,Use: Childcare use
2024,ZP-2024-000400,False,True,medium,Dimensional: Parking spaces
2024,ZP-2024-004947,False,False,low,No clear pattern matched
2024,ZP-2024-004302,True,False,high,Use: Short-term rental
2024,ZP-2024-005116,False,False,low,No clear pattern matched
2024,ZP-2024-003210,False,True,medium,Dimensional: Parking spaces
2024,ZP-2023-012129,False,True,medium,Dimensional: Lot line (lot size)
2024,ZP-2024-002341,True,True,medium,Both: Multi-family use + Addition (height/size)
2024,ZP-2023-014025,False,True,medium,Dimensional: Parking spaces
2024,ZP-2024-004515,False,False,low,No clear pattern matched
2024,ZP-2023-010940,False,False,low,No clear pattern matched
2024,ZP-2024-003963,False,False,low,No clear pattern matched
2024,ZP-2024-003920,False,True,medium,Dimensional: Parking spaces
2024,ZP-2024-003637,False,False,low,No clear pattern matched
2024,ZP-2024-003742,False,False,low,No clear pattern matched
2024,ZP-2024-004929,True,False,high,Use: Permit for use
2024,ZP-2024-002454,True,False,high,Use: Multi-family use
2024,ZP-2024-003233,True,False,high,Use: Commercial use
2024,ZP-2024-004988,False,False,low,No clear pattern matched
2024,ZP-2024-004955,True,False,high,Use: Restaurant use
2024,ZP-2024-004103,True,False,high,Use: Permit for use
2024,ZP-2024-004113,True,True,medium,Both: Multi-family use + Parking spaces
2024,ZP-2024-004790,True,False,high,Use: Permit for use
2024,ZP-2024-003774,False,True,medium,Dimensional: Roof deck
2024,ZP-2024-003459,True,False,high,Use: Retail use
2024,ZP-2024-005649,False,False,low,No clear pattern matched
2024,ZP-2024-004657,True,False,high,Use: Permit for use
2024,ZP-2024-004812,True,False,high,Use: Restaurant use
2024,ZP-2024-004494,False,True,medium,Dimensional: Addition (height/size)
2024,ZP-2024-000581,False,False,low,No clear pattern matched
2024,ZP-2024-004571,True,True,medium,Both: Office use + Addition (height/size)
2024,ZP-2024-005326,True,False,high,Use: Permit for use
2024,ZP-2024-005071,False,False,low,No clear pattern matched
2024,ZP-2024-003149,False,False,low,No clear pattern matched
2024,ZP-2024-003970,False,False,low,No clear pattern matched
2024,ZP-2024-005437,True,False,high,Use: Multi-family use
2024,ZP-2024-003483,False,False,low,No clear pattern matched
2024,ZP-2024-003706,False,False,low,No clear pattern matched
2024,ZP-2024-004960,False,False,low,No clear pattern matched
2024,ZP-2024-002679,True,True,medium,Both: Multi-family use + Roof deck
2024,ZP-2024-005206,True,True,medium,Both: Change of use + Rear yard setback
2024,ZP-2024-005539,False,False,low,No clear pattern matched
2024,ZP-2024-005538,False,False,low,No clear pattern matched
2024,ZP-2024-005318,False,False,low,No clear pattern matched
2024,ZP-2024-005352,True,False,high,Use: Permit for use
2024,ZP-2024-005353,True,False,high,Use: Permit for use
2024,ZP-2024-004204,False,True,medium,Dimensional: Roof deck
2024,ZP-2024-005233,False,False,low,No clear pattern matched
2024,ZP-2024-005164,False,False,low,No clear pattern matched
2024,ZP-2024-005057,False,False,low,No clear pattern matched
2024,ZP-2024-004843,True,False,high,Use: Short-term rental
2024,ZP-2024-004844,True,False,high,Use: Short-term rental
2024,ZP-2024-005983,False,False,low,No clear pattern matched
2024,ZP-2024-002820,False,True,medium,Dimensional: Addition (height/size)
2024,ZP-2024-004582,False,False,low,No clear pattern matched
2024,ZP-2024-005987,False,False,low,No clear pattern matched
2024,ZP-2024-005132,True,False,high,Use: Multi-family use
2024,ZP-2023-010487,False,True,medium,Dimensional: Parking spaces
2024,ZP-2024-003766,False,False,low,No clear pattern matched
2024,ZP-2024-005660,True,False,high,Use: Multi-family use
2024,ZP-2024-001087,True,True,medium,Both: Office use + Roof deck
2024,ZP-2024-003341,False,True,medium,Dimensional: Addition (height/size)
2024,ZP-2024-005636,False,False,low,No clear pattern matched
2024,ZP-2024-004762,True,False,high,Use: Permit for use
2024,ZP-2024-005911,True,True,medium,Both: Multi-family use + Parking spaces
2024,ZP-2024-003572,False,True,medium,Dimensional: Addition (height/size)
2024,ZP-2024-003260,False,False,low,No clear pattern matched
2024,ZP-2024-005209,True,False,high,Use: Multi-family use
2024,ZP-2023-011412,False,True,medium,Dimensional: Addition (height/size)
2024,ZP-2024-005928,False,False,low,No clear pattern matched
2024,ZP-2024-005926,True,False,high,Use: Short-term rental
2024,ZP-2024-002815,False,True,medium,Dimensional: Lot line (lot size)
2024,ZP-2024-004139,True,True,medium,Both: Multi-family use + Roof deck
2024,ZP-2024-005319,False,False,low,No clear pattern matched
2024,ZP-2024-004966,True,False,high,Use: Short-term rental
2024,ZP-2024-004811,False,False,low,No clear pattern matched
2024,ZP-2024-005855,False,False,low,No clear pattern matched
2024,ZP-2024-005952,True,False,high,Use: Multi-family use
2024,ZP-2024-002888,True,False,high,Use: Permit for use
2024,ZP-2024-002463,False,True,medium,Dimensional: Roof deck
2024,ZP-2024-005578,True,False,high,Use: Permit for use
2024,ZP-2023-011069,False,True,medium,Dimensional: Addition (height/size)
2024,ZP-2024-005098,False,False,low,No clear pattern matched
2024,ZP-2024-004215,True,False,high,Use: Retail use
2024,ZP-2024-003692,True,True,medium,Both: Change of use + Addition (height/size)
2024,ZP-2024-004759,True,False,high,Use: Permit for use
2024,ZP-2024-002323,True,True,medium,Both: Multi-family use + Lot line (lot size)
2024,ZP-2024-004877,False,False,low,No clear pattern matched
2024,ZP-2024-004601,True,False,high,Use: Office use
2024,ZP-2024-002344,False,True,medium,Dimensional: Addition (height/size)
2024,ZP-2024-003550,False,False,low,No clear pattern matched
2024,ZP-2024-004968,False,False,low,No clear pattern matched
2024,ZP-2024-003972,True,False,high,Use: Multi-family use
2024,ZP-2024-006237,True,False,high,Use: Multi-family use
2024,ZP-2024-004706,False,True,medium,Dimensional: Roof deck
2024,ZP-2024-006228,True,False,high,Use: Childcare use
2024,ZP-2024-005581,True,False,high,Use: Childcare use
2024,ZP-2023-014035,False,True,medium,Dimensional: Addition (height/size)
2024,ZP-2024-004925,True,True,medium,Both: Change of use + Addition (height/size)
2024,ZP-2024-006156,True,False,high,Use: Childcare use
2024,ZP-2024-006273,True,False,high,Use: Childcare use
2024,ZP-2024-005021,True,False,high,Use: Multi-family use
2024,ZP-2024-004442,False,False,low,No clear pattern matched
2024,ZP-2024-004542,True,False,high,Use: Short-term rental
2024,ZP-2024-004543,True,False,high,Use: Short-term rental
2024,ZP-2024-005216,True,False,high,Use: Permit for use
2024,ZP-2024-005007,False,True,medium,Dimensional: Roof deck
2024,ZP-2024-000928,False,False,low,No clear pattern matched
2024,ZP-2024-005241,True,False,high,Use: Retail use
2024,ZP-2023-013453,False,False,low,No clear pattern matched
2024,ZP-2024-004898,True,False,high,Use: Permit for use
2024,ZP-2024-006169,True,False,high,Use: Permit for use
2024,ZP-2023-012256,False,False,low,No clear pattern matched
2024,ZP-2024-005520,False,True,medium,Dimensional: Roof deck
2024,ZP-2024-005807,False,False,low,No clear pattern matched
2024,ZP-2024-005368,False,False,low,No clear pattern matched
2024,ZP-2024-004352,False,False,low,No clear pattern matched
2024,ZP-2024-005506,False,False,low,No clear pattern matched
2024,ZP-2024-006159,True,False,high,Use: Multi-family use
2024,ZP-2024-005882,True,False,high,Use: Retail use
2024,HA-2024-002772,True,False,high,Use: Short-term rental
2024,ZP-2024-005518,False,False,low,No clear pattern matched
2024,HA-2024-002805,False,False,low,No clear pattern matched
2024,ZP-2023-014042,False,False,low,No clear pattern matched
2024,ZP-2024-005503,False,True,medium,Dimensional: Lot line (lot size)
2024,ZP-2024-005264,False,False,low,No clear pattern matched
2024,ZP-2024-004365,False,False,low,No clear pattern matched
2024,ZP-2024-005569,False,False,low,No clear pattern matched
2024,ZP-2024-006868,True,False,high,Use: Change of use
2024,ZP-2024-005717,False,False,low,No clear pattern matched
2024,ZP-2024-005853,True,False,high,Use: Childcare use
2024,ZP-2024-001599,True,True,medium,Both: Multi-family use + Addition (height/size)
2024,ZP-2024-003453,True,True,medium,Both: Restaurant use + Parking spaces
2024,ZP-2023-000199,True,True,medium,Both: Business use + Parking spaces
2024,ZP-2024-003493,False,False,low,No clear pattern matched
2024,ZP-2024-005628,False,True,medium,Dimensional: Parking spaces
2024,ZP-2024-004298,True,True,medium,Both: Office use + Roof deck
2024,ZP-2024-006519,False,False,low,No clear pattern matched
2024,ZP-2024-004606,False,True,medium,Dimensional: Roof deck
2024,ZP-2024-003862,True,True,medium,Both: Commercial use + Roof deck
2024,ZP-2024-005149,False,True,medium,Dimensional: Parking spaces
2024,ZP-2024-005092,False,False,low,No clear pattern matched
2024,ZP-2023-011328,False,True,medium,Dimensional: Parking spaces
2024,ZP-2024-001435,False,False,low,No clear pattern matched
2024,ZP-2024-005114,False,False,low,No clear pattern matched
2024,ZP-2024-005663,False,False,low,No clear pattern matched
2024,ZP-2024-004478,False,False,low,No clear pattern matched
2024,ZP-2024-004994,False,False,low,No clear pattern matched
2024,ZP-2024-005881,True,False,high,Use: Restaurant use
2024,ZP-2024-005830,True,False,high,Use: Multi-family use
2024,ZP-2024-006974,True,False,high,Use: Change of use
2024,ZP-2024-006047,False,False,low,No clear pattern matched
2024,ZP-2024-004678,False,False,low,No clear pattern matched
2024,ZP-2024-006631,False,False,low,No clear pattern matched
2024,HA-2024-002980,False,False,low,No clear pattern matched
2024,HA-2024-002996,False,False,low,No clear pattern matched
2024,ZP-2024-005944,True,False,high,Use: Permit for use
2024,ZP-2024-006403,True,False,high,Use: Childcare use
2024,ZP-2024-004839,True,False,high,Use: Office use
2024,ZP-2024-006609,False,False,low,No clear pattern matched
2024,ZP-2024-006959,False,False,low,No clear pattern matched
2024,ZP-2024-005656,True,False,high,Use: Multi-family use
2024,ZP-2024-005640,True,False,high,Use: Change of use
2024,ZP-2024-003436,True,True,medium,Both: Multi-family use + Parking spaces
2024,ZP-2024-006295,False,False,low,No clear pattern matched
2024,ZP-2024-005938,True,False,high,Use: Multi-family use
2024,ZP-2024-007356,True,False,high,Use: Permit for use
2024,ZP-2024-006438,False,False,low,No clear pattern matched
2024,ZP-2024-007100,False,False,low,No clear pattern matched
2024,ZP-2024-007351,True,False,high,Use: Permit for use
2024,ZP-2024-003718,False,False,low,No clear pattern matched
2024,ZP-2024-006946,False,False,low,No clear pattern matched
2024,ZP-2024-006574,False,False,low,No clear pattern matched
2024,ZP-2024-005605,True,True,medium,Both: Multi-family use + Roof deck
2024,ZP-2024-005560,False,False,low,No clear pattern matched
2024,ZP-2023-012662,True,True,medium,Both: Restaurant use + Roof deck
2024,ZP-2024-005287,False,False,low,No clear pattern matched
2024,ZP-2024-004165,False,False,low,No clear pattern matched
2024,ZP-2024-005701,False,False,low,No clear pattern matched
2024,ZP-2024-007047,False,False,low,No clear pattern matched
2024,ZP-2024-005425,False,True,medium,Dimensional: Rear yard setback
2024,ZP-2024-007145,False,False,low,No clear pattern matched
2024,ZP-2024-007277,False,False,low,No clear pattern matched
2024,ZP-2024-007173,False,True,medium,Dimensional: Addition (height/size)
2024,ZP-2024-004438,False,False,low,No clear pattern matched
2024,ZP-2024-007187,True,False,high,Use: Office use
2024,ZP-2024-005558,True,True,medium,Both: Retail use + Roof deck
2024,ZP-2024-004530,False,False,low,No clear pattern matched
2024,ZP-2024-005632,True,False,high,Use: Permit for use
2024,ZP-2024-005818,False,False,low,No clear pattern matched
2024,ZP-2024-007596,True,False,high,Use: Short-term rental
2024,ZP-2024-007686,False,False,low,No clear pattern matched
2024,ZP-2024-006607,False,False,low,No clear pattern matched
2024,ZP-2024-006566,False,True,medium,Dimensional: Parking spaces
2024,ZP-2024-007026,False,False,low,No clear pattern matched
2024,ZP-2024-006699,False,True,medium,Dimensional: Parking spaces
2024,ZP-2024-006735,True,True,medium,Both: Office use + Parking spaces
2024,ZP-2024-006911,False,True,medium,Dimensional: Addition (height/size)
2024,ZP-2024-006910,False,True,medium,Dimensional: Addition (height/size)
2024,ZP-2023-000929,False,True,medium,Dimensional: Addition (height/size)
2024,ZP-2024-007295,False,False,low,No clear pattern matched
2024,ZP-2024-004645,False,True,medium,Dimensional: Lot line (lot size)
2024,ZP-2024-007443,True,False,high,Use: Permit for use
2024,ZP-2024-002872,True,False,high,Use: Restaurant use
2024,ZP-2024-007210,True,False,high,Use: Multi-family use
2024,ZP-2024-007531,True,False,high,Use: Permit for use
2024,ZP-2024-006791,False,True,medium,Dimensional: Parking spaces
2024,ZP-2024-007808,True,False,high,Use: Permit for use
2024,ZP-2024-004562,False,True,medium,Dimensional: Off-street parking
2024,ZP-2024-004653,False,False,low,No clear pattern matched
2024,ZP-2024-007488,False,False,low,No clear pattern matched
2024,ZP-2024-004735,True,False,high,Use: Multi-family use
2024,ZP-2024-007866,True,False,high,Use: Change of use
2024,ZP-2024-007877,True,False,high,Use: Childcare use
2024,ZP-2024-007293,False,True,medium,Dimensional: Lot line (lot size)
2024,ZP-2024-007294,False,False,low,No clear pattern matched
2024,ZP-2024-006019,False,False,low,No clear pattern matched
2024,ZP-2024-007049,True,False,high,Use: Childcare use
2024,ZP-2023-008088,False,True,medium,Dimensional: Addition (height/size)
2024,ZP-2024-007568,True,False,high,Use: Permit for use
2024,ZP-2024-007760,False,False,low,No clear pattern matched
2024,ZP-2024-007718,True,False,high,Use: Multi-family use
2024,ZP-2024-001570,True,True,medium,Both: Change of use + Addition (height/size)
2024,ZP-2024-007139,False,True,medium,Dimensional: Lot line (lot size)
2024,ZP-2024-007141,False,True,medium,Dimensional: Roof deck
2024,ZP-2024-007274,False,False,low,No clear pattern matched
2024,HA-2024-003369,False,False,low,No clear pattern matched
2024,ZP-2024-006624,False,False,low,No clear pattern matched
2024,ZP-2024-007521,True,False,high,Use: Permit for use
2024,ZP-2024-007832,False,False,low,No clear pattern matched
2024,ZP-2024-004588,True,True,medium,Both: Multi-family use + Roof deck
2024,ZP-2024-007268,False,False,low,No clear pattern matched
2024,ZP-2024-007530,True,False,high,Use: Commercial use
2024,ZP-2024-007670,True,False,high,Use: Short-term rental
2024,ZP-2024-007167,True,False,high,Use: Retail use
2024,ZP-2024-006880,False,True,medium,Dimensional: Roof deck
2024,ZP-2024-006011,False,True,medium,Dimensional: Roof deck
2024,ZP-2024-006012,False,True,medium,Dimensional: Roof deck
2024,ZP-2024-007631,True,False,high,Use: Childcare use
2024,ZP-2024-005384,True,False,high,Use: Multi-family use
2024,ZP-2024-006203,False,True,medium,Dimensional: Roof deck
2024,ZP-2024-007256,False,False,low,No clear pattern matched
2024,ZP-2024-007229,False,False,low,No clear pattern matched
2024,ZP-2024-006193,False,False,low,No clear pattern matched
2024,ZP-2024-006378,False,True,medium,Dimensional: Parking spaces
2024,ZP-2024-004892,True,False,high,Use: Multi-family use
2024,ZP-2024-008185,False,False,low,No clear pattern matched
2024,ZP-2024-005378,True,False,high,Use: Multi-family use
2024,ZP-2024-006013,False,True,medium,Dimensional: Addition (height/size)
2024,ZP-2023-004588,False,True,medium,Dimensional: Parking spaces
2024,ZP-2024-007578,False,False,low,No clear pattern matched
2024,ZP-2024-007839,False,False,low,No clear pattern matched
2024,ZP-2024-006323,False,False,low,No clear pattern matched
2024,ZP-2024-006919,False,False,low,No clear pattern matched
2024,ZP-2024-007009,True,False,high,Use: Multi-family use
2024,ZP-2024-007207,False,False,low,No clear pattern matched
2024,ZP-2024-005320,False,True,medium,Dimensional: Addition (height/size)
2024,ZP-2024-007695,False,False,low,No clear pattern matched
2024,ZP-2024-002431,False,True,medium,Dimensional: Lot line (lot size)
2024,ZP-2024-004890,False,False,low,No clear pattern matched
2024,ZP-2024-006636,True,True,medium,Both: Multi-family use + Roof deck
2024,ZP-2024-008286,True,False,high,Use: Short-term rental
2024,ZP-2024-007077,False,False,low,No clear pattern matched
2024,ZP-2024-008100,True,False,high,Use: Short-term rental
2024,ZP-2024-006150,True,True,medium,Both: Multi-family use + Front yard setback
2024,ZP-2024-007858,True,False,high,Use: Multi-family use
2024,ZP-2024-006261,True,False,high,Use: Restaurant use
2024,ZP-2024-007683,False,True,medium,Dimensional: Addition (height/size)
2024,ZP-2024-008083,False,False,low,No clear pattern matched
2024,ZP-2024-007474,False,False,low,No clear pattern matched
2024,ZP-2024-003808,False,False,low,No clear pattern matched
2024,ZP-2024-007742,True,False,high,Use: Permit for use
2024,ZP-2024-005222,False,True,medium,Dimensional: Roof deck
2024,ZP-2024-006821,False,True,medium,Dimensional: Roof deck
2024,ZP-2024-006913,False,False,low,No clear pattern matched
2024,ZP-2024-008477,False,False,low,No clear pattern matched
2024,ZP-2024-006066,True,False,high,Use: Multi-family use
2024,ZP-2024-007438,True,False,high,Use: Multi-family use
2024,ZP-2024-007316,False,False,low,No clear pattern matched
2024,ZP-2024-007319,False,True,medium,Dimensional: Front yard setback
2024,ZP-2024-007322,False,False,low,No clear pattern matched
2024,ZP-2024-006655,False,False,low,No clear pattern matched
2024,ZP-2024-006646,False,False,low,No clear pattern matched
2024,ZP-2024-004394,False,True,medium,Dimensional: Parking spaces
2024,ZP-2024-007767,True,False,high,Use: Multi-family use
2024,ZP-2024-007520,False,False,low,No clear pattern matched
2024,ZP-2024-008241,True,False,high,Use: Childcare use
2024,ZP-2024-006332,True,False,high,Use: Permit for use
2024,ZP-2024-008712,True,False,high,Use: Permit for use
2024,ZP-2024-007321,False,True,medium,Dimensional: Addition (height/size)
2024,ZP-2024-008630,False,False,low,No clear pattern matched
2024,ZP-2024-007133,False,False,low,No clear pattern matched
2024,ZP-2024-006732,True,True,medium,Both: Multi-family use + Roof deck
2024,ZP-2024-008611,False,False,low,No clear pattern matched
2024,ZP-2024-008669,True,True,medium,Both: Office use + Roof deck
2024,ZP-2024-001684,False,True,medium,Dimensional: Addition (height/size)
2024,ZP-2024-005322,False,True,medium,Dimensional: Addition (height/size)
2024,ZP-2024-007519,False,True,medium,Dimensional: Roof deck
2024,ZP-2024-008527,True,False,high,Use: Multi-family use
2024,ZP-2024-005421,False,True,medium,Dimensional: Roof deck
2024,ZP-2024-006299,False,True,medium,Dimensional: Parking spaces
2024,ZP-2024-007330,False,False,low,No clear pattern matched
2024,ZP-2024-007184,False,False,low,No clear pattern matched
2024,ZP-2024-007255,False,False,low,No clear pattern matched
2024,HA-2024-003677,False,False,low,No clear pattern matched
2024,ZP-2024-008028,True,False,high,Use: Change of use
2024,ZP-2024-008727,False,False,low,No clear pattern matched
2024,ZP-2024-008293,False,False,low,No clear pattern matched
2024,ZP-2024-005217,False,True,medium,Dimensional: Front yard setback
2024,ZP-2024-006903,True,False,high,Use: Change of use
2024,ZP-2024-008052,True,False,high,Use: Permit for use
2024,ZP-2024-007907,False,False,low,No clear pattern matched
2024,ZP-2024-005115,False,False,low,No clear pattern matched
2024,ZP-2024-007979,False,False,low,No clear pattern matched
2024,ZP-2024-005067,True,False,high,Use: Office use
2024,ZP-2024-007309,True,False,high,Use: Short-term rental
2024,HA-2024-003719,False,False,low,No clear pattern matched
2024,ZP-2024-007740,False,True,medium,Dimensional: Roof deck
2024,ZP-2024-008130,False,False,low,No clear pattern matched
2024,ZP-2024-008925,False,False,low,No clear pattern matched
2024,ZP-2024-006778,False,False,low,No clear pattern matched
2024,ZP-2024-008085,True,False,high,Use: Short-term rental
2024,ZP-2024-008468,False,False,low,No clear pattern matched
2024,ZP-2024-008620,True,False,high,Use: Permit for use
2024,ZP-2024-008361,False,False,low,No clear pattern matched
2024,ZP-2024-005532,True,True,medium,Both: Multi-family use + Parking spaces
2024,ZP-2024-003345,False,True,medium,Dimensional: Roof deck
2024,ZP-2024-009207,True,False,high,Use: Short-term rental
2024,ZP-2024-008661,False,False,low,No clear pattern matched
2024,ZP-2024-007852,True,False,high,Use: Multi-family use
2024,ZP-2024-008955,True,False,high,Use: Multi-family use
2024,ZP-2024-008962,True,False,high,Use: Multi-family use
2024,ZP-2024-007733,False,True,medium,Dimensional: Setback
2024,ZP-2024-003638,False,False,low,No clear pattern matched
2024,ZP-2024-009381,False,False,low,No clear pattern matched
2024,ZP-2024-006262,True,False,high,Use: Short-term rental
2024,ZP-2024-008657,False,True,medium,Dimensional: Roof deck
2024,ZP-2024-008481,False,False,low,No clear pattern matched
2024,ZP-2024-009209,False,False,low,No clear pattern matched
2024,ZP-2024-008910,False,False,low,No clear pattern matched
2024,ZP-2024-001340,False,False,low,No clear pattern matched
2024,ZP-2024-007669,False,False,low,No clear pattern matched
2024,ZP-2024-002159,True,False,high,Use: Childcare use
2024,ZP-2024-008650,False,True,medium,Dimensional: Parking spaces
2024,ZP-2024-009189,False,False,low,No clear pattern matched
2024,ZP-2024-004340,False,False,low,No clear pattern matched
2024,ZP-2024-009433,True,False,high,Use: Multi-family use
2024,ZP-2024-009116,False,True,medium,Dimensional: Roof deck
2024,ZP-2024-008232,False,False,low,No clear pattern matched
2024,ZP-2024-007601,False,False,low,No clear pattern matched
2024,ZP-2024-008762,False,False,low,No clear pattern matched
2024,ZP-2024-007234,True,False,high,Use: Multi-family use
2024,ZP-2024-008180,False,False,low,No clear pattern matched
2024,ZP-2024-009595,True,False,high,Use: Restaurant use
2024,ZP-2024-008960,True,False,high,Use: Multi-family use
2024,ZP-2024-008956,False,False,low,No clear pattern matched
2024,ZP-2024-009202,True,False,high,Use: Restaurant/bar
2024,ZP-2024-009597,False,False,low,No clear pattern matched
2024,ZP-2024-008638,False,False,low,No clear pattern matched
2024,ZP-2024-008073,False,False,low,No clear pattern matched
2024,ZP-2024-007475,False,False,low,No clear pattern matched
2024,ZP-2024-008825,True,False,high,Use: Office use
2024,ZP-2024-008618,False,True,medium,Dimensional: Parking spaces
2024,ZP-2023-013508,False,True,medium,Dimensional: Roof deck
2024,ZP-2024-004767,False,True,medium,Dimensional: Front yard setback
2024,ZP-2024-009572,True,False,high,Use: Office use
2024,ZP-2024-006068,True,False,high,Use: Multi-family use
2024,ZP-2024-008383,True,False,high,Use: Permit for use
2024,ZP-2024-008771,True,False,high,Use: Short-term rental
2024,ZP-2024-008716,True,False,high,Use: Permit for use
2024,ZP-2024-007220,False,True,medium,Dimensional: Roof deck
2024,ZP-2024-007492,False,True,medium,Dimensional: Parking spaces
2024,ZP-2023-010652,False,True,medium,Dimensional: Open space
2024,ZP-2024-008450,True,True,medium,Both: Change of use + Addition (height/size)
2024,ZP-2024-001789,False,True,medium,Dimensional: Addition (height/size)
2024,ZP-2024-007916,False,False,low,No clear pattern matched
2024,ZP-2024-009019,True,False,high,Use: Change of use
2024,ZP-2024-009382,False,False,low,No clear pattern matched
2024,ZP-2024-008629,False,False,low,No clear pattern matched
2024,ZP-2024-009352,True,False,high,Use: Restaurant use
2024,ZP-2024-008890,False,False,low,No clear pattern matched
2024,ZP-2024-008634,False,False,low,No clear pattern matched
2024,ZP-2024-009401,True,False,high,Use: Childcare use
2024,ZP-2024-009042,False,False,low,No clear pattern matched
2024,ZP-2024-007482,False,True,medium,Dimensional: Parking spaces
2024,ZP-2024-007966,True,False,high,Use: Multi-family use
2024,ZP-2024-009053,False,False,low,No clear pattern matched
2024,ZP-2024-009250,False,True,medium,Dimensional: Parking spaces
2024,ZP-2024-010058,False,False,low,No clear pattern matched
2024,ZP-2024-008337,True,False,high,Use: Multi-family use
2024,ZP-2024-007892,False,True,medium,Dimensional: Roof deck
2024,ZP-2023-006845,False,True,medium,Dimensional: Parking spaces
2024,ZP-2024-007856,False,True,medium,Dimensional: Roof deck
2024,ZP-2024-009037,True,False,high,Use: Multi-family use
2024,ZP-2024-007484,True,True,medium,Both: Change of use + Parking spaces
2024,ZP-2024-008417,False,False,low,No clear pattern matched
2024,ZP-2024-009004,False,False,low,No clear pattern matched
2024,ZP-2024-008124,False,False,low,No clear pattern matched
2024,ZP-2024-008520,False,False,low,No clear pattern matched
2024,ZP-2024-009407,False,False,low,No clear pattern matched
2024,ZP-2024-009020,True,False,high,Use: Restaurant use
2024,ZP-2024-009546,True,False,high,Use: Multi-family use
2024,ZP-2024-008633,False,True,medium,Dimensional: Roof deck
2024,ZP-2024-008405,True,True,medium,Both: Multi-family use + Addition (height/size)
2024,ZP-2024-008537,False,False,low,No clear pattern matched
2024,ZP-2024-008776,False,True,medium,Dimensional: Addition (height/size)
2024,ZP-2024-009040,True,False,high,Use: Multi-family use
2024,ZP-2024-009057,True,False,high,Use: Short-term rental
2024,ZP-2024-009857,False,False,low,No clear pattern matched
2024,ZP-2024-007941,False,False,low,No clear pattern matched
2024,ZP-2024-009177,False,True,medium,Dimensional: Parking spaces
2024,ZP-2024-009179,False,True,medium,Dimensional: Parking spaces
2024,ZP-2024-009180,False,True,medium,Dimensional: Parking spaces
2024,ZP-2024-008606,False,False,low,No clear pattern matched
2024,ZP-2024-009853,False,False,low,No clear pattern matched
2024,ZP-2024-010142,False,True,medium,Dimensional: Parking spaces
2024,ZP-2024-010170,False,False,low,No clear pattern matched
2024,ZP-2024-001929,True,False,high,Use: Multi-family use
2024,ZP-2024-009278,False,True,medium,Dimensional: Addition (height/size)
2024,ZP-2024-005154,False,True,medium,Dimensional: Roof deck
2024,ZP-2024-007138,False,True,medium,Dimensional: Roof deck
2024,ZP-2024-007728,True,True,medium,Both: Multi-family use + Parking spaces
2024,ZP-2024-003391,False,True,medium,Dimensional: Parking spaces
2024,ZP-2024-005724,False,True,medium,Dimensional: Roof deck
2024,ZP-2024-009041,True,False,high,Use: Medical use
2024,ZP-2024-009043,True,False,high,Use: Restaurant use
2024,ZP-2024-010047,False,False,low,No clear pattern matched
2024,ZP-2024-009436,False,False,low,No clear pattern matched
2024,ZP-2024-008765,False,False,low,No clear pattern matched
2024,ZP-2024-009752,True,False,high,Use: Permit for use
2024,ZP-2024-008894,True,True,medium,Both: Multi-family use + Roof deck
2024,ZP-2024-010187,False,False,low,No clear pattern matched
2024,ZP-2024-009052,False,True,medium,Dimensional: Roof deck
2024,ZP-2024-009242,True,False,high,Use: Restaurant use
2024,ZP-2024-009411,False,False,low,No clear pattern matched
2024,ZP-2024-009938,True,False,high,Use: Medical use
2024,ZP-2024-007681,False,False,low,No clear pattern matched
2024,ZP-2024-010069,True,False,high,Use: Retail use
2024,ZP-2024-010060,True,False,high,Use: Commercial use
2024,ZP-2024-010535,True,False,high,Use: Business use
2024,ZP-2024-009844,False,False,low,No clear pattern matched
2024,ZP-2024-010207,False,True,medium,Dimensional: Addition (height/size)
2024,ZP-2024-006503,False,True,medium,Dimensional: Parking spaces
2024,ZP-2024-009536,True,False,high,Use: Multi-family use
2024,ZP-2024-003395,False,True,medium,Dimensional: Parking spaces
2024,ZP-2024-010365,True,False,high,Use: Permit for use
2024,ZP-2024-010280,False,False,low,No clear pattern matched
2024,ZP-2024-010412,False,False,low,No clear pattern matched
2024,ZP-2024-008550,True,False,high,Use: Multi-family use
2024,ZP-2024-009762,False,False,low,No clear pattern matched
2024,ZP-2024-009594,True,False,high,Use: Multi-family use
2024,ZP-2024-010297,False,False,low,No clear pattern matched
2024,ZP-2024-009528,True,False,high,Use: Permit for use
2024,ZP-2024-009888,True,False,high,Use: Permit for use
2024,ZP-2024-009980,True,False,high,Use: Permit for use
2024,ZP-2024-010045,True,False,high,Use: Multi-family use
2024,ZP-2024-007442,False,False,low,No clear pattern matched
2024,ZP-2024-010908,True,False,high,Use: Change of use
2024,ZP-2024-010551,True,False,high,Use: Change of use
2024,ZP-2024-009697,True,False,high,Use: Change of use
2024,ZP-2024-009618,False,False,low,No clear pattern matched
2024,ZP-2024-010037,False,False,low,No clear pattern matched
2024,ZP-2024-008645,False,False,low,No clear pattern matched
2024,ZP-2024-006069,False,True,medium,Dimensional: Addition (height/size)
2024,ZP-2024-010845,False,False,low,No clear pattern matched
2024,ZP-2024-010369,True,True,medium,Both: Multi-family use + Roof deck
2024,ZP-2024-010926,False,False,low,No clear pattern matched
2024,ZP-2024-008217,True,True,medium,Both: Multi-family use + Roof deck
2024,ZP-2024-008877,False,True,medium,Dimensional: Lot line (lot size)
2024,ZP-2024-009265,False,True,medium,Dimensional: Addition (height/size)
2024,ZP-2024-006967,False,True,medium,Dimensional: Addition (height/size)
2024,ZP-2024-009666,False,False,low,No clear pattern matched
2024,ZP-2023-006324,False,True,medium,Dimensional: Addition (height/size)
2024,ZP-2024-009588,False,False,low,No clear pattern matched
2024,ZP-2024-010057,True,False,high,Use: Restaurant use
2024,ZP-2024-009310,True,True,medium,Both: Multi-family use + Roof deck
2024,ZP-2024-011015,False,False,low,No clear pattern matched
2024,ZP-2024-010649,False,False,low,No clear pattern matched
2024,ZP-2024-010081,False,False,low,No clear pattern matched
2024,ZP-2024-010080,True,False,high,Use: Multi-family use
2024,ZP-2024-010368,False,True,medium,Dimensional: Roof deck
2024,ZP-2024-010720,False,False,low,No clear pattern matched
2024,ZP-2024-010291,False,False,low,No clear pattern matched
2024,ZP-2024-010617,True,False,high,Use: Permit for use
2024,ZP-2024-009196,True,True,medium,Both: Multi-family use + Parking spaces
2024,ZP-2024-010135,False,False,low,No clear pattern matched
2024,ZP-2024-010728,True,True,medium,Both: Multi-family use + Roof deck
2024,ZP-2024-001209,True,True,medium,Both: Multi-family use + Roof deck
2024,ZP-2024-009493,True,True,medium,Both: Multi-family use + Roof deck
2024,ZP-2024-007437,False,False,low,No clear pattern matched
2024,ZP-2024-010246,False,False,low,No clear pattern matched
2024,ZP-2024-009372,True,False,high,Use: Multi-family use
2024,ZP-2024-009334,True,False,high,Use: Multi-family use
2024,ZP-2024-009339,True,False,high,Use: Multi-family use
2024,ZP-2024-008937,False,True,medium,Dimensional: Parking spaces
2024,ZP-2024-009370,True,False,high,Use: Multi-family use
2024,ZP-2024-009340,True,False,high,Use: Multi-family use
2024,ZP-2024-010088,False,True,medium,Dimensional: Roof deck
2024,ZP-2024-007828,False,True,medium,Dimensional: Lot line (lot size)
2024,ZP-2024-010987,True,False,high,Use: Restaurant use
2024,ZP-2024-007142,False,True,medium,Dimensional: Roof deck
2024,ZP-2024-008939,False,True,medium,Dimensional: Parking spaces
2024,ZP-2024-011366,False,False,low,No clear pattern matched
2024,ZP-2024-007692,False,True,medium,Dimensional: Addition (height/size)
2024,ZP-2024-009820,False,False,low,No clear pattern matched
2024,ZP-2024-011078,True,False,high,Use: Multi-family use
2024,ZP-2024-009821,False,False,low,No clear pattern matched
2024,ZP-2024-008951,False,True,medium,Dimensional: Addition (height/size)
2024,ZP-2024-010056,False,True,medium,Dimensional: Addition (height/size)
2024,ZP-2024-009814,False,False,low,No clear pattern matched
2024,ZP-2024-009818,False,False,low,No clear pattern matched
2024,ZP-2024-011095,False,False,low,No clear pattern matched
2024,ZP-2024-010723,False,True,medium,Dimensional: Parking spaces
2024,ZP-2024-010724,False,True,medium,Dimensional: Parking spaces
2024,ZP-2024-009399,True,False,high,Use: Restaurant use
2024,ZP-2024-010530,True,True,medium,Both: Restaurant use + Off-street parking
2024,ZP-2024-010391,False,True,medium,Dimensional: Roof deck
2024,ZP-2024-010900,True,False,high,Use: Permit for use
2024,ZP-2024-008264,False,True,medium,Dimensional: Addition (height/size)
2024,ZP-2024-011045,False,True,medium,Dimensional: Parking spaces
2024,ZP-2024-010693,True,False,high,Use: Retail use
2024,ZP-2024-011325,False,False,low,No clear pattern matched
2024,ZP-2024-010496,True,False,high,Use: Change of use
2024,ZP-2024-008343,False,True,medium,Dimensional: Roof deck
2024,ZP-2024-010785,True,False,high,Use: Permit for use
2024,ZP-2024-010772,True,False,high,Use: Childcare use
2024,ZP-2024-011132,True,False,high,Use: Multi-family use
2024,ZP-2024-010755,False,False,low,No clear pattern matched
2024,ZP-2024-011521,True,False,high,Use: Multi-family use
2024,ZP-2024-007952,False,True,medium,Dimensional: Roof deck
2024,ZP-2024-006210,True,True,medium,Both: Change of use + Addition (height/size)
2024,ZP-2024-010718,False,True,medium,Dimensional: Height exceeds
2024,ZP-2024-010437,True,True,medium,Both: Multi-family use + Roof deck
2024,ZP-2024-009849,True,True,medium,Both: Change of use + Parking spaces
2024,ZP-2024-011218,True,False,high,Use: Medical use
2024,ZP-2024-010705,False,False,low,No clear pattern matched
2024,ZP-2024-010706,False,False,low,No clear pattern matched
2024,ZP-2024-010704,False,False,low,No clear pattern matched
2024,ZP-2024-008602,False,True,medium,Dimensional: Roof deck
2024,ZP-2024-010752,True,False,high,Use: Multi-family use
2024,ZP-2024-011807,False,False,low,No clear pattern matched
2024,ZP-2023-012964,False,True,medium,Dimensional: Addition (height/size)
2024,ZP-2024-011142,True,True,medium,Both: Multi-family use + Addition (height/size)
2024,ZP-2024-011082,True,False,high,Use: Childcare use
2024,HA-2024-004893,False,False,low,No clear pattern matched
2024,ZP-2024-011553,True,False,high,Use: Short-term rental
2024,ZP-2024-011554,True,False,high,Use: Short-term rental
2024,ZP-2024-011555,True,False,high,Use: Short-term rental
2024,ZP-2024-011556,True,False,high,Use: Short-term rental
2024,ZP-2024-010336,True,True,medium,Both: Childcare use + Roof deck
2024,ZP-2024-009045,False,False,low,No clear pattern matched
2024,ZP-2024-010374,True,False,high,Use: Change of use
2024,ZP-2023-007181,True,True,medium,Both: Change of use + Parking spaces
2024,ZP-2024-011552,False,False,low,No clear pattern matched
2024,ZP-2024-010532,True,False,high,Use: Restaurant use
2024,ZP-2024-010359,False,False,low,No clear pattern matched
2024,ZP-2024-011145,True,False,high,Use: Short-term rental
2024,ZP-2024-011557,True,False,high,Use: Short-term rental
2024,ZP-2024-011357,True,False,high,Use: Restaurant use
2024,ZP-2024-010218,True,False,high,Use: Medical use
2024,ZP-2024-010932,True,False,high,Use: Multi-family use
2024,ZP-2024-011790,True,False,high,Use: Short-term rental
2024,ZP-2024-010282,True,False,high,Use: Medical use
2024,ZP-2024-011906,False,False,low,No clear pattern matched
2024,ZP-2024-010829,False,True,medium,Dimensional: Roof deck
2024,ZP-2024-010643,False,True,medium,Dimensional: Parking spaces
2024,HA-2024-004952,True,False,high,Use: Short-term rental
2024,ZP-2024-010538,False,False,low,No clear pattern matched
2024,ZP-2024-009490,False,True,medium,Dimensional: Roof deck
2024,HA-2024-004970,False,False,low,No clear pattern matched
2024,ZP-2024-008725,False,True,medium,Dimensional: Lot line (lot size)
2024,HA-2024-004978,False,False,low,No clear pattern matched
2024,ZP-2024-010996,False,True,medium,Dimensional: Parking spaces
2024,ZP-2024-009904,False,True,medium,Dimensional: Roof deck
2024,ZP-2024-009025,True,True,medium,Both: Multi-family use + Roof deck
2024,ZP-2024-011588,True,False,high,Use: Office use
2024,ZP-2024-011143,True,True,medium,Both: Multi-family use + Parking spaces
2024,ZP-2024-011739,False,True,medium,Dimensional: Addition (height/size)
2024,ZP-2024-011089,False,False,low,No clear pattern matched
2024,ZP-2024-008798,False,False,low,No clear pattern matched
2024,ZP-2024-010341,True,True,medium,Both: Multi-family use + Roof deck
2024,ZP-2024-011522,True,False,high,Use: Office use
2024,ZP-2024-010330,True,False,high,Use: Change of use
2024,ZP-2024-010493,True,False,high,Use: Permit for use
2024,ZP-2024-011792,False,False,low,No clear pattern matched
2024,ZP-2024-010542,True,True,medium,Both: Multi-family use + Addition (height/size)
2024,ZP-2024-012036,True,False,high,Use: Office use
2024,ZP-2024-010800,False,False,low,No clear pattern matched
2024,ZP-2024-010892,False,False,low,No clear pattern matched
2024,ZP-2024-010893,False,False,low,No clear pattern matched
2024,ZP-2024-010895,False,False,low,No clear pattern matched
2024,ZP-2024-010991,True,False,high,Use: Office use
2024,ZP-2024-010990,True,False,high,Use: Business use
2024,ZP-2024-009014,False,True,medium,Dimensional: Addition (height/size)
2024,ZP-2024-011153,False,True,medium,Dimensional: Parking spaces
2024,ZP-2024-011149,False,True,medium,Dimensional: Parking spaces
2024,ZP-2023-006887,False,False,low,No clear pattern matched
2024,ZP-2024-011885,False,True,medium,Dimensional: Lot line (lot size)
2024,ZP-2024-011637,True,False,high,Use: Office use
2024,ZP-2024-009091,False,True,medium,Dimensional: Roof deck
2024,ZP-2024-009850,False,False,low,No clear pattern matched
2024,ZP-2024-011389,False,True,medium,Dimensional: Roof deck
2024,ZP-2024-011392,False,True,medium,Dimensional: Roof deck
2024,ZP-2024-011394,False,True,medium,Dimensional: Roof deck
2024,ZP-2024-011397,False,True,medium,Dimensional: Roof deck
2024,ZP-2024-011398,False,True,medium,Dimensional: Roof deck
2024,ZP-2024-011314,True,False,high,Use: Multi-family use
2024,ZP-2024-011313,True,True,medium,Both: Multi-family use + Lot line (lot size)
2024,ZP-2024-011312,True,True,medium,Both: Multi-family use + Lot line (lot size)
2024,ZP-2024-007944,True,False,high,Use: Permit for use
2024,ZP-2024-007765,True,False,high,Use: Multi-family use
2024,ZP-2024-010273,False,True,medium,Dimensional: Addition (height/size)
2024,ZP-2024-011969,False,False,low,No clear pattern matched
2024,ZP-2024-011336,False,False,low,No clear pattern matched
2024,ZP-2024-012044,True,False,high,Use: Short-term rental
2024,ZP-2024-010912,False,False,low,No clear pattern matched
2024,ZP-2024-010632,False,False,low,No clear pattern matched
2024,ZP-2024-011709,True,False,high,Use: Office use
2024,ZP-2024-011913,True,False,high,Use: Medical use
2024,ZP-2024-008061,True,False,high,Use: Permit for use
2024,ZP-2024-011731,False,True,medium,Dimensional: Lot line (lot size)
2024,ZP-2024-010020,True,False,high,Use: Permit for use
2024,ZP-2024-011935,False,False,low,No clear pattern matched
2024,ZP-2024-011833,False,True,medium,Dimensional: Lot line (lot size)
2024,ZP-2024-012390,False,False,low,No clear pattern matched
2024,ZP-2024-011081,True,False,high,Use: Commercial use
2024,ZP-2024-007192,False,False,low,No clear pattern matched
2024,ZP-2024-010953,False,False,low,No clear pattern matched
2024,ZP-2024-011338,False,False,low,No clear pattern matched
2024,ZP-2024-012003,False,False,low,No clear pattern matched
2024,ZP-2024-011423,False,False,low,No clear pattern matched
2024,ZP-2024-011391,True,False,high,Use: Permit for use
2024,ZP-2024-011903,False,True,medium,Dimensional: Parking spaces
2024,ZP-2024-011401,False,False,low,No clear pattern matched
2024,ZP-2024-010040,False,False,low,No clear pattern matched
2024,ZP-2024-011234,False,False,low,No clear pattern matched
2024,ZP-2024-012447,True,True,medium,Both: Change of use + Addition (height/size)
2024,ZP-2024-012336,True,False,high,Use: Retail use
2024,ZP-2024-012391,False,False,low,No clear pattern matched
2024,ZP-2024-011921,False,False,low,No clear pattern matched
2024,ZP-2024-011924,False,False,low,No clear pattern matched
2024,ZP-2024-007697,True,False,high,Use: Multi-family use
2024,ZP-2024-011520,True,False,high,Use: Multi-family use
2024,ZP-2024-011404,True,False,high,Use: Retail use
2024,ZP-2024-010826,True,False,high,Use: Childcare use
2024,ZP-2024-012616,True,False,high,Use: Permit for use
2024,ZP-2024-010677,False,True,medium,Dimensional: Addition (height/size)
2024,ZP-2024-010733,False,True,medium,Dimensional: Addition (height/size)
2024,ZP-2024-010831,True,False,high,Use: Restaurant use
2024,ZP-2024-012428,False,False,low,No clear pattern matched
2024,ZP-2024-012458,True,False,high,Use: Change of use
2025,ZP-2024-009503,False,True,medium,Dimensional: Addition (height/size)
2025,ZP-2024-012960,False,True,medium,Dimensional: Addition (height/size)
2025,ZP-2024-011102,False,True,medium,Dimensional: Lot line (lot size)
2025,ZP-2024-011956,False,False,low,No clear pattern matched
2025,ZP-2024-010048,False,False,low,No clear pattern matched
2025,ZP-2024-011592,False,False,low,No clear pattern matched
2025,ZP-2024-011144,True,False,high,Use: Short-term rental
2025,ZP-2024-012735,True,False,high,Use: Short-term rental
2025,ZP-2024-012386,False,True,medium,Dimensional: Roof deck
2025,ZP-2024-011164,False,True,medium,Dimensional: Roof deck
2025,ZP-2024-011734,True,False,high,Use: Multi-family use
2025,HA-2025-000062,False,True,medium,Dimensional: Addition (height/size)
2025,ZP-2024-011684,False,False,low,No clear pattern matched
2025,ZP-2024-012379,False,False,low,No clear pattern matched
2025,ZP-2024-012377,True,False,high,Use: Office use
2025,ZP-2024-010798,False,True,medium,Dimensional: Parking spaces
2025,ZP-2024-010333,False,True,medium,Dimensional: Addition (height/size)
2025,ZP-2025-000111,False,False,low,No clear pattern matched
2025,ZP-2024-012930,True,False,high,Use: Multi-family use
2025,ZP-2024-012014,False,True,medium,Dimensional: Addition (height/size)
2025,ZP-2024-012929,True,False,high,Use: Multi-family use
2025,ZP-2024-012856,False,False,low,No clear pattern matched
2025,ZP-2024-008322,False,False,low,No clear pattern matched
2025,ZP-2024-008289,False,False,low,No clear pattern matched
2025,ZP-2024-012317,True,False,high,Use: Commercial use
2025,ZP-2024-012783,True,True,medium,Both: Change of use + Addition (height/size)
2025,ZP-2024-012738,False,False,low,No clear pattern matched
2025,ZP-2024-002336,False,True,medium,Dimensional: Addition (height/size)
2025,ZP-2024-012449,True,False,high,Use: Childcare use
2025,ZP-2024-011187,False,True,medium,Dimensional: Addition (height/size)
2025,ZP-2024-010430,True,True,medium,Both: Multi-family use + Addition (height/size)
2025,ZP-2024-012545,False,True,medium,Dimensional: Parking spaces
2025,ZP-2024-012945,False,False,low,No clear pattern matched
2025,ZP-2024-012619,False,True,medium,Dimensional: Roof deck
2025,ZP-2024-010832,False,False,low,No clear pattern matched
2025,ZP-2024-007714,True,False,high,Use: Multi-family use
2025,ZP-2024-011065,False,True,medium,Dimensional: Addition (height/size)
2025,ZP-2024-012552,False,False,low,No clear pattern matched
2025,ZP-2024-011096,False,False,low,No clear pattern matched
2025,ZP-2024-012099,True,False,high,Use: Short-term rental
2025,ZP-2024-012668,False,True,medium,Dimensional: Parking spaces
2025,ZP-2024-011012,False,True,medium,Dimensional: Roof deck
2025,ZP-2024-012354,True,False,high,Use: Restaurant use
2025,ZP-2024-008471,True,False,high,Use: Permit for use
2025,ZP-2024-012389,False,False,low,No clear pattern matched
2025,ZP-2024-012210,False,True,medium,Dimensional: Roof deck
2025,ZP-2024-011386,True,True,medium,Both: Multi-family use + Roof deck
2025,ZP-2025-000063,False,False,low,No clear pattern matched
2025,ZP-2024-012611,True,True,medium,Both: Multi-family use + Addition (height/size)
2025,ZP-2025-000228,True,False,high,Use: Permit for use
2025,ZP-2024-011751,True,False,high,Use: Change of use
2025,ZP-2024-012188,True,True,medium,Both: Multi-family use + Parking spaces
2025,ZP-2024-012584,False,False,low,No clear pattern matched
2025,ZP-2024-011824,True,True,medium,Both: Change of use + Parking spaces
2025,ZP-2024-012778,False,False,low,No clear pattern matched
2025,ZP-2025-000206,False,False,low,No clear pattern matched
2025,ZP-2025-000237,False,True,medium,Dimensional: Roof deck
2025,ZP-2024-012163,False,True,medium,Dimensional: Roof deck
2025,ZP-2024-012166,False,True,medium,Dimensional: Roof deck
2025,ZP-2024-012167,False,True,medium,Dimensional: Roof deck
2025,ZP-2024-012168,False,True,medium,Dimensional: Roof deck
2025,ZP-2024-012171,False,True,medium,Dimensional: Roof deck
2025,ZP-2024-012173,False,True,medium,Dimensional: Roof deck
2025,ZP-2024-012174,False,True,medium,Dimensional: Roof deck
2025,ZP-2024-012175,False,True,medium,Dimensional: Roof deck
2025,ZP-2024-012851,True,False,high,Use: Retail use
2025,ZP-2025-000046,True,False,high,Use: Restaurant use
2025,ZP-2024-012403,True,False,high,Use: Change of use
2025,ZP-2024-011524,False,True,medium,Dimensional: Roof deck
2025,ZP-2024-012176,False,True,medium,Dimensional: Roof deck
2025,ZP-2024-012177,False,True,medium,Dimensional: Roof deck
2025,ZP-2024-012178,False,True,medium,Dimensional: Roof deck
2025,ZP-2024-012180,False,True,medium,Dimensional: Roof deck
2025,ZP-2024-012181,False,True,medium,Dimensional: Roof deck
2025,ZP-2024-012186,False,True,medium,Dimensional: Roof deck
2025,ZP-2024-011725,False,True,medium,Dimensional: Addition (height/size)
2025,ZP-2024-012185,False,True,medium,Dimensional: Roof deck
2025,ZP-2024-012187,False,True,medium,Dimensional: Roof deck
2025,ZP-2024-012192,False,True,medium,Dimensional: Roof deck
2025,ZP-2024-012193,False,True,medium,Dimensional: Roof deck
2025,ZP-2024-012194,False,True,medium,Dimensional: Roof deck
2025,ZP-2024-012179,False,True,medium,Dimensional: Roof deck
2025,ZP-2024-012172,False,True,medium,Dimensional: Roof deck
2025,ZP-2024-011364,False,True,medium,Dimensional: Lot line (lot size)
2025,ZP-2025-000614,True,False,high,Use: Permit for use
2025,ZP-2025-000220,True,True,medium,Both: Multi-family use + Parking spaces
2025,ZP-2025-000101,False,False,low,No clear pattern matched
2025,ZP-2025-000100,True,False,high,Use: Permit for use
2025,ZP-2024-012316,False,False,low,No clear pattern matched
2025,ZP-2023-009394,True,True,medium,Both: Change of use + Parking spaces
2025,ZP-2024-008260,True,True,medium,Both: Multi-family use + Roof deck
2025,ZP-2025-000073,False,False,low,No clear pattern matched
2025,ZP-2024-009593,True,False,high,Use: Retail use
2025,ZP-2024-012962,True,False,high,Use: Commercial use
2025,ZP-2024-010200,True,True,medium,Both: Change of use + Parking spaces
2025,ZP-2024-011918,True,False,high,Use: Permit for use
2025,ZP-2024-012436,False,False,low,No clear pattern matched
2025,ZP-2024-010335,False,True,medium,Dimensional: Roof deck
2025,ZP-2024-012758,True,True,medium,Both: Restaurant use + Roof deck
2025,ZP-2025-000457,True,False,high,Use: Medical use
2025,ZP-2024-012585,True,True,medium,Both: Multi-family use + Roof deck
2025,ZP-2025-000178,True,False,high,Use: Childcare use
2025,ZP-2024-010629,False,False,low,No clear pattern matched
2025,ZP-2024-012751,False,False,low,No clear pattern matched
2025,ZP-2025-000049,False,False,low,No clear pattern matched
2025,ZP-2025-000606,False,False,low,No clear pattern matched
2025,ZP-2025-000934,False,False,low,No clear pattern matched
2025,ZP-2024-012734,True,False,high,Use: Multi-family use
2025,ZP-2024-012486,False,False,low,No clear pattern matched
2025,ZP-2024-006472,True,False,high,Use: Multi-family use
2025,ZP-2025-000433,False,False,low,No clear pattern matched
2025,ZP-2024-011966,False,True,medium,Dimensional: Lot line (lot size)
2025,ZP-2024-010002,False,False,low,No clear pattern matched
2025,ZP-2025-000645,False,False,low,No clear pattern matched
2025,ZP-2024-012190,False,True,medium,Dimensional: Roof deck
2025,ZP-2025-000281,False,False,low,No clear pattern matched
2025,ZP-2024-012922,False,False,low,No clear pattern matched
2025,ZP-2025-000244,False,False,low,No clear pattern matched
2025,ZP-2024-012791,False,False,low,No clear pattern matched
2025,ZP-2025-000227,False,False,low,No clear pattern matched
2025,ZP-2025-000723,False,True,medium,Dimensional: Addition (height/size)
2025,ZP-2024-011681,True,False,high,Use: Retail use
2025,ZP-2025-000361,True,True,medium,Both: Change of use + Parking spaces
2025,ZP-2024-009934,False,False,low,No clear pattern matched
2025,ZP-2024-010651,False,True,medium,Dimensional: Roof deck
2025,ZP-2024-012414,False,False,low,No clear pattern matched
2025,ZP-2025-000682,True,True,medium,Both: Multi-family use + Parking spaces
2025,ZP-2024-012153,False,True,medium,Dimensional: Roof deck
2025,ZP-2024-011653,False,False,low,No clear pattern matched
2025,ZP-2024-011642,False,False,low,No clear pattern matched
2025,ZP-2025-001001,True,False,high,Use: Restaurant use
2025,ZP-2025-000115,False,False,low,No clear pattern matched
2025,ZP-2025-000854,True,True,medium,Both: Change of use + Addition (height/size)
2025,ZP-2025-000349,True,True,medium,Both: Multi-family use + Roof deck
2025,ZP-2025-000141,False,True,medium,Dimensional: Roof deck
2025,ZP-2025-000334,True,False,high,Use: Childcare use
2025,ZP-2025-001129,True,False,high,Use: Medical use
2025,ZP-2024-012632,False,False,low,No clear pattern matched
2025,ZP-2024-011092,False,False,low,No clear pattern matched
2025,ZP-2025-000816,False,False,low,No clear pattern matched
2025,ZP-2025-000915,False,False,low,No clear pattern matched
2025,ZP-2025-000775,True,False,high,Use: Multi-family use
2025,ZP-2025-000791,False,True,medium,Dimensional: Roof deck
2025,ZP-2025-000650,False,False,low,No clear pattern matched
2025,ZP-2024-012340,True,False,high,Use: Childcare use
2025,ZP-2024-012402,False,False,low,No clear pattern matched
2025,ZP-2025-000494,False,True,medium,Dimensional: Roof deck
2025,HA-2025-000584,False,False,low,No clear pattern matched
2025,ZP-2025-000752,False,False,low,No clear pattern matched
2025,ZP-2025-000755,False,False,low,No clear pattern matched
2025,ZP-2025-000673,True,False,high,Use: Retail use
2025,ZP-2025-000977,True,False,high,Use: Office use
2025,ZP-2025-001242,True,False,high,Use: Restaurant use
2025,ZP-2025-000759,False,False,low,No clear pattern matched
2025,ZP-2025-000574,True,False,high,Use: Permit for use
2025,ZP-2025-001251,False,False,low,No clear pattern matched
2025,ZP-2024-012537,True,False,high,Use: Permit for use
2025,ZP-2025-000329,True,False,high,Use: Change of use
2025,ZP-2025-000013,False,False,low,No clear pattern matched
2025,ZP-2024-012817,True,False,high,Use: Restaurant use
2025,ZP-2024-012070,True,False,high,Use: Commercial use
2025,ZP-2025-000644,False,False,low,No clear pattern matched
2025,ZP-2025-000607,True,False,high,Use: Multi-family use
2025,ZP-2024-012822,False,False,low,No clear pattern matched
2025,ZP-2025-000479,False,False,low,No clear pattern matched
2025,ZP-2024-012885,True,False,high,Use: Multi-family use
2025,ZP-2025-001015,True,False,high,Use: Permit for use
2025,ZP-2025-001304,True,False,high,Use: Multi-family use
2025,ZP-2024-009680,False,False,low,No clear pattern matched
2025,ZP-2024-011215,False,False,low,No clear pattern matched
2025,ZP-2025-000125,False,True,medium,Dimensional: Roof deck
2025,ZP-2025-000996,True,True,medium,Both: Multi-family use + Addition (height/size)
2025,ZP-2025-001702,False,False,low,No clear pattern matched
2025,ZP-2025-000662,True,False,high,Use: Change of use
2025,ZP-2024-000571,False,False,low,No clear pattern matched
2025,ZP-2025-000952,True,False,high,Use: Childcare use
2025,ZP-2025-000109,True,True,medium,Both: Change of use + Off-street parking
2025,ZP-2025-000299,False,False,low,No clear pattern matched
2025,ZP-2025-001381,False,False,low,No clear pattern matched
2025,ZP-2025-001268,True,True,medium,Both: Change of use + Addition (height/size)
2025,ZP-2024-008056,False,True,medium,Dimensional: Roof deck
2025,ZP-2025-000284,False,True,medium,Dimensional: Lot line (lot size)
2025,ZP-2025-000999,False,False,low,No clear pattern matched
2025,ZP-2024-008478,True,False,high,Use: Office use
2025,ZP-2025-000401,False,True,medium,Dimensional: Roof deck
2025,ZP-2025-000414,False,False,low,No clear pattern matched
2025,ZP-2025-000760,True,False,high,Use: Multi-family use
2025,ZP-2025-000761,False,False,low,No clear pattern matched
2025,ZP-2025-001002,False,False,low,No clear pattern matched
2025,ZP-2024-012114,True,True,medium,Both: Multi-family use + Roof deck
2025,ZP-2025-000470,False,True,medium,Dimensional: Roof deck
2025,ZP-2025-001590,True,False,high,Use: Restaurant use
2025,ZP-2025-000265,False,False,low,No clear pattern matched
2025,ZP-2025-000266,False,False,low,No clear pattern matched
2025,ZP-2025-001335,True,False,high,Use: Restaurant use
2025,ZP-2025-000626,False,False,low,No clear pattern matched
2025,ZP-2025-001275,False,False,low,No clear pattern matched
2025,ZP-2025-000707,True,False,high,Use: Permit for use
2025,ZP-2025-001562,True,False,high,Use: Restaurant/bar
2025,ZP-2025-000248,False,False,low,No clear pattern matched
2025,ZP-2025-000156,True,True,medium,Both: Multi-family use + Addition (height/size)
2025,ZP-2025-001075,True,False,high,Use: Office use
2025,ZP-2024-010328,False,False,low,No clear pattern matched
2025,ZP-2024-012540,True,False,high,Use: Office use
2025,ZP-2024-012806,False,False,low,No clear pattern matched
2025,ZP-2025-001228,False,False,low,No clear pattern matched
2025,ZP-2025-001760,True,False,high,Use: Multi-family use
2025,ZP-2025-001478,True,False,high,Use: Short-term rental
2025,ZP-2025-001452,False,False,low,No clear pattern matched
2025,HA-2025-000860,False,False,low,No clear pattern matched
2025,ZP-2025-000310,True,True,medium,Both: Multi-family use + Addition (height/size)
2025,ZP-2025-000182,True,True,medium,Both: Commercial use + Roof deck
2025,ZP-2025-000282,False,False,low,No clear pattern matched
2025,ZP-2025-000679,True,False,high,Use: Office use
2025,ZP-2025-000842,False,False,low,No clear pattern matched
2025,ZP-2025-000838,False,False,low,No clear pattern matched
2025,ZP-2024-012655,True,True,medium,Both: Multi-family use + Roof deck
2025,ZP-2024-012656,True,True,medium,Both: Multi-family use + Roof deck
2025,ZP-2025-001726,True,False,high,Use: Restaurant use
2025,ZP-2025-000951,False,False,low,No clear pattern matched
2025,ZP-2025-000128,False,False,low,No clear pattern matched
2025,ZP-2025-001460,True,False,high,Use: Multi-family use
2025,ZP-2025-001086,True,False,high,Use: Childcare use
2025,ZP-2024-008941,False,False,low,No clear pattern matched
2025,ZP-2025-001282,False,False,low,No clear pattern matched
2025,ZP-2024-010833,False,False,low,No clear pattern matched
2025,ZP-2025-000047,False,False,low,No clear pattern matched
2025,ZP-2024-011019,True,True,medium,Both: Multi-family use + Addition (height/size)
2025,ZP-2025-001339,True,False,high,Use: Commercial use
2025,ZP-2025-002065,True,False,high,Use: Restaurant use
2025,ZP-2025-000207,False,False,low,No clear pattern matched
2025,ZP-2025-001252,False,False,low,No clear pattern matched
2025,HA-2025-000967,False,False,low,No clear pattern matched
2025,ZP-2024-006971,False,False,low,No clear pattern matched
2025,ZP-2025-002194,True,False,high,Use: Permit for use
2025,ZP-2025-001380,True,False,high,Use: Multi-family use
2025,ZP-2025-000757,True,False,high,Use: Change of use
2025,ZP-2025-001094,True,False,high,Use: Multi-family use
2025,ZP-2025-001892,False,True,medium,Dimensional: Addition (height/size)
2025,ZP-2025-000790,True,False,high,Use: Office use
2025,ZP-2025-001688,True,False,high,Use: Restaurant use
2025,ZP-2024-010608,False,True,medium,Dimensional: Addition (height/size)
2025,ZP-2025-001222,False,True,medium,Dimensional: Roof deck
2025,ZP-2025-000627,False,False,low,No clear pattern matched
2025,ZP-2025-001498,True,False,high,Use: Restaurant use
2025,ZP-2025-000102,False,True,medium,Dimensional: Parking spaces
2025,ZP-2025-001405,False,True,medium,Dimensional: Parking spaces
2025,HA-2025-001026,False,False,low,No clear pattern matched
2025,ZP-2025-001774,False,False,low,No clear pattern matched
2025,ZP-2025-002185,False,True,medium,Dimensional: Addition (height/size)
2025,ZP-2025-001839,False,False,low,No clear pattern matched
2025,ZP-2025-001973,True,False,high,Use: Retail use
2025,ZP-2025-002234,True,False,high,Use: Restaurant/bar
2025,ZP-2025-001633,False,False,low,No clear pattern matched
2025,ZP-2025-002247,False,False,low,No clear pattern matched
2025,ZP-2024-012860,False,True,medium,Dimensional: Parking spaces
2025,ZP-2025-002126,False,False,low,No clear pattern matched
2025,ZP-2024-005484,True,True,medium,Both: School use + Parking spaces
2025,ZP-2025-002276,True,False,high,Use: Multi-family use
2025,ZP-2025-000929,False,False,low,No clear pattern matched
2025,ZP-2025-002310,False,False,low,No clear pattern matched
2025,ZP-2025-002184,False,False,low,No clear pattern matched
2025,ZP-2025-002601,True,False,high,Use: Permit for use
2025,ZP-2024-011656,False,True,medium,Dimensional: Lot line (lot size)
2025,ZP-2025-000923,True,True,medium,Both: Multi-family use + Roof deck
2025,ZP-2025-001535,False,False,low,No clear pattern matched
2025,ZP-2025-001294,True,True,medium,Both: Restaurant use + Addition (height/size)
2025,ZP-2025-001224,False,True,medium,Dimensional: Roof deck
2025,ZP-2025-000651,True,True,medium,Both: Multi-family use + Addition (height/size)
2025,ZP-2025-001548,False,False,low,No clear pattern matched
2025,ZP-2025-001939,True,False,high,Use: Restaurant use
2025,ZP-2024-011946,False,True,medium,Dimensional: Roof deck
2025,ZP-2025-002075,True,False,high,Use: Restaurant use
2025,ZP-2024-005483,False,True,medium,Dimensional: Rear yard setback
2025,ZP-2025-002539,False,True,medium,Dimensional: Parking spaces
2025,ZP-2025-002541,False,True,medium,Dimensional: Lot line (lot size)
2025,ZP-2025-002631,False,False,low,No clear pattern matched
2025,ZP-2025-001544,True,False,high,Use: Permit for use
2025,ZP-2024-007842,True,True,medium,Both: Multi-family use + Roof deck
2025,ZP-2025-002048,True,False,high,Use: Restaurant use
2025,ZP-2025-002595,False,False,low,No clear pattern matched
2025,ZP-2025-002093,False,False,low,No clear pattern matched
2025,ZP-2025-001642,True,False,high,Use: Multi-family use
2025,ZP-2025-001769,True,False,high,Use: Short-term rental
2025,ZP-2025-002678,True,False,high,Use: Multi-family use
2025,ZP-2024-008423,False,True,medium,Dimensional: Addition (height/size)
2025,ZP-2024-009249,False,False,low,No clear pattern matched
2025,ZP-2025-001199,False,True,medium,Dimensional: Parking spaces
2025,ZP-2025-000866,False,False,low,No clear pattern matched
2025,ZP-2025-000458,False,True,medium,Dimensional: Lot line (lot size)
2025,HA-2025-001231,False,False,low,No clear pattern matched
2025,ZP-2025-002224,True,True,medium,Both: Multi-family use + Roof deck
2025,ZP-2025-000792,False,False,low,No clear pattern matched
2025,ZP-2025-002014,False,False,low,No clear pattern matched
2025,ZP-2025-001398,False,False,low,No clear pattern matched
2025,ZP-2024-012736,True,True,medium,Both: Multi-family use + Roof deck
2025,HA-2025-001262,False,False,low,No clear pattern matched
2025,ZP-2025-002129,False,True,medium,Dimensional: Front yard setback
2025,ZP-2024-012411,False,True,medium,Dimensional: Parking spaces
2025,ZP-2025-002659,True,False,high,Use: Retail use
2025,ZP-2025-002895,True,False,high,Use: Restaurant use
2025,HA-2025-001310,False,False,low,No clear pattern matched
2025,ZP-2025-002549,True,False,high,Use: Short-term rental
2025,ZP-2025-002553,True,False,high,Use: Permit for use
2025,ZP-2025-001864,True,False,high,Use: Medical use
2025,ZP-2025-002404,True,False,high,Use: Medical use
2025,ZP-2025-001416,False,True,medium,Dimensional: Roof deck
2025,ZP-2025-002143,False,False,low,No clear pattern matched
2025,ZP-2024-012773,True,False,high,Use: Office use
2025,ZP-2025-003074,True,False,high,Use: Office use
2025,ZP-2025-002812,False,True,medium,Dimensional: Lot line (lot size)
2025,ZP-2024-008183,True,True,medium,Both: Multi-family use + Roof deck
2025,ZP-2024-012830,True,False,high,Use: Multi-family use
2025,ZP-2025-003081,True,False,high,Use: Restaurant use
2025,ZP-2025-002496,True,False,high,Use: Restaurant use
2025,ZP-2025-001183,False,False,low,No clear pattern matched
2025,ZP-2025-002015,True,False,high,Use: Office use
2025,ZP-2023-013525,True,True,medium,Both: Retail use + Addition (height/size)
2025,ZP-2025-001186,False,False,low,No clear pattern matched
2025,ZP-2025-002792,False,False,low,No clear pattern matched
2025,ZP-2025-000813,False,True,medium,Dimensional: Lot line (lot size)
2025,ZP-2025-003150,False,True,medium,Dimensional: Addition (height/size)
2025,ZP-2025-002445,False,False,low,No clear pattern matched
2025,ZP-2025-003253,True,False,high,Use: Multi-family use
2025,ZP-2025-001611,False,False,low,No clear pattern matched
2025,ZP-2025-002694,False,False,low,No clear pattern matched
2025,ZP-2024-005754,False,True,medium,Dimensional: Addition (height/size)
2025,ZP-2025-002038,False,False,low,No clear pattern matched
2025,ZP-2025-003494,True,False,high,Use: Multi-family use
2025,ZP-2025-002280,True,True,medium,Both: Change of use + Addition (height/size)
2025,ZP-2025-003369,True,False,high,Use: Multi-family use
2025,ZP-2025-002831,True,False,high,Use: Short-term rental
2025,ZP-2025-001506,True,False,high,Use: Multi-family use
2025,ZP-2025-001507,True,False,high,Use: Multi-family use
2025,ZP-2025-002609,False,False,low,No clear pattern matched
2025,ZP-2025-002443,True,True,medium,Both: Multi-family use + Addition (height/size)
2025,ZP-2025-001956,False,True,medium,Dimensional: Roof deck
2025,ZP-2025-002638,True,False,high,Use: Multi-family use
2025,ZP-2025-001652,False,False,low,No clear pattern matched
2025,ZP-2025-002641,True,False,high,Use: Childcare use
2025,ZP-2025-001615,True,True,medium,Both: Multi-family use + Roof deck
2025,ZP-2025-001639,False,False,low,No clear pattern matched
2025,ZP-2025-002859,True,False,high,Use: Retail use
2025,ZP-2025-000557,False,True,medium,Dimensional: Parking spaces
2025,HA-2025-001553,False,False,low,No clear pattern matched
2025,ZP-2025-003506,True,False,high,Use: Permit for use
2025,ZP-2025-002709,False,False,low,No clear pattern matched
2025,ZP-2025-002263,True,False,high,Use: Restaurant use
2025,ZP-2025-003637,True,False,high,Use: Multi-family use
2025,ZP-2025-003079,True,True,medium,Both: Change of use + Roof deck
2025,ZP-2025-001793,False,False,low,No clear pattern matched
2025,ZP-2025-001057,True,True,medium,Both: Multi-family use + Addition (height/size)
2025,ZP-2025-000139,True,True,medium,Both: Multi-family use + Parking spaces
2025,ZP-2024-012443,True,False,high,Use: Commercial use
2025,ZP-2025-002577,False,False,low,No clear pattern matched
2025,ZP-2025-002621,True,False,high,Use: Short-term rental
2025,ZP-2025-002622,True,False,high,Use: Short-term rental
2025,ZP-2025-003049,False,False,low,No clear pattern matched
2025,ZP-2025-002640,True,False,high,Use: Restaurant/bar
2025,ZP-2025-001635,True,True,medium,Both: Multi-family use + Parking spaces
2025,ZP-2025-001636,True,True,medium,Both: Multi-family use + Parking spaces
2025,ZP-2025-003544,False,False,low,No clear pattern matched
2025,ZP-2024-007561,False,True,medium,Dimensional: Addition (height/size)
2025,ZP-2025-002962,True,False,high,Use: Multi-family use
2025,ZP-2025-002055,False,True,medium,Dimensional: Parking spaces
2025,ZP-2025-002624,True,False,high,Use: Multi-family use
2025,ZP-2025-001632,False,False,low,No clear pattern matched
2025,ZP-2025-003648,False,False,low,No clear pattern matched
2025,ZP-2025-000436,False,True,medium,Dimensional: Addition (height/size)
2025,ZP-2025-002133,True,False,high,Use: Permit for use
2025,ZP-2025-002132,False,False,low,No clear pattern matched
2025,ZP-2025-003650,False,True,medium,Dimensional: Addition (height/size)
2025,ZP-2025-002447,False,False,low,No clear pattern matched
2025,ZP-2025-004000,False,False,low,No clear pattern matched
2025,ZP-2025-001928,False,True,medium,Dimensional: Lot line (lot size)
2025,ZP-2025-002393,True,False,high,Use: Short-term rental
2025,ZP-2025-003046,False,False,low,No clear pattern matched
2025,ZP-2025-002695,False,False,low,No clear pattern matched
2025,ZP-2025-004094,True,False,high,Use: Multi-family use
2025,ZP-2025-003827,False,True,medium,Dimensional: Addition (height/size)
2025,ZP-2025-002762,True,True,medium,Both: Multi-family use + Addition (height/size)
2025,ZP-2025-000616,False,False,low,No clear pattern matched
2025,ZP-2025-002202,False,True,medium,Dimensional: Roof deck
2025,HA-2025-001711,False,False,low,No clear pattern matched
2025,ZP-2025-004185,False,False,low,No clear pattern matched
2025,ZP-2025-002385,False,False,low,No clear pattern matched
2025,ZP-2025-003393,False,False,low,No clear pattern matched
2025,ZP-2025-003298,False,True,medium,Dimensional: Lot line (lot size)
2025,ZP-2025-002820,True,False,high,Use: Restaurant use
2025,ZP-2025-002151,True,False,high,Use: Multi-family use
2025,ZP-2025-001404,False,False,low,No clear pattern matched
2025,HA-2025-001763,True,False,high,Use: Permit for use
2025,HA-2025-001765,True,False,high,Use: Multi-family use
2025,ZP-2025-001473,False,False,low,No clear pattern matched
2025,ZP-2025-001467,False,False,low,No clear pattern matched
2025,ZP-2025-004097,False,False,low,No clear pattern matched
2025,ZP-2025-003857,False,True,medium,Dimensional: Addition (height/size)
2025,ZP-2025-002467,False,False,low,No clear pattern matched
2025,ZP-2025-001876,False,True,medium,Dimensional: Roof deck
2025,ZP-2025-001008,True,False,high,Use: Multi-family use
2025,ZP-2025-004244,False,True,medium,Dimensional: Parking spaces
2025,ZP-2025-002307,True,True,medium,Both: Multi-family use + Roof deck
2025,ZP-2025-004664,True,False,high,Use: Multi-family use
2025,ZP-2025-004272,True,False,high,Use: Childcare use
2025,ZP-2025-003640,False,False,low,No clear pattern matched
2025,ZP-2024-012829,False,True,medium,Dimensional: Addition (height/size)
2025,ZP-2025-004132,False,False,low,No clear pattern matched
2025,ZP-2025-000708,False,False,low,No clear pattern matched
2025,ZP-2025-002654,False,True,medium,Dimensional: Parking spaces
2025,ZP-2025-003378,True,False,high,Use: Restaurant use
2025,ZP-2025-004811,True,True,medium,Both: Change of use + Parking spaces
2025,ZP-2025-004803,True,False,high,Use: Multi-family use
2025,ZP-2025-004265,True,True,medium,Both: Change of use + Addition (height/size)
2025,ZP-2025-003422,True,False,high,Use: Medical use
2025,ZP-2025-003366,False,True,medium,Dimensional: Roof deck
2025,ZP-2025-003577,True,False,high,Use: Permit for use
2025,ZP-2025-004746,False,False,low,No clear pattern matched
2025,ZP-2025-004309,False,False,low,No clear pattern matched
2025,ZP-2025-003480,False,False,low,No clear pattern matched
2025,ZP-2025-000620,False,True,medium,Dimensional: Addition (height/size)
2025,ZP-2025-003933,False,True,medium,Dimensional: Roof deck
2025,ZP-2025-000814,True,True,medium,Both: Multi-family use + Roof deck
2025,ZP-2025-003030,False,False,low,No clear pattern matched
2025,ZP-2025-002204,True,True,medium,Both: Restaurant use + Addition (height/size)
2025,ZP-2025-002536,False,True,medium,Dimensional: Parking spaces
2025,ZP-2025-003152,True,False,high,Use: Restaurant use
2025,ZP-2025-003919,True,False,high,Use: Multi-family use
2025,ZP-2025-003973,True,False,high,Use: Multi-family use
2025,ZP-2025-004139,False,True,medium,Dimensional: Addition (height/size)
2025,ZP-2024-012873,False,False,low,No clear pattern matched
2025,ZP-2025-003651,False,False,low,No clear pattern matched
2025,HA-2025-002039,False,False,low,No clear pattern matched
2025,ZP-2025-004762,False,False,low,No clear pattern matched
2025,ZP-2025-002246,False,True,medium,Dimensional: Lot line (lot size)
2025,ZP-2025-003170,True,False,high,Use: Commercial use
2025,ZP-2025-002430,False,False,low,No clear pattern matched
2025,ZP-2025-003228,False,False,low,No clear pattern matched
2025,ZP-2025-005199,True,False,high,Use: Short-term rental
2025,ZP-2025-005200,True,False,high,Use: Short-term rental
2025,ZP-2025-003950,False,False,low,No clear pattern matched
2025,ZP-2025-002843,False,False,low,No clear pattern matched
2025,ZP-2025-002926,False,True,medium,Dimensional: Addition (height/size)
2025,ZP-2024-010394,False,True,medium,Dimensional: Parking spaces
2025,ZP-2025-004536,False,False,low,No clear pattern matched
2025,ZP-2025-002946,True,False,high,Use: Childcare use
2025,ZP-2025-001383,False,False,low,No clear pattern matched
2025,ZP-2025-003730,False,True,medium,Dimensional: Roof deck
2025,ZP-2025-003899,False,True,medium,Dimensional: Roof deck
2025,ZP-2025-003814,True,True,medium,Both: Multi-family use + Roof deck
2025,ZP-2025-004584,False,False,low,No clear pattern matched
2025,ZP-2025-004493,False,False,low,No clear pattern matched
2025,ZP-2025-000567,False,False,low,No clear pattern matched
2025,ZP-2025-005096,True,False,high,Use: Multi-family use
2025,ZP-2025-005297,True,False,high,Use: Multi-family use
2025,ZP-2025-003770,False,True,medium,Dimensional: Addition (height/size)
2025,HA-2025-002122,False,False,low,No clear pattern matched
2025,ZP-2025-004987,True,False,high,Use: Permit for use
2025,ZP-2025-004262,False,False,low,No clear pattern matched
2025,ZP-2025-004980,False,False,low,No clear pattern matched
2025,ZP-2025-004895,False,False,low,No clear pattern matched
2025,ZP-2025-004904,False,False,low,No clear pattern matched
2025,ZP-2025-003224,True,False,high,Use: Office use
2025,ZP-2025-004696,False,False,low,No clear pattern matched
2025,ZP-2025-005588,False,True,medium,Dimensional: Roof deck
2025,ZP-2025-004807,True,False,high,Use: Retail use
2025,ZP-2025-003486,False,False,low,No clear pattern matched
2025,ZP-2025-004477,True,False,high,Use: Restaurant use
2025,ZP-2025-003499,False,True,medium,Dimensional: Roof deck
2025,ZP-2024-010853,True,False,high,Use: Childcare use
2025,ZP-2025-004340,False,False,low,No clear pattern matched
2025,ZP-2025-003112,True,False,high,Use: Permit for use
2025,ZP-2025-003663,False,False,low,No clear pattern matched
2025,ZP-2025-003661,True,False,high,Use: Permit for use
2025,ZP-2025-004434,True,False,high,Use: Permit for use
2025,ZP-2025-004835,True,False,high,Use: Multi-family use
2025,HA-2025-002274,False,False,low,No clear pattern matched
2025,ZP-2025-005766,True,False,high,Use: Short-term rental
2025,ZP-2025-005642,False,False,low,No clear pattern matched
2025,ZP-2025-004838,True,False,high,Use: Multi-family use
2025,ZP-2025-005769,True,False,high,Use: Childcare use
2025,ZP-2025-004199,False,False,low,No clear pattern matched
2025,ZP-2025-005763,True,False,high,Use: Childcare use
2025,ZP-2025-004533,True,False,high,Use: Multi-family use
2025,ZP-2025-005876,False,False,low,No clear pattern matched
2025,ZP-2025-004207,False,False,low,No clear pattern matched
2025,ZP-2025-005288,False,False,low,No clear pattern matched
2025,ZP-2025-005506,True,False,high,Use: Multi-family use
2025,ZP-2025-004748,False,True,medium,Dimensional: Addition (height/size)
2025,ZP-2025-002827,True,False,high,Use: Change of use
2025,ZP-2025-005138,False,True,medium,Dimensional: Parking spaces
2025,ZP-2025-004954,True,False,high,Use: Change of use
2025,ZP-2025-003729,True,False,high,Use: Permit for use
2025,ZP-2025-005581,True,False,high,Use: Multi-family use
2025,ZP-2025-003227,False,False,low,No clear pattern matched
2025,ZP-2025-004900,False,False,low,No clear pattern matched
2025,ZP-2025-002703,False,True,medium,Dimensional: Roof deck
2025,ZP-2025-005537,False,False,low,No clear pattern matched
2025,HA-2025-002395,False,False,low,No clear pattern matched
2025,ZP-2025-003894,False,False,low,No clear pattern matched
2025,ZP-2024-009136,True,False,high,Use: Restaurant use
2025,ZP-2025-005957,True,False,high,Use: Permit for use
2025,ZP-2025-006004,True,False,high,Use: Short-term rental
2025,ZP-2025-004692,True,False,high,Use: Multi-family use
2025,ZP-2025-003986,False,False,low,No clear pattern matched
2025,ZP-2025-002821,False,False,low,No clear pattern matched
2025,ZP-2025-004957,False,True,medium,Dimensional: Roof deck
2025,ZP-2025-005936,False,False,low,No clear pattern matched
2025,ZP-2025-003641,False,False,low,No clear pattern matched
2025,ZP-2025-003064,False,False,low,No clear pattern matched
2025,ZP-2025-004953,False,False,low,No clear pattern matched
2025,ZP-2025-004495,True,False,high,Use: Permit for use
2025,ZP-2025-003068,True,False,high,Use: Short-term rental
2025,ZP-2025-004894,True,False,high,Use: Restaurant use
2025,ZP-2025-005530,True,False,high,Use: Restaurant use
2025,ZP-2025-005048,False,False,low,No clear pattern matched
2025,ZP-2024-010970,False,False,low,No clear pattern matched
2025,ZP-2025-003524,False,True,medium,Dimensional: Parking spaces
2025,ZP-2025-000171,False,True,medium,Dimensional: Roof deck
2025,ZP-2025-004499,False,False,low,No clear pattern matched
2025,ZP-2025-005410,False,False,low,No clear pattern matched
2025,ZP-2025-005031,False,True,medium,Dimensional: Parking spaces
2025,ZP-2025-004962,True,False,high,Use: Change of use
2025,HA-2025-002505,True,False,high,Use: Permit for use
2025,ZP-2025-005094,True,False,high,Use: Retail use
2025,ZP-2024-012488,False,True,medium,Dimensional: Addition (height/size)
2025,ZP-2025-002625,True,True,medium,Both: Multi-family use + Addition (height/size)
2025,ZP-2025-004635,False,True,medium,Dimensional: Addition (height/size)
2025,ZP-2025-004845,False,False,low,No clear pattern matched
2025,ZP-2025-005365,False,False,low,No clear pattern matched
2025,ZP-2025-001301,True,False,high,Use: Multi-family use
2025,ZP-2025-005067,False,False,low,No clear pattern matched
2025,ZP-2025-005235,False,False,low,No clear pattern matched
2025,ZP-2025-005827,False,True,medium,Dimensional: Front yard setback
2025,ZP-2025-003093,False,True,medium,Dimensional: Parking spaces
2025,ZP-2025-005869,True,False,high,Use: Restaurant use
2025,ZP-2025-004349,False,True,medium,Dimensional: Addition (height/size)
2025,ZP-2025-005811,False,False,low,No clear pattern matched
2025,ZP-2025-005562,True,False,high,Use: Retail use
2025,ZP-2025-006142,False,False,low,No clear pattern matched
2025,ZP-2025-005729,True,False,high,Use: Permit for use
2025,ZP-2025-006209,True,False,high,Use: Multi-family use
2025,ZP-2025-004124,False,False,low,No clear pattern matched
2025,ZP-2025-005502,False,False,low,No clear pattern matched
2025,ZP-2025-005374,True,False,high,Use: Childcare use
2025,HA-2025-002591,True,False,high,Use: Change of use
2025,ZP-2025-005770,True,False,high,Use: Permit for use
2025,ZP-2025-006336,False,False,low,No clear pattern matched
2025,ZP-2025-005721,False,True,medium,Dimensional: Addition (height/size)
2025,ZP-2025-005367,True,False,high,Use: Multi-family use
2025,ZP-2025-005549,True,False,high,Use: Permit for use
2025,ZP-2025-005299,False,False,low,No clear pattern matched
2025,ZP-2025-004217,False,True,medium,Dimensional: Roof deck
2025,ZP-2025-006185,False,True,medium,Dimensional: Roof deck
2025,ZP-2025-004040,False,True,medium,Dimensional: Parking spaces
2025,ZP-2025-005576,True,False,high,Use: Multi-family use
2025,ZP-2025-005042,True,True,medium,Both: Commercial use + Roof deck
2025,ZP-2025-005047,True,True,medium,Both: Commercial use + Roof deck
2025,ZP-2025-006545,True,False,high,Use: Change of use
2025,ZP-2025-005140,False,True,medium,Dimensional: Roof deck
2025,ZP-2025-005606,True,False,high,Use: Multi-family use
2025,ZP-2025-005798,True,False,high,Use: Permit for use
2025,ZP-2025-005159,True,True,medium,Both: Change of use + Addition (height/size)
2025,ZP-2025-004804,True,True,medium,Both: Multi-family use + Parking spaces
2025,HA-2025-002660,False,True,medium,Dimensional: Roof deck
2025,ZP-2025-004639,True,True,medium,Both: Multi-family use + Roof deck
2025,ZP-2025-003949,False,True,medium,Dimensional: Roof deck
2025,ZP-2025-005064,False,False,low,No clear pattern matched
2025,ZP-2025-003447,True,True,medium,Both: Commercial use + Parking spaces
2025,ZP-2025-005366,True,True,medium,Both: Multi-family use + Parking spaces
2025,ZP-2025-005361,False,True,medium,Dimensional: Parking spaces
2025,ZP-2025-006920,False,False,low,No clear pattern matched
2025,ZP-2025-003362,False,False,low,No clear pattern matched
2025,ZP-2025-006023,False,False,low,No clear pattern matched
2025,ZP-2025-004275,False,False,low,No clear pattern matched
2025,ZP-2025-005081,False,False,low,No clear pattern matched
2025,ZP-2025-005940,False,False,low,No clear pattern matched
2025,ZP-2025-005875,False,False,low,No clear pattern matched
2025,ZP-2025-001450,False,True,medium,Dimensional: Roof deck
2025,ZP-2025-004216,True,True,medium,Both: Multi-family use + Roof deck
2025,ZP-2025-005181,False,False,low,No clear pattern matched
2025,ZP-2025-005230,True,False,high,Use: Multi-family use
2025,ZP-2025-005134,True,True,medium,Both: Multi-family use + Roof deck
2025,ZP-2025-005607,False,True,medium,Dimensional: Roof deck
2025,ZP-2025-006688,False,False,low,No clear pattern matched
2025,ZP-2025-005364,False,True,medium,Dimensional: Parking spaces
2025,ZP-2025-004950,False,False,low,No clear pattern matched
2025,ZP-2025-005767,True,False,high,Use: Permit for use
2025,ZP-2025-004215,False,False,low,No clear pattern matched
2025,ZP-2024-010618,False,True,medium,Dimensional: Roof deck
2025,HA-2025-002794,False,False,low,No clear pattern matched
2025,ZP-2025-006190,False,False,low,No clear pattern matched
2025,ZP-2025-000360,False,True,medium,Dimensional: Parking spaces
2025,HA-2025-002818,False,True,medium,Dimensional: Parking spaces
2025,ZP-2025-003204,True,False,high,Use: Multi-family use
2025,ZP-2025-004618,False,True,medium,Dimensional: Addition (height/size)
2025,ZP-2025-004619,False,True,medium,Dimensional: Parking spaces
2025,ZP-2025-006450,True,False,high,Use: Restaurant use
2025,ZP-2025-006787,True,False,high,Use: Change of use
2025,ZP-2025-006155,True,False,high,Use: Short-term rental
2025,ZP-2025-006594,False,False,low,No clear pattern matched
2025,HA-2025-002847,False,False,low,No clear pattern matched
2025,HA-2025-002848,False,False,low,No clear pattern matched
2025,HA-2025-002849,False,False,low,No clear pattern matched
2025,ZP-2025-006030,False,False,low,No clear pattern matched
2025,ZP-2025-007187,True,True,medium,Both: Commercial use + Parking spaces
2025,ZP-2025-005702,False,False,low,No clear pattern matched
2025,ZP-2025-007420,True,False,high,Use: Short-term rental
2025,ZP-2025-006682,False,False,low,No clear pattern matched
2025,ZP-2025-005625,False,False,low,No clear pattern matched
2025,ZP-2025-005742,False,False,low,No clear pattern matched
2025,ZP-2025-006604,False,False,low,No clear pattern matched
2025,ZP-2025-006172,False,False,low,No clear pattern matched
2025,ZP-2025-006532,True,False,high,Use: Permit for use
2025,ZP-2024-007446,False,True,medium,Dimensional: Parking spaces
2025,ZP-2025-006833,False,False,low,No clear pattern matched
2025,ZP-2025-006174,False,False,low,No clear pattern matched
2025,ZP-2025-006391,False,False,low,No clear pattern matched
2025,ZP-2025-006793,False,False,low,No clear pattern matched
2025,ZP-2025-005795,True,False,high,Use: Multi-family use
2025,HA-2025-002955,False,True,medium,Dimensional: Addition (height/size)
2025,HA-2025-002960,False,True,medium,Dimensional: Roof deck
2025,ZP-2025-004282,True,False,high,Use: Change of use
2025,ZP-2025-005006,False,False,low,No clear pattern matched
2025,ZP-2025-007427,False,True,medium,Dimensional: Roof deck
2025,ZP-2025-006413,False,False,low,No clear pattern matched
2025,ZP-2025-006572,False,False,low,No clear pattern matched
2025,ZP-2025-007140,False,True,medium,Dimensional: Roof deck
2025,ZP-2025-005890,False,True,medium,Dimensional: Parking spaces
2025,ZP-2025-004532,False,False,low,No clear pattern matched
2025,ZP-2025-005584,True,False,high,Use: Multi-family use
2025,ZP-2025-007077,True,False,high,Use: Multi-family use
2025,ZP-2025-006547,False,False,low,No clear pattern matched
2025,ZP-2025-000224,False,True,medium,Dimensional: Roof deck
2025,ZP-2025-007086,True,False,high,Use: Permit for use
2025,ZP-2025-005830,False,False,low,No clear pattern matched
2025,ZP-2025-007221,True,False,high,Use: Permit for use
2025,ZP-2025-006237,False,True,medium,Dimensional: Roof deck
2025,ZP-2025-006583,False,False,low,No clear pattern matched
2025,ZP-2025-006874,True,False,high,Use: Multi-family use
2025,ZP-2025-007265,True,True,medium,Both: Multi-family use + Roof deck
2025,ZP-2025-007442,True,False,high,Use: Restaurant/bar
2025,ZP-2025-006303,False,False,low,No clear pattern matched
2025,ZP-2025-007796,True,False,high,Use: Short-term rental
2025,ZP-2025-004755,True,True,medium,Both: Multi-family use + Roof deck
2025,ZP-2025-004729,True,True,medium,Both: Multi-family use + Roof deck
2025,ZP-2025-006100,False,True,medium,Dimensional: Roof deck
2025,ZP-2025-006231,False,False,low,No clear pattern matched
2025,ZP-2025-007643,False,True,medium,Dimensional: Parking spaces
2025,ZP-2025-007019,True,False,high,Use: Multi-family use
2025,ZP-2025-005531,False,True,medium,Dimensional: Lot line (lot size)
2025,HA-2025-003170,False,False,low,No clear pattern matched
2025,ZP-2025-007408,False,False,low,No clear pattern matched
2025,HA-2025-003175,False,False,low,No clear pattern matched
2025,ZP-2025-007729,False,False,low,No clear pattern matched
2025,ZP-2025-006808,True,False,high,Use: Office use
2025,ZP-2025-006699,True,False,high,Use: Retail use
2025,ZP-2025-007552,False,False,low,No clear pattern matched
2025,ZP-2025-007498,False,False,low,No clear pattern matched
2025,ZP-2025-006036,False,True,medium,Dimensional: Parking spaces
2025,ZP-2025-004917,True,False,high,Use: Multi-family use
2025,ZP-2025-006171,False,True,medium,Dimensional: Roof deck
2025,ZP-2025-006938,False,True,medium,Dimensional: Addition (height/size)
2025,ZP-2025-006274,False,True,medium,Dimensional: Roof deck
2025,ZP-2025-004281,False,False,low,No clear pattern matched
2025,ZP-2025-006238,True,False,high,Use: Multi-family use
2025,ZP-2025-003969,False,False,low,No clear pattern matched
2025,ZP-2025-006767,True,True,medium,Both: Change of use + Parking spaces
2025,ZP-2025-008005,False,False,low,No clear pattern matched
2025,ZP-2025-006557,True,False,high,Use: Permit for use
2025,ZP-2025-006152,True,False,high,Use: Restaurant use
2025,ZP-2025-006693,True,False,high,Use: Restaurant use
2025,ZP-2025-007602,False,False,low,No clear pattern matched
2025,ZP-2025-006947,True,False,high,Use: Medical use
2025,ZP-2025-006762,True,True,medium,Both: Multi-family use + Story height
2025,ZP-2025-001444,False,True,medium,Dimensional: Parking spaces
2025,ZP-2025-007785,True,False,high,Use: Multi-family use
2025,ZP-2025-006556,False,False,low,No clear pattern matched
2025,ZP-2025-008013,True,False,high,Use: Childcare use
2025,ZP-2025-008515,False,False,low,No clear pattern matched
2025,ZP-2025-007534,False,False,low,No clear pattern matched
2025,ZP-2025-007044,True,True,medium,Both: Change of use + Addition (height/size)
2025,ZP-2025-007551,False,False,low,No clear pattern matched
2025,ZP-2025-006440,True,False,high,Use: Multi-family use
2025,ZP-2025-006485,False,False,low,No clear pattern matched
2025,ZP-2025-007759,False,False,low,No clear pattern matched
2025,ZP-2025-007209,False,False,low,No clear pattern matched
2025,ZP-2025-004184,True,True,medium,Both: Multi-family use + Roof deck
2025,ZP-2025-006941,False,False,low,No clear pattern matched
2025,ZP-2025-007677,False,True,medium,Dimensional: Roof deck
2025,ZP-2025-006736,True,False,high,Use: Restaurant use
2025,ZP-2025-007348,False,False,low,No clear pattern matched
2025,ZP-2024-007007,False,False,low,No clear pattern matched
2025,ZP-2025-006554,True,True,medium,Both: Multi-family use + Roof deck
2025,ZP-2025-007981,False,False,low,No clear pattern matched
2025,ZP-2025-002642,True,False,high,Use: Restaurant use
2025,HA-2025-003386,False,True,medium,Dimensional: Lot line (lot size)
2025,ZP-2025-007760,True,False,high,Use: Multi-family use
2025,ZP-2025-008060,False,False,low,No clear pattern matched
2025,ZP-2025-007680,False,False,low,No clear pattern matched
2025,ZP-2025-006576,False,True,medium,Dimensional: Side yard setback
2025,HA-2025-003431,False,False,low,No clear pattern matched
2025,HA-2025-003435,False,False,low,No clear pattern matched
2025,ZP-2025-007013,False,False,low,No clear pattern matched
2025,ZP-2025-008287,True,False,high,Use: Short-term rental
2025,ZP-2025-007001,True,False,high,Use: Multi-family use
2025,ZP-2025-004490,True,False,high,Use: Retail use
2025,ZP-2025-008692,False,False,low,No clear pattern matched
2025,ZP-2025-006845,False,False,low,No clear pattern matched
2025,ZP-2025-007856,True,False,high,Use: Restaurant/bar
2025,ZP-2025-007113,True,False,high,Use: Multi-family use
2025,ZP-2025-005995,False,True,medium,Dimensional: Roof deck
2025,ZP-2025-005152,False,True,medium,Dimensional: Parking spaces
2025,ZP-2025-007255,False,False,low,No clear pattern matched
2025,ZP-2025-008514,False,False,low,No clear pattern matched
2025,ZP-2025-007202,True,False,high,Use: Permit for use
2025,ZP-2025-005432,False,True,medium,Dimensional: Roof deck
2025,ZP-2025-008873,False,False,low,No clear pattern matched
2025,ZP-2025-008643,False,False,low,No clear pattern matched
2025,ZP-2025-006959,False,False,low,No clear pattern matched
2025,ZP-2025-007780,True,True,medium,Both: Multi-family use + Roof deck
2025,ZP-2025-007933,False,False,low,No clear pattern matched
2025,ZP-2025-007963,True,False,high,Use: Multi-family use
2025,ZP-2025-007980,False,False,low,No clear pattern matched
2025,ZP-2025-006626,False,True,medium,Dimensional: Roof deck
2025,ZP-2025-008038,False,False,low,No clear pattern matched
2025,ZP-2025-006611,False,False,low,No clear pattern matched
2025,ZP-2025-008963,True,False,high,Use: Restaurant use
2025,ZP-2025-007124,False,True,medium,Dimensional: Roof deck
2025,ZP-2025-008440,False,False,low,No clear pattern matched
2025,ZP-2025-008769,False,False,low,No clear pattern matched
2025,ZP-2025-008879,False,False,low,No clear pattern matched
2025,HA-2025-003652,False,False,low,No clear pattern matched
2025,ZP-2025-003256,False,False,low,No clear pattern matched
2025,ZP-2025-008196,False,False,low,No clear pattern matched
2025,ZP-2025-006943,False,False,low,No clear pattern matched
2025,ZP-2025-005329,False,True,medium,Dimensional: Parking spaces
2025,ZP-2025-005330,False,True,medium,Dimensional: Parking spaces
2025,ZP-2025-007119,False,True,medium,Dimensional: Roof deck
2025,ZP-2025-008051,True,False,high,Use: Change of use
2025,ZP-2025-003940,False,False,low,No clear pattern matched
2025,ZP-2025-007375,False,False,low,No clear pattern matched
2025,ZP-2025-009075,False,False,low,No clear pattern matched
2025,ZP-2025-007663,True,True,medium,Both: Change of use + Rear yard setback
2025,ZP-2025-008885,True,False,high,Use: Permit for use
2025,HA-2025-003738,False,False,low,No clear pattern matched
2025,ZP-2025-009178,True,False,high,Use: Multi-family use
2025,ZP-2025-009044,True,False,high,Use: Multi-family use
2025,ZP-2025-007546,True,False,high,Use: Office use
2025,ZP-2025-007206,False,False,low,No clear pattern matched
2025,ZP-2025-007446,False,False,low,No clear pattern matched
2025,ZP-2025-008365,True,True,medium,Both: Multi-family use + Roof deck
2025,ZP-2024-004395,False,True,medium,Dimensional: Parking spaces
2025,ZP-2025-006639,True,False,high,Use: Restaurant use
2025,ZP-2025-007918,True,False,high,Use: Multi-family use
2025,ZP-2025-008070,False,True,medium,Dimensional: Lot line (lot size)
2025,ZP-2025-008944,True,False,high,Use: Office use
2025,ZP-2025-002931,False,True,medium,Dimensional: Parking spaces
2025,ZP-2025-007878,True,False,high,Use: Permit for use
2025,ZP-2025-007608,True,True,medium,Both: Multi-family use + Roof deck
2025,ZP-2025-006002,False,True,medium,Dimensional: Parking spaces
2025,ZP-2025-006526,False,False,low,No clear pattern matched
2025,ZP-2025-005306,True,True,medium,Both: Multi-family use + Roof deck
2025,ZP-2025-008859,True,False,high,Use: Short-term rental
2025,ZP-2025-006836,False,True,medium,Dimensional: Roof deck
2025,ZP-2025-009037,True,False,high,Use: Multi-family use
2025,ZP-2025-009312,False,False,low,No clear pattern matched
2025,ZP-2025-009201,False,False,low,No clear pattern matched
2025,ZP-2025-008897,False,False,low,No clear pattern matched
2025,ZP-2025-009317,False,False,low,No clear pattern matched
2025,ZP-2025-008696,True,False,high,Use: Multi-family use
2025,ZP-2025-009193,False,False,low,No clear pattern matched
2025,HA-2025-003865,False,False,low,No clear pattern matched
2025,ZP-2025-008689,False,False,low,No clear pattern matched
2025,ZP-2025-008559,False,True,medium,Dimensional: Addition (height/size)
2025,ZP-2025-003280,False,True,medium,Dimensional: Lot line (lot size)
2025,ZP-2025-007851,False,True,medium,Dimensional: Front yard setback
2025,ZP-2025-008863,True,False,high,Use: Multi-family use
2025,ZP-2025-009228,False,False,low,No clear pattern matched
2025,ZP-2025-009139,False,False,low,No clear pattern matched
2025,ZP-2025-008801,False,False,low,No clear pattern matched
2025,ZP-2025-008566,False,False,low,No clear pattern matched
2025,ZP-2025-008031,False,False,low,No clear pattern matched
2025,ZP-2025-008103,False,True,medium,Dimensional: Roof deck
2025,ZP-2025-009259,False,False,low,No clear pattern matched
2025,ZP-2025-007658,False,False,low,No clear pattern matched
2025,ZP-2025-004270,False,True,medium,Dimensional: Parking spaces
2025,ZP-2025-009069,True,False,high,Use: Multi-family use
2025,ZP-2025-009022,False,True,medium,Dimensional: Roof deck
2025,ZP-2025-009652,False,False,low,No clear pattern matched
2025,ZP-2025-007430,False,True,medium,Dimensional: Front yard setback
2025,ZP-2025-008931,True,False,high,Use: Office use
2025,ZP-2025-009559,False,False,low,No clear pattern matched
2025,ZP-2025-007962,False,True,medium,Dimensional: Lot line (lot size)
2025,ZP-2025-007193,False,False,low,No clear pattern matched
2025,ZP-2025-008441,False,False,low,No clear pattern matched
2025,ZP-2025-008363,True,False,high,Use: Restaurant/bar
2025,ZP-2025-003872,False,True,medium,Dimensional: Parking spaces
2025,ZP-2025-008928,False,False,low,No clear pattern matched
2025,ZP-2025-008606,True,False,high,Use: Permit for use
2025,ZP-2025-008738,False,False,low,No clear pattern matched
2025,ZP-2025-006042,True,False,high,Use: Commercial use
2025,ZP-2025-009272,False,False,low,No clear pattern matched
2025,ZP-2025-005075,False,True,medium,Dimensional: Story height
2025,ZP-2025-009276,False,False,low,No clear pattern matched
2025,ZP-2025-009530,True,False,high,Use: Multi-family use
2025,ZP-2025-009918,False,False,low,No clear pattern matched
2025,ZP-2025-009997,False,False,low,No clear pattern matched
2025,ZP-2025-009210,True,False,high,Use: Permit for use
2025,ZP-2025-008135,False,True,medium,Dimensional: Addition (height/size)
2025,ZP-2025-007449,False,True,medium,Dimensional: Roof deck
2025,ZP-2025-009450,False,False,low,No clear pattern matched
2025,ZP-2025-009452,True,False,high,Use: Permit for use
2025,ZP-2025-009578,False,False,low,No clear pattern matched
2025,ZP-2025-008977,False,True,medium,Dimensional: Roof deck
2025,ZP-2025-009644,False,False,low,No clear pattern matched
2025,ZP-2025-009041,False,True,medium,Dimensional: Addition (height/size)
2025,ZP-2025-007174,True,False,high,Use: Multi-family use
2025,ZP-2025-009322,False,False,low,No clear pattern matched
2025,HA-2025-004127,True,True,medium,Both: Multi-family use + Addition (height/size)
2025,HA-2025-004128,False,False,low,No clear pattern matched
2025,ZP-2025-008820,True,False,high,Use: Restaurant use
2025,ZP-2025-009872,False,False,low,No clear pattern matched
2025,ZP-2025-009143,True,False,high,Use: Short-term rental
2025,ZP-2025-009552,True,False,high,Use: Business use
2025,ZP-2025-010149,False,False,low,No clear pattern matched
2025,ZP-2025-009373,False,True,medium,Dimensional: Roof deck
2025,ZP-2025-006772,True,False,high,Use: Multi-family use
2025,ZP-2025-010018,True,False,high,Use: Retail use
2025,ZP-2025-008936,False,True,medium,Dimensional: Addition (height/size)
2025,ZP-2025-007135,False,True,medium,Dimensional: Addition (height/size)
2025,ZP-2025-008715,False,True,medium,Dimensional: Parking spaces
2025,ZP-2025-010015,True,False,high,Use: Multi-family use
2025,ZP-2025-009271,True,True,medium,Both: Change of use + Parking spaces
2025,ZP-2025-008882,False,False,low,No clear pattern matched
2025,ZP-2025-007022,False,True,medium,Dimensional: Addition (height/size)
2025,ZP-2025-005998,False,True,medium,Dimensional: Roof deck
2025,ZP-2025-009043,False,False,low,No clear pattern matched
2025,ZP-2025-009676,True,True,medium,Both: Change of use + Addition (height/size)
2025,ZP-2025-006144,False,True,medium,Dimensional: Lot line (lot size)
2025,ZP-2025-009920,False,False,low,No clear pattern matched
2025,ZP-2025-010207,False,False,low,No clear pattern matched
2025,ZP-2025-009099,False,True,medium,Dimensional: Roof deck
2025,ZP-2025-009331,False,False,low,No clear pattern matched
2025,ZP-2025-009214,False,False,low,No clear pattern matched
2025,ZP-2025-009647,False,False,low,No clear pattern matched
2025,ZP-2025-008575,False,True,medium,Dimensional: Parking spaces
2025,ZP-2025-010021,False,False,low,No clear pattern matched
2025,ZP-2025-010128,True,False,high,Use: Multi-family use
2025,ZP-2025-010077,False,False,low,No clear pattern matched
2025,ZP-2025-008293,True,True,medium,Both: Multi-family use + Roof deck
2025,ZP-2025-008869,False,True,medium,Dimensional: Addition (height/size)
2025,HA-2025-004374,False,False,low,No clear pattern matched
2025,HA-2025-004377,False,False,low,No clear pattern matched
2025,ZP-2025-008475,True,False,high,Use: Office use
2025,ZP-2025-005142,False,False,low,No clear pattern matched
2025,ZP-2025-010333,True,False,high,Use: Restaurant use
2025,ZP-2025-009348,True,False,high,Use: Office use
2025,ZP-2025-009328,True,False,high,Use: Multi-family use
2025,ZP-2025-010633,False,False,low,No clear pattern matched
2025,ZP-2025-010449,False,True,medium,Dimensional: Roof deck
2025,ZP-2025-010590,True,False,high,Use: Childcare use
2025,ZP-2025-009221,True,False,high,Use: Childcare use
2025,ZP-2025-010504,True,False,high,Use: Permit for use
2025,ZP-2025-010674,True,False,high,Use: Restaurant/bar
2025,ZP-2025-008054,False,False,low,No clear pattern matched
2025,ZP-2025-008776,False,False,low,No clear pattern matched
2025,ZP-2025-010089,False,False,low,No clear pattern matched
2025,ZP-2025-010849,True,False,high,Use: Short-term rental
2025,ZP-2025-010158,False,True,medium,Dimensional: Roof deck
2025,ZP-2025-008014,False,False,low,No clear pattern matched
2025,ZP-2025-004062,False,False,low,No clear pattern matched
2025,ZP-2025-009496,False,False,low,No clear pattern matched
2025,ZP-2025-006454,False,True,medium,Dimensional: Parking spaces
2025,ZP-2025-009025,False,False,low,No clear pattern matched
2025,ZP-2025-009831,False,False,low,No clear pattern matched
2025,ZP-2025-010606,False,False,low,No clear pattern matched
2025,ZP-2025-010722,False,True,medium,Dimensional: Parking spaces
2025,ZP-2025-008342,False,False,low,No clear pattern matched
2025,ZP-2025-010288,True,False,high,Use: Multi-family use
2025,ZP-2025-008872,False,True,medium,Dimensional: Parking spaces
2025,ZP-2025-009031,True,False,high,Use: Multi-family use
2025,ZP-2025-009588,True,False,high,Use: Restaurant/bar
2025,ZP-2025-010645,False,False,low,No clear pattern matched
2025,ZP-2025-011121,True,False,high,Use: Short-term rental
2025,ZP-2025-010314,True,False,high,Use: Childcare use
2025,ZP-2025-009587,False,False,low,No clear pattern matched
2025,ZP-2025-009776,False,False,low,No clear pattern matched
2025,ZP-2025-009236,False,False,low,No clear pattern matched
2025,HA-2025-004521,False,False,low,No clear pattern matched
2025,ZP-2025-008732,False,False,low,No clear pattern matched
2025,ZP-2025-005445,False,False,low,No clear pattern matched
2025,ZP-2025-010014,True,False,high,Use: Permit for use
2025,ZP-2025-009504,False,False,low,No clear pattern matched
2025,ZP-2025-007379,False,False,low,No clear pattern matched
2025,ZP-2025-003990,False,True,medium,Dimensional: Roof deck
2025,ZP-2025-010466,False,False,low,No clear pattern matched
2025,ZP-2025-010425,True,False,high,Use: Permit for use
2025,ZP-2025-009911,False,False,low,No clear pattern matched
2025,ZP-2025-011082,False,False,low,No clear pattern matched
2025,ZP-2025-009641,False,False,low,No clear pattern matched
2025,ZP-2025-009049,False,False,low,No clear pattern matched
2025,ZP-2025-009868,False,False,low,No clear pattern matched
2025,ZP-2025-011434,True,False,high,Use: Change of use
2025,ZP-2025-005498,False,True,medium,Dimensional: Parking spaces
2025,ZP-2025-010407,True,False,high,Use: Permit for use
2025,ZP-2025-010392,False,True,medium,Dimensional: Parking spaces
2025,ZP-2025-009473,False,False,low,No clear pattern matched
2025,ZP-2025-009545,False,True,medium,Dimensional: Parking spaces
2025,ZP-2025-011119,False,False,low,No clear pattern matched
2025,ZP-2025-009867,False,True,medium,Dimensional: Parking spaces
2025,ZP-2025-009167,False,False,low,No clear pattern matched
2025,ZP-2025-010348,False,False,low,No clear pattern matched
2025,ZP-2025-011126,False,False,low,No clear pattern matched
2025,ZP-2025-010539,False,False,low,No clear pattern matched
2025,ZP-2025-009836,True,False,high,Use: Retail use
2025,ZP-2025-003503,False,True,medium,Dimensional: Lot line (lot size)
2025,ZP-2025-010409,False,False,low,No clear pattern matched
2025,ZP-2025-010054,True,False,high,Use: Permit for use
2025,ZP-2025-011440,True,False,high,Use: Multi-family use
2025,ZP-2025-010875,True,False,high,Use: Retail use
2025,ZP-2025-010429,True,False,high,Use: Multi-family use
2025,ZP-2025-011207,True,False,high,Use: Permit for use
2025,ZP-2025-010341,True,False,high,Use: Retail use
2025,ZP-2025-010782,True,False,high,Use: Retail use
2025,ZP-2025-010053,False,False,low,No clear pattern matched
2025,ZP-2025-010815,True,False,high,Use: Permit for use
2025,ZP-2025-007045,False,False,low,No clear pattern matched
2025,ZP-2025-010876,False,False,low,No clear pattern matched
2025,ZP-2025-011379,False,False,low,No clear pattern matched
2025,ZP-2025-010810,False,False,low,No clear pattern matched
2025,ZP-2025-011431,False,False,low,No clear pattern matched
2025,ZP-2025-006404,False,True,medium,Dimensional: Parking spaces
2025,ZP-2025-011426,False,True,medium,Dimensional: Addition (height/size)
2025,ZP-2025-011153,True,False,high,Use: Multi-family use
2025,ZP-2025-011623,True,False,high,Use: Change of use
2025,ZP-2025-011682,True,False,high,Use: Permit for use
2025,ZP-2025-010779,False,True,medium,Dimensional: Roof deck
2025,ZP-2025-002893,False,False,low,No clear pattern matched
2025,ZP-2025-011725,True,False,high,Use: Short-term rental
2025,ZP-2025-009683,False,False,low,No clear pattern matched
2025,ZP-2025-011936,True,False,high,Use: Permit for use
2025,ZP-2025-010603,True,False,high,Use: Restaurant use
2025,ZP-2025-010745,True,True,medium,Both: Office use + Addition (height/size)
2025,ZP-2025-007378,True,True,medium,Both: Multi-family use + Parking spaces
2025,ZP-2025-008650,False,False,low,No clear pattern matched
2025,ZP-2025-009400,True,False,high,Use: Retail use
2025,ZP-2025-006232,False,True,medium,Dimensional: Addition (height/size)
2025,ZP-2025-011888,True,False,high,Use: Commercial use
2025,ZP-2025-010487,False,False,low,No clear pattern matched
2025,ZP-2025-011931,False,False,low,No clear pattern matched
2025,ZP-2025-008107,False,True,medium,Dimensional: Roof deck
2025,ZP-2025-008110,False,True,medium,Dimensional: Roof deck
2025,ZP-2025-008111,False,True,medium,Dimensional: Roof deck
2025,ZP-2025-010244,False,True,medium,Dimensional: Roof deck
2025,ZP-2025-005465,False,True,medium,Dimensional: Parking spaces
2025,ZP-2025-010020,False,True,medium,Dimensional: Parking spaces
2025,ZP-2025-011677,False,False,low,No clear pattern matched
2025,ZP-2025-011468,False,False,low,No clear pattern matched
2025,ZP-2025-011020,True,False,high,Use: Short-term rental
2025,ZP-2025-010892,False,True,medium,Dimensional: Addition (height/size)
2025,ZP-2025-003029,False,False,low,No clear pattern matched
2025,ZP-2025-010862,True,True,medium,Both: Restaurant use + Addition (height/size)
2025,ZP-2025-007949,False,True,medium,Dimensional: Addition (height/size)
2025,ZP-2025-010019,False,False,low,No clear pattern matched
2025,ZP-2025-010675,False,False,low,No clear pattern matched
2025,ZP-2025-011171,True,False,high,Use: Multi-family use
2025,ZP-2025-010665,False,False,low,No clear pattern matched
2025,ZP-2025-011249,True,False,high,Use: Permit for use
2025,ZP-2025-011768,False,False,low,No clear pattern matched
2025,ZP-2025-011769,False,False,low,No clear pattern matched
2025,ZP-2025-009287,True,True,medium,Both: Multi-family use + Parking spaces
2025,ZP-2025-011510,False,False,low,No clear pattern matched
2025,ZP-2025-011767,False,False,low,No clear pattern matched
2025,ZP-2025-012397,True,False,high,Use: Short-term rental
2025,ZP-2025-012578,False,False,low,No clear pattern matched
2025,ZP-2025-012530,True,False,high,Use: Retail use
2025,ZP-2025-011754,False,False,low,No clear pattern matched
2025,ZP-2025-011596,True,True,medium,Both: Change of use + Roof deck
2025,ZP-2025-011749,False,False,low,No clear pattern matched
2025,ZP-2025-011503,True,False,high,Use: Permit for use
2025,ZP-2025-009837,False,False,low,No clear pattern matched
2025,ZP-2025-011058,True,False,high,Use: Restaurant use
2025,ZP-2025-011124,False,True,medium,Dimensional: Rear yard setback
2025,ZP-2025-009716,True,True,medium,Both: Multi-family use + Roof deck
2025,ZP-2025-011442,True,False,high,Use: Retail use
2026,ZP-2025-010715,True,False,high,Use: Multi-family use
2026,ZP-2025-012553,True,False,high,Use: Permit for use
2026,ZP-2025-012051,True,True,medium,Both: Multi-family use + Front yard setback
2026,ZP-2025-008914,True,False,high,Use: Permit for use
2026,ZP-2025-009626,False,True,medium,Dimensional: Lot line (lot size)
2026,ZP-2025-009618,False,False,low,No clear pattern matched
2026,ZP-2025-010843,False,False,low,No clear pattern matched
2026,ZP-2025-011606,True,False,high,Use: Permit for use
2026,ZP-2025-011844,True,False,high,Use: Multi-family use
2026,ZP-2025-012662,True,False,high,Use: Multi-family use
2026,ZP-2025-012663,False,False,low,No clear pattern matched
2026,ZP-2025-011940,True,False,high,Use: Short-term rental
2026,ZP-2025-012542,False,False,low,No clear pattern matched
2026,ZP-2025-011502,False,False,low,No clear pattern matched
2026,ZP-2025-012673,True,False,high,Use: Medical use
2026,ZP-2025-008480,False,True,medium,Dimensional: Parking spaces
2026,ZP-2025-012719,True,False,high,Use: Multi-family use
2026,ZP-2025-012107,False,False,low,No clear pattern matched
2026,ZP-2025-012394,False,False,low,No clear pattern matched
2026,ZP-2025-012689,True,False,high,Use: Business use
2026,ZP-2025-011993,False,False,low,No clear pattern matched
2026,ZP-2025-012244,False,False,unknown,No text available
2026,ZP-2025-011858,False,False,low,No clear pattern matched
2026,ZP-2025-012105,False,False,low,No clear pattern matched
2026,ZP-2024-009235,True,False,high,Use: Multi-family use
2026,ZP-2025-004218,True,True,medium,Both: Multi-family use + Roof deck
2026,ZP-2025-007037,False,True,medium,Dimensional: Lot line (lot size)
2026,HA-2026-000119,False,False,low,No clear pattern matched
